Anio,Nomestado,Nomddr,Nomcader,Nommunicipio,Nomcicloproductivo,Nommodalidad,Nomcultivo,Sembrada,Cosechada,Siniestrada,Volumenproduccion,Rendimiento,Preciomediorural,Valorproduccion
2013,Baja California,Ensenada,Ensenada,Ensenada,Primavera-Verano,Riego,Papa,26.0,26.0,0.0,470.08,18.08,4425.53,2080353.14
2013,Baja California Sur,Comondú,Comondú,Comondú,Otoño-Invierno,Riego,Papa,1200.0,1016.0,184.0,25806.4,25.4,4217.57,108840298.45
2013,Baja California Sur,Comondú,Comondú,Comondú,Primavera-Verano,Riego,Papa,1060.0,1060.0,0.0,37100.0,35.0,5839.62,216649902.0
2013,Coahuila,Frontera,Ocampo,Ocampo,Primavera-Verano,Riego,Papa,235.0,235.0,0.0,9400.0,40.0,5250.0,49350000.0
2013,Coahuila,Saltillo,Arteaga,Arteaga,Primavera-Verano,Riego,Papa,122.0,122.0,0.0,4607.94,37.77,6662.2,30699017.87
2013,Coahuila,Saltillo,Parras de La Fuente,Parras,Primavera-Verano,Riego,Papa,150.0,150.0,0.0,5133.0,34.22,6538.85,33563917.05
2013,Coahuila,Saltillo,Agua Nueva,Saltillo,Primavera-Verano,Riego,Papa,120.0,120.0,0.0,4200.6,35.01,6774.45,28456754.67
2013,Chiapas,San Cristóbal de las Casas,San Cristóbal de Las Casas,Chamula,Primavera-Verano,Temporal,Papa,380.0,380.0,0.0,6650.0,17.5,7780.0,51737000.0
2013,Chiapas,San Cristóbal de las Casas,San Cristóbal de Las Casas,Larráinzar,Primavera-Verano,Temporal,Papa,310.0,310.0,0.0,5425.0,17.5,7780.0,42206500.0
2013,Chiapas,San Cristóbal de las Casas,San Cristóbal de Las Casas,San Cristóbal de Las Casas,Otoño-Invierno,Riego,Papa,202.0,202.0,0.0,4444.0,22.0,10675.0,47439700.0
2013,Chiapas,San Cristóbal de las Casas,San Cristóbal de Las Casas,San Cristóbal de Las Casas,Primavera-Verano,Temporal,Papa,305.0,305.0,0.0,5490.0,18.0,8200.0,45018000.0
2013,Chiapas,San Cristóbal de las Casas,San Cristóbal de Las Casas,Teopisca,Primavera-Verano,Temporal,Papa,15.0,15.0,0.0,255.0,17.0,7650.0,1950750.0
2013,Chiapas,San Cristóbal de las Casas,San Cristóbal de Las Casas,Zinacantán,Primavera-Verano,Temporal,Papa,30.0,30.0,0.0,525.0,17.5,7650.0,4016250.0
2013,Chiapas,San Cristóbal de las Casas,Chenalhó,Chenalhó,Otoño-Invierno,Riego,Papa,33.0,33.0,0.0,660.0,20.0,9475.0,6253500.0
2013,Chiapas,San Cristóbal de las Casas,Chenalhó,Chenalhó,Primavera-Verano,Temporal,Papa,41.0,41.0,0.0,697.0,17.0,7490.0,5220530.0
2013,Chiapas,Motozintla,Amatenango/Motozintla,Motozintla,Primavera-Verano,Temporal,Papa,102.0,102.0,0.0,838.44,8.22,4765.0,3995166.6
2013,Chiapas,Motozintla,Porvenir,Bejucal de Ocampo,Primavera-Verano,Temporal,Papa,145.0,145.0,0.0,1186.1,8.18,4758.0,5643463.8
2013,Chiapas,Motozintla,Porvenir,La Grandeza,Primavera-Verano,Temporal,Papa,35.0,35.0,0.0,288.4,8.24,4776.0,1377398.4
2013,Chiapas,Motozintla,Porvenir,El Porvenir,Primavera-Verano,Temporal,Papa,229.0,229.0,0.0,1914.59,8.36,4867.6,9319467.06
2013,Chiapas,Motozintla,Porvenir,Siltepec,Primavera-Verano,Temporal,Papa,108.0,108.0,0.0,886.68,8.21,4760.0,4220596.8
2013,Chihuahua,Casas Grandes,Nuevo Casas Grandes,Nuevo Casas Grandes,Primavera-Verano,Riego,Papa,500.0,500.0,0.0,20000.0,40.0,5010.5,100210000.0
2013,Chihuahua,Casas Grandes,Janos,Janos,Primavera-Verano,Riego,Papa,700.0,700.0,0.0,24500.0,35.0,7142.86,175000070.0
2013,Chihuahua,Madera,Gómez Farías,Gómez Farías,Primavera-Verano,Riego,Papa,4.0,4.0,0.0,100.0,25.0,6000.0,600000.0
2013,Chihuahua,Madera,Soto Máynez,Namiquipa,Primavera-Verano,Riego,Papa,395.0,395.0,0.0,15010.0,38.0,6000.0,90060000.0
2013,Chihuahua,San Juanito,San Juanito,Batopilas,Primavera-Verano,Temporal,Papa,28.0,28.0,0.0,106.4,3.8,6934.21,737799.94
2013,Chihuahua,San Juanito,San Juanito,Bocoyna,Primavera-Verano,Temporal,Papa,104.0,104.0,0.0,364.0,3.5,8000.0,2912000.0
2013,Chihuahua,San Juanito,San Juanito,Maguarichi,Primavera-Verano,Temporal,Papa,30.0,30.0,0.0,114.0,3.8,7168.42,817199.88
2013,Chihuahua,San Juanito,San Juanito,Morelos,Primavera-Verano,Temporal,Papa,25.0,25.0,0.0,87.5,3.5,3788.57,331499.88
2013,Chihuahua,San Juanito,Tomochi,Moris,Primavera-Verano,Temporal,Papa,20.0,20.0,0.0,75.0,3.75,6500.0,487500.0
2013,Chihuahua,San Juanito,Tomochi,Ocampo,Primavera-Verano,Temporal,Papa,24.0,24.0,0.0,86.4,3.6,6700.0,578880.0
2013,Chihuahua,San Juanito,Tomochi,Uruachi,Primavera-Verano,Temporal,Papa,32.0,32.0,0.0,112.0,3.5,6500.0,728000.0
2013,Chihuahua,San Juanito,San Rafael,Urique,Primavera-Verano,Temporal,Papa,40.0,40.0,0.0,152.0,3.8,3000.0,456000.0
2013,Chihuahua,Balleza,Balleza,Balleza,Primavera-Verano,Temporal,Papa,90.0,90.0,0.0,1080.0,12.0,8000.0,8640000.0
2013,Chihuahua,Balleza,Guachochi,Guachochi,Primavera-Verano,Temporal,Papa,284.0,284.0,0.0,2556.0,9.0,8000.0,20448000.0
2013,Chihuahua,Balleza,Guadalupe Y Calvo,Guadalupe Y Calvo,Primavera-Verano,Temporal,Papa,530.0,530.0,0.0,3975.0,7.5,8000.0,31800000.0
2013,Ciudad de México / DF,Xochimilco,San Mateo Xalpa,Tlalpan,Primavera-Verano,Temporal,Papa,250.0,250.0,0.0,9675.0,38.7,7196.38,69624976.5
2013,Ciudad de México / DF,Xochimilco,San Antonio Tecómitl,Milpa Alta,Primavera-Verano,Temporal,Papa,105.0,105.0,0.0,3375.0,32.14,6066.67,20475011.25
2013,Durango,El Salto,San Miguel de Cruces,San Dimas,Primavera-Verano,Temporal,Papa,20.0,20.0,0.0,30.0,1.5,6400.0,192000.0
2013,Durango,El Salto,El Salto,Pueblo Nuevo,Primavera-Verano,Temporal,Papa,55.0,55.0,0.0,82.5,1.5,6200.0,511500.0
2013,Durango,El Salto,El Salto,Tamazula,Primavera-Verano,Temporal,Papa,70.0,70.0,0.0,245.0,3.5,7500.0,1837500.0
2013,Durango,Villa Ocampo,Guanaceví,Guanaceví,Primavera-Verano,Temporal,Papa,75.0,75.0,0.0,262.5,3.5,11500.0,3018750.0
2013,Durango,Santiago Papasquiaro,Tepehuanes,Canelas,Primavera-Verano,Temporal,Papa,30.0,30.0,0.0,146.31,4.88,9150.0,1338736.5
2013,Durango,Santiago Papasquiaro,Tepehuanes,Tepehuanes,Primavera-Verano,Temporal,Papa,35.0,35.0,0.0,157.99,4.51,9100.0,1437709.0
2013,Durango,Santiago Papasquiaro,Tepehuanes,Topia,Primavera-Verano,Temporal,Papa,25.0,25.0,0.0,120.5,4.82,9150.0,1102575.0
2013,Durango,Santiago Papasquiaro,Santiago Papasquiaro,Otáez,Primavera-Verano,Temporal,Papa,140.0,140.0,0.0,639.0,4.56,10000.0,6390000.0
2013,Durango,Santiago Papasquiaro,Santiago Papasquiaro,Santiago Papasquiaro,Primavera-Verano,Temporal,Papa,75.0,75.0,0.0,352.0,4.69,10000.0,3520000.0
2013,Guanajuato,León,Leon,León,Otoño-Invierno,Riego,Papa,143.0,143.0,0.0,5720.0,40.0,6500.0,37180000.0
2013,Guanajuato,León,San Francisco del Rincón,Purísima del Rincón,Otoño-Invierno,Riego,Papa,240.0,240.0,0.0,8400.0,35.0,5500.0,46200000.0
2013,Guanajuato,León,San Francisco del Rincón,San Francisco del Rincón,Otoño-Invierno,Riego,Papa,485.0,485.0,0.0,20127.5,41.5,6164.95,124085031.13
2013,Hidalgo,Pachuca,Apan,Almoloya,Primavera-Verano,Temporal,Papa,200.0,200.0,0.0,4800.0,24.0,4500.0,21600000.0
2013,Jalisco,El Grullo,Tecolotlán,Tecolotlán,Primavera-Verano,Temporal,Papa,18.0,18.0,0.0,540.0,30.0,6000.0,3240000.0
2013,Jalisco,Ciudad Guzmán,Zacoalco de Torres,Amacueca,Primavera-Verano,Temporal,Papa,200.0,200.0,0.0,6480.0,32.4,4800.0,31104000.0
2013,Jalisco,Ciudad Guzmán,Tapalpa,Atemajac de Brizuela,Primavera-Verano,Temporal,Papa,36.0,36.0,0.0,1116.0,31.0,4800.0,5356800.0
2013,Jalisco,Ciudad Guzmán,Tapalpa,Tapalpa,Primavera-Verano,Temporal,Papa,1512.0,1512.0,0.0,43696.8,28.9,4786.14,209139002.35
2013,Jalisco,Ciudad Guzmán,Sayula,Sayula,Primavera-Verano,Temporal,Papa,52.0,52.0,0.0,1976.0,38.0,4742.91,9371990.16
2013,Jalisco,Ciudad Guzmán,Sayula,San Gabriel,Primavera-Verano,Temporal,Papa,65.0,65.0,0.0,2470.0,38.0,4200.0,10374000.0
2013,México,Toluca,Almoloya de Juárez,Almoloya de Juárez,Primavera-Verano,Temporal,Papa,200.0,200.0,0.0,5000.0,25.0,4455.0,22275000.0
2013,México,Toluca,Zinacantepec,Zinacantepec,Otoño-Invierno,Temporal,Papa,55.0,5.0,50.0,65.0,13.0,4000.0,260000.0
2013,México,Toluca,Zinacantepec,Zinacantepec,Primavera-Verano,Riego,Papa,160.0,160.0,0.0,4160.0,26.0,6250.0,26000000.0
2013,México,Toluca,Zinacantepec,Zinacantepec,Primavera-Verano,Temporal,Papa,650.0,300.0,350.0,5400.0,18.0,5375.0,29025000.0
2013,México,Toluca,Tenango del Valle,Joquicingo,Primavera-Verano,Temporal,Papa,89.0,89.0,0.0,2002.5,22.5,3700.0,7409250.0
2013,México,Toluca,Tenango del Valle,Tenango del Valle,Primavera-Verano,Temporal,Papa,693.0,693.0,0.0,18711.0,27.0,5040.67,94315976.37
2013,México,Toluca,Toluca,Toluca,Primavera-Verano,Temporal,Papa,20.0,20.0,0.0,420.0,21.0,9000.0,3780000.0
2013,México,Toluca,Santiago Tianguistengo,Capulhuac,Primavera-Verano,Temporal,Papa,70.0,70.0,0.0,1470.0,21.0,5000.0,7350000.0
2013,México,Toluca,Santiago Tianguistengo,Xalatlaco,Primavera-Verano,Temporal,Papa,200.0,200.0,0.0,4400.0,22.0,5000.0,22000000.0
2013,México,Toluca,Santiago Tianguistengo,Tianguistenco,Primavera-Verano,Temporal,Papa,140.0,140.0,0.0,3080.0,22.0,5000.0,15400000.0
2013,México,Toluca,Mexicalzingo,Calimaya,Primavera-Verano,Temporal,Papa,55.0,55.0,0.0,1402.5,25.5,3038.18,4261047.45
2013,México,Texcoco,Texcoco,Texcoco,Primavera-Verano,Temporal,Papa,6.0,6.0,0.0,159.0,26.5,6300.0,1001700.0
2013,México,Texcoco,Juchitepec,Juchitepec,Primavera-Verano,Temporal,Papa,876.0,876.0,0.0,28470.0,32.5,6500.0,185055000.0
2013,México,Tejupilco,Temascaltepec,San Simón de Guerrero,Otoño-Invierno,Riego,Papa,12.0,12.0,0.0,150.0,12.5,4875.0,731250.0
2013,México,Tejupilco,Temascaltepec,San Simón de Guerrero,Primavera-Verano,Temporal,Papa,3.5,3.5,0.0,45.5,13.0,5928.57,269749.94
2013,México,Tejupilco,Temascaltepec,Temascaltepec,Otoño-Invierno,Riego,Papa,195.0,195.0,0.0,3120.0,16.0,5397.44,16840012.8
2013,México,Tejupilco,Temascaltepec,Temascaltepec,Primavera-Verano,Temporal,Papa,40.0,40.0,0.0,520.0,13.0,6050.0,3146000.0
2013,México,Atlacomulco,San Felipe del Progreso,San Felipe del Progreso,Primavera-Verano,Temporal,Papa,98.0,98.0,0.0,2528.4,25.8,7591.84,19195208.26
2013,México,Atlacomulco,La Trinidad,San José del Rincón,Primavera-Verano,Temporal,Papa,580.0,580.0,0.0,16240.0,28.0,3759.48,61053955.2
2013,México,Atlacomulco,San Bartolo Morelos,Morelos,Primavera-Verano,Temporal,Papa,20.0,20.0,0.0,504.0,25.2,4000.0,2016000.0
2013,México,Atlacomulco,Jiquipilco,Jiquipilco,Primavera-Verano,Riego,Papa,15.0,15.0,0.0,240.0,16.0,8159.38,1958251.2
2013,México,Atlacomulco,Jiquipilco,Jiquipilco,Primavera-Verano,Temporal,Papa,30.0,30.0,0.0,345.0,11.5,6423.32,2216045.4
2013,México,Coatepec Harinas,Coatepec Harinas,Coatepec Harinas,Otoño-Invierno,Riego,Papa,14.0,14.0,0.0,280.0,20.0,5028.57,1407999.6
2013,México,Coatepec Harinas,Coatepec Harinas,Coatepec Harinas,Primavera-Verano,Riego,Papa,24.0,24.0,0.0,480.0,20.0,4612.5,2214000.0
2013,México,Coatepec Harinas,Coatepec Harinas,Coatepec Harinas,Primavera-Verano,Temporal,Papa,12.0,12.0,0.0,240.0,20.0,6100.0,1464000.0
2013,México,Coatepec Harinas,Ocuilan,Ocuilan,Primavera-Verano,Temporal,Papa,170.0,170.0,0.0,6800.0,40.0,4411.76,29999968.0
2013,México,Valle de Bravo,Valle de Bravo,Valle de Bravo,Otoño-Invierno,Riego,Papa,180.0,180.0,0.0,4140.0,23.0,4500.0,18630000.0
2013,México,Valle de Bravo,Valle de Bravo,Valle de Bravo,Primavera-Verano,Riego,Papa,10.0,10.0,0.0,210.0,21.0,4000.0,840000.0
2013,México,Valle de Bravo,Villa Victoria,Villa Victoria,Primavera-Verano,Temporal,Papa,175.0,175.0,0.0,5250.0,30.0,6800.0,35700000.0
2013,México,Valle de Bravo,Villa de Allende,Villa de Allende,Primavera-Verano,Temporal,Papa,352.0,352.0,0.0,11616.0,33.0,6500.0,75504000.0
2013,México,Valle de Bravo,Amanalco,Amanalco,Primavera-Verano,Temporal,Papa,65.0,65.0,0.0,1235.0,19.0,6000.0,7410000.0
2013,México,Valle de Bravo,Donato Guerra,Donato Guerra,Otoño-Invierno,Riego,Papa,60.0,60.0,0.0,1440.0,24.0,7818.96,11259302.4
2013,México,Valle de Bravo,Donato Guerra,Donato Guerra,Primavera-Verano,Temporal,Papa,40.0,40.0,0.0,1120.0,28.0,6250.0,7000000.0
2013,Michoacán,Uruapan,Paracho,Charapan,Primavera-Verano,Temporal,Papa,110.0,110.0,0.0,2200.0,20.0,6609.44,14540768.0
2013,Michoacán,Uruapan,Paracho,Nahuatzen,Primavera-Verano,Temporal,Papa,65.0,65.0,0.0,1628.25,25.05,6586.0,10723654.5
2013,Michoacán,Zamora,Zamora,Tangamandapio,Primavera-Verano,Temporal,Papa,826.0,826.0,0.0,28946.0,35.04,5673.6,164228025.6
2013,Michoacán,Zamora,Tangancícuaro,Tangancícuaro,Primavera-Verano,Temporal,Papa,990.0,990.0,0.0,39699.0,40.1,6868.68,272679727.32
2013,Morelos,Zacatepec-Galeana,Yautepec,Tlalnepantla,Primavera-Verano,Temporal,Papa,89.0,89.0,0.0,3382.0,38.0,7400.0,25026800.0
2013,Nuevo León,Galeana,Galeana,Galeana,Primavera-Verano,Riego,Papa,302.0,302.0,0.0,12382.0,41.0,7456.31,92324030.42
2013,Nuevo León,Galeana,San Rafael,Galeana,Primavera-Verano,Riego,Papa,2100.0,2083.0,17.0,70822.0,34.0,8920.31,631754194.82
2013,Nuevo León,Galeana,El Potosí,Galeana,Primavera-Verano,Riego,Papa,1100.0,1100.0,0.0,41800.0,38.0,9836.37,411160266.0
2013,Nuevo León,Galeana,Aramberri,Aramberri,Primavera-Verano,Riego,Papa,457.0,457.0,0.0,13710.0,30.0,5000.0,68550000.0
2013,Oaxaca,Sierra Juárez,Ixtlán,San Miguel Amatlán,Primavera-Verano,Temporal,Papa,30.0,30.0,0.0,288.6,9.62,3995.57,1153121.5
2013,Oaxaca,Sierra Juárez,Ayutla/Mixe,Tamazulápam del Espíritu Santo,Primavera-Verano,Temporal,Papa,15.0,15.0,0.0,144.3,9.62,4182.22,603494.35
2013,Oaxaca,Sierra Juárez,Ayutla/Mixe,San Pedro Y San Pablo Ayutla,Primavera-Verano,Temporal,Papa,5.0,5.0,0.0,47.5,9.5,4168.42,197999.95
2013,Oaxaca,Sierra Juárez,Ayutla/Mixe,Santa María Tlahuitoltepec,Primavera-Verano,Temporal,Papa,20.0,20.0,0.0,193.2,9.66,4184.44,808433.81
2013,Oaxaca,Sierra Juárez,Ayutla/Mixe,Totontepec Villa de Morelos,Primavera-Verano,Temporal,Papa,10.0,10.0,0.0,96.0,9.6,4160.0,399360.0
2013,Puebla,Zacatlán,Zacatlán,Aquixtla,Otoño-Invierno,Riego,Papa,120.0,115.86,4.14,915.29,7.9,4000.0,3661160.0
2013,Puebla,Zacatlán,Zacatlán,Aquixtla,Primavera-Verano,Temporal,Papa,86.0,86.0,0.0,672.0,7.81,4617.58,3103013.76
2013,Puebla,Zacatlán,Zacatlán,Chignahuapan,Otoño-Invierno,Riego,Papa,12.0,12.0,0.0,93.6,7.8,4153.84,388799.42
2013,Puebla,Zacatlán,Zacatlán,Ixtacamaxtitlán,Otoño-Invierno,Riego,Papa,25.0,25.0,0.0,202.5,8.1,4000.0,810000.0
2013,Puebla,Zacatlán,Zacatlán,Ixtacamaxtitlán,Primavera-Verano,Temporal,Papa,618.0,618.0,0.0,4100.0,6.63,2218.05,9094005.0
2013,Puebla,Zacatlán,Zacatlán,Tetela de Ocampo,Otoño-Invierno,Riego,Papa,40.0,40.0,0.0,324.0,8.1,4000.0,1296000.0
2013,Puebla,Zacatlán,Zacatlán,Tetela de Ocampo,Primavera-Verano,Temporal,Papa,28.0,28.0,0.0,212.5,7.59,4411.06,937350.25
2013,Puebla,Zacatlán,Zacatlán,Zacatlán,Otoño-Invierno,Riego,Papa,15.0,15.0,0.0,114.3,7.62,4251.96,485999.03
2013,Puebla,Teziutlán,Zacapoaxtla,Nauzontla,Otoño-Invierno,Temporal,Papa,60.0,60.0,0.0,960.0,16.0,4390.0,4214400.0
2013,Puebla,Teziutlán,Zacapoaxtla,Nauzontla,Primavera-Verano,Temporal,Papa,330.0,330.0,0.0,6270.0,19.0,1633.33,10240979.1
2013,Puebla,Teziutlán,Zacapoaxtla,Zacapoaxtla,Otoño-Invierno,Riego,Papa,50.0,50.0,0.0,1200.0,24.0,4800.0,5760000.0
2013,Puebla,Teziutlán,Zacapoaxtla,Zacapoaxtla,Otoño-Invierno,Temporal,Papa,450.0,416.5,33.5,7497.0,18.0,7603.58,57004039.26
2013,Puebla,Teziutlán,Zacapoaxtla,Zacapoaxtla,Primavera-Verano,Riego,Papa,50.0,50.0,0.0,1150.0,23.0,4520.0,5198000.0
2013,Puebla,Teziutlán,Zacapoaxtla,Zacapoaxtla,Primavera-Verano,Temporal,Papa,800.0,800.0,0.0,13600.0,17.0,2358.13,32070568.0
2013,Puebla,Teziutlán,Tlatlauquitepec,Atempan,Otoño-Invierno,Riego,Papa,40.0,40.0,0.0,1000.0,25.0,4434.0,4434000.0
2013,Puebla,Teziutlán,Tlatlauquitepec,Chignautla,Primavera-Verano,Temporal,Papa,20.0,20.0,0.0,202.5,10.13,3100.0,627750.0
2013,Puebla,Teziutlán,Tlatlauquitepec,Teteles de Avila Castillo,Otoño-Invierno,Riego,Papa,38.0,38.0,0.0,950.0,25.0,4328.95,4112502.5
2013,Puebla,Teziutlán,Tlatlauquitepec,Tlatlauquitepec,Otoño-Invierno,Riego,Papa,1025.0,1025.0,0.0,26000.0,25.37,4696.0,122096000.0
2013,Puebla,Teziutlán,Tlatlauquitepec,Tlatlauquitepec,Otoño-Invierno,Temporal,Papa,345.0,312.0,33.0,5772.0,18.5,4692.31,27084013.32
2013,Puebla,Teziutlán,Tlatlauquitepec,Tlatlauquitepec,Primavera-Verano,Riego,Papa,450.0,450.0,0.0,6034.5,13.41,3137.43,18932821.33
2013,Puebla,Teziutlán,Tlatlauquitepec,Tlatlauquitepec,Primavera-Verano,Temporal,Papa,400.0,391.5,8.5,5676.75,14.5,1823.75,10352972.81
2013,Puebla,Libres,Guadalupe Victoria,Chichiquila,Otoño-Invierno,Temporal,Papa,120.0,120.0,0.0,2158.8,17.99,6003.33,12959988.8
2013,Puebla,Libres,Guadalupe Victoria,Chichiquila,Primavera-Verano,Temporal,Papa,500.0,500.0,0.0,10000.0,20.0,6915.0,69150000.0
2013,Puebla,Libres,Guadalupe Victoria,Chilchotla,Otoño-Invierno,Temporal,Papa,200.0,140.0,60.0,2800.0,20.0,8000.0,22400000.0
2013,Puebla,Libres,Guadalupe Victoria,Chilchotla,Primavera-Verano,Temporal,Papa,370.0,370.0,0.0,7400.0,20.0,6000.0,44400000.0
2013,Puebla,Libres,Guadalupe Victoria,Guadalupe Victoria,Primavera-Verano,Riego,Papa,300.0,300.0,0.0,7500.0,25.0,6166.67,46250025.0
2013,Puebla,Libres,Guadalupe Victoria,Guadalupe Victoria,Primavera-Verano,Temporal,Papa,300.0,300.0,0.0,6000.0,20.0,6233.33,37399980.0
2013,Puebla,Libres,Guadalupe Victoria,Lafragua,Primavera-Verano,Riego,Papa,10.0,10.0,0.0,260.0,26.0,6500.0,1690000.0
2013,Puebla,Libres,Guadalupe Victoria,Lafragua,Primavera-Verano,Temporal,Papa,300.0,300.0,0.0,6000.0,20.0,6200.0,37200000.0
2013,Puebla,Libres,Guadalupe Victoria,Quimixtlán,Otoño-Invierno,Temporal,Papa,229.0,229.0,0.0,4580.0,20.0,8000.0,36640000.0
2013,Puebla,Libres,Guadalupe Victoria,Quimixtlán,Primavera-Verano,Temporal,Papa,95.0,95.0,0.0,2090.0,22.0,6162.68,12880001.2
2013,Puebla,Libres,Ciudad Serdán,Atzitzintla,Otoño-Invierno,Temporal,Papa,30.0,30.0,0.0,600.0,20.0,7920.0,4752000.0
2013,Puebla,Libres,Ciudad Serdán,Atzitzintla,Primavera-Verano,Temporal,Papa,55.0,55.0,0.0,1100.0,20.0,2500.0,2750000.0
2013,Puebla,Libres,Ciudad Serdán,Chalchicomula de Sesma,Otoño-Invierno,Temporal,Papa,5.0,5.0,0.0,110.0,22.0,4800.0,528000.0
2013,Puebla,Libres,Ciudad Serdán,Esperanza,Otoño-Invierno,Temporal,Papa,1.0,0.0,1.0,0.0,0.0,0.0,0.0
2013,Puebla,Libres,Ciudad Serdán,San Nicolás Buenos Aires,Otoño-Invierno,Riego,Papa,85.0,85.0,0.0,2350.0,27.65,4361.7,10249995.0
2013,Puebla,Libres,Ciudad Serdán,San Nicolás Buenos Aires,Primavera-Verano,Riego,Papa,50.0,50.0,0.0,1150.0,23.0,3500.0,4025000.0
2013,Puebla,Libres,Ciudad Serdán,San Salvador El Seco,Otoño-Invierno,Riego,Papa,63.0,63.0,0.0,1655.0,26.27,3500.0,5792500.0
2013,Puebla,Libres,Ciudad Serdán,San Salvador El Seco,Otoño-Invierno,Temporal,Papa,80.0,80.0,0.0,2240.0,28.0,4300.0,9632000.0
2013,Puebla,Libres,Ciudad Serdán,San Salvador El Seco,Primavera-Verano,Riego,Papa,60.0,60.0,0.0,1320.0,22.0,8000.0,10560000.0
2013,Puebla,Libres,Ciudad Serdán,Tlachichuca,Otoño-Invierno,Temporal,Papa,5.0,5.0,0.0,100.0,20.0,4500.0,450000.0
2013,Puebla,Libres,Ciudad Serdán,Tlachichuca,Primavera-Verano,Riego,Papa,20.0,20.0,0.0,400.0,20.0,5000.0,2000000.0
2013,Puebla,Libres,Ciudad Serdán,Tlachichuca,Primavera-Verano,Temporal,Papa,15.0,15.0,0.0,300.0,20.0,3500.0,1050000.0
2013,Puebla,Cholula,Texmelucan,Tlahuapan,Primavera-Verano,Temporal,Papa,20.0,20.0,0.0,500.0,25.0,2830.0,1415000.0
2013,Puebla,Tehuacán,Sierra Negra,Ajalpan,Primavera-Verano,Temporal,Papa,4.0,4.0,0.0,21.0,5.25,4000.0,84000.0
2013,Puebla,Tehuacán,Sierra Negra,Vicente Guerrero,Primavera-Verano,Temporal,Papa,8.0,8.0,0.0,42.0,5.25,3300.0,138600.0
2013,Sinaloa,Los Mochis,El Carrizo,Ahome,Otoño-Invierno,Riego,Papa,60.0,60.0,0.0,1500.0,25.0,9750.0,14625000.0
2013,Sinaloa,Los Mochis,San Blas,El Fuerte,Otoño-Invierno,Riego,Papa,648.18,648.18,0.0,16204.5,25.0,10000.0,162045000.0
2013,Sinaloa,Los Mochis,Ahome,Ahome,Otoño-Invierno,Riego,Papa,142.15,142.15,0.0,3838.05,27.0,9500.0,36461475.0
2013,Sinaloa,Los Mochis,Los Mochis,Ahome,Otoño-Invierno,Riego,Papa,6272.07,6272.07,0.0,153665.71,24.5,9780.45,1502919793.37
2013,Sinaloa,Los Mochis,Ruíz Cortinez,Guasave,Otoño-Invierno,Riego,Papa,2516.0,2516.0,0.0,65416.0,26.0,8778.77,574272018.32
2013,Sinaloa,Los Mochis,Ruíz Cortinez,Sinaloa,Otoño-Invierno,Riego,Papa,629.0,629.0,0.0,15096.0,24.0,9074.72,136991973.12
2013,Sinaloa,Guasave,La Trinidad,Guasave,Otoño-Invierno,Riego,Papa,35.0,35.0,0.0,875.0,25.0,6000.0,5250000.0
2013,Sinaloa,Guasave,El Burrión,Guasave,Otoño-Invierno,Riego,Papa,1511.85,1441.85,70.0,36450.0,25.28,5333.69,194413000.5
2013,Sonora,Caborca,Caborca,Caborca,Otoño-Invierno,Riego,Papa,51.0,51.0,0.0,1759.5,34.5,4130.0,7266735.0
2013,Sonora,Caborca,Caborca,Caborca,Primavera-Verano,Riego,Papa,1093.0,1093.0,0.0,43720.0,40.0,7850.0,343202000.0
2013,Sonora,Caborca,Atil,Altar,Otoño-Invierno,Riego,Papa,62.0,62.0,0.0,2170.0,35.0,4050.0,8788500.0
2013,Sonora,Caborca,Atil,Altar,Primavera-Verano,Riego,Papa,1198.0,1198.0,0.0,45524.0,38.0,6000.0,273144000.0
2013,Sonora,Magdalena,Santa Ana,Santa Ana,Otoño-Invierno,Riego,Papa,22.0,22.0,0.0,770.0,35.0,4250.0,3272500.0
2013,Sonora,Magdalena,Santa Ana,Santa Ana,Primavera-Verano,Riego,Papa,12.5,12.5,0.0,489.0,39.12,7000.0,3423000.0
2013,Sonora,Magdalena,Santa Ana,Trincheras,Otoño-Invierno,Riego,Papa,35.0,35.0,0.0,1260.0,36.0,4320.0,5443200.0
2013,Sonora,Agua Prieta,Cananea,Cananea,Primavera-Verano,Riego,Papa,30.0,30.0,0.0,585.0,19.5,6550.0,3831750.0
2013,Sonora,Ures,Banámichi,Arizpe,Primavera-Verano,Riego,Papa,4.0,4.0,0.0,140.0,35.0,7900.0,1106000.0
2013,Sonora,Ures,Banámichi,Baviácora,Primavera-Verano,Riego,Papa,5.0,5.0,0.0,150.0,30.0,7500.0,1125000.0
2013,Sonora,Hermosillo,Carbó,Hermosillo,Otoño-Invierno,Riego,Papa,35.0,35.0,0.0,1393.0,39.8,9250.0,12885250.0
2013,Sonora,Hermosillo,Carbó,Hermosillo,Primavera-Verano,Riego,Papa,22.0,22.0,0.0,875.6,39.8,7255.0,6352478.0
2013,Sonora,Sahuaripa,Yécora,Yécora,Primavera-Verano,Temporal,Papa,3.5,3.5,0.0,28.0,8.0,7500.0,210000.0
2013,Sonora,Cajeme,Cd. Obregón,Cajeme,Otoño-Invierno,Riego,Papa,2110.0,2073.0,37.0,62190.0,30.0,8000.0,497520000.0
2013,Sonora,Cajeme,Villa Juárez,Etchojoa,Otoño-Invierno,Riego,Papa,240.0,163.0,77.0,4808.5,29.5,8000.0,38468000.0
2013,Sonora,Cajeme,Villa Juárez,Benito Juárez,Otoño-Invierno,Riego,Papa,620.0,460.0,160.0,14260.0,31.0,8000.0,114080000.0
2013,Sonora,Cajeme,Bácum,Bácum,Otoño-Invierno,Riego,Papa,405.0,405.0,0.0,12555.0,31.0,8100.0,101695500.0
2013,Sonora,Cajeme,Bácum,Cajeme,Otoño-Invierno,Riego,Papa,5.0,5.0,0.0,150.0,30.0,8250.0,1237500.0
2013,Sonora,Cajeme,Pueblo Yaqui,Bácum,Otoño-Invierno,Riego,Papa,100.0,100.0,0.0,2900.0,29.0,8050.0,23345000.0
2013,Sonora,Cajeme,Pueblo Yaqui,Cajeme,Otoño-Invierno,Riego,Papa,650.0,650.0,0.0,19500.0,30.0,7950.0,155025000.0
2013,Sonora,Navojoa,Navojoa,Navojoa,Otoño-Invierno,Riego,Papa,3168.0,3082.0,86.0,91627.86,29.73,5938.93,544171446.59
2013,Sonora,Navojoa,Etchojoa,Etchojoa,Otoño-Invierno,Riego,Papa,65.0,65.0,0.0,1963.0,30.2,5924.45,11629695.35
2013,Sonora,Navojoa,Huatabampo,Huatabampo,Otoño-Invierno,Riego,Papa,1665.0,1510.0,155.0,43231.3,28.63,5960.28,257670652.76
2013,Tamaulipas,Jaumave,Tula,Tula,Primavera-Verano,Riego,Papa,70.0,70.0,0.0,2800.0,40.0,8000.0,22400000.0
2013,Tlaxcala,Calpulalpan,Calpulalpan,Calpulalpan,Primavera-Verano,Temporal,Papa,90.0,90.0,0.0,270.0,3.0,4500.0,1215000.0
2013,Tlaxcala,Calpulalpan,Calpulalpan,Sanctórum de Lázaro Cárdenas,Primavera-Verano,Temporal,Papa,15.0,15.0,0.0,45.0,3.0,4800.0,216000.0
2013,Tlaxcala,Calpulalpan,Calpulalpan,Nanacamilpa de Mariano Arista,Primavera-Verano,Temporal,Papa,25.0,25.0,0.0,75.0,3.0,4800.0,360000.0
2013,Tlaxcala,Calpulalpan,Calpulalpan,Benito Juárez,Primavera-Verano,Temporal,Papa,5.0,5.0,0.0,15.0,3.0,5000.0,75000.0
2013,Tlaxcala,Calpulalpan,Hueyotlipan,Españita,Primavera-Verano,Temporal,Papa,20.0,20.0,0.0,56.0,2.8,4900.0,274400.0
2013,Tlaxcala,Calpulalpan,Hueyotlipan,Hueyotlipan,Primavera-Verano,Temporal,Papa,10.0,10.0,0.0,28.0,2.8,4800.0,134400.0
2013,Tlaxcala,Calpulalpan,Apizaco,Apizaco,Primavera-Verano,Temporal,Papa,10.0,10.0,0.0,35.0,3.5,4800.0,168000.0
2013,Tlaxcala,Calpulalpan,Apizaco,Muñoz de Domingo Arenas,Primavera-Verano,Temporal,Papa,10.0,10.0,0.0,35.0,3.5,4800.0,168000.0
2013,Tlaxcala,Calpulalpan,Tlaxco,Atlangatepec,Primavera-Verano,Temporal,Papa,62.0,62.0,0.0,217.0,3.5,4908.53,1065151.01
2013,Tlaxcala,Calpulalpan,Tlaxco,Tlaxco,Primavera-Verano,Temporal,Papa,78.0,78.0,0.0,234.0,3.0,4800.0,1123200.0
2013,Tlaxcala,Huamantla,Huamantla,Huamantla,Primavera-Verano,Riego,Papa,30.0,30.0,0.0,1140.0,38.0,4800.0,5472000.0
2013,Tlaxcala,Huamantla,Cuapiaxtla,Atltzayanca,Primavera-Verano,Riego,Papa,40.0,40.0,0.0,1520.0,38.0,4800.0,7296000.0
2013,Tlaxcala,Huamantla,Cuapiaxtla,Atltzayanca,Primavera-Verano,Temporal,Papa,20.0,20.0,0.0,300.0,15.0,4800.0,1440000.0
2013,Tlaxcala,Huamantla,Cuapiaxtla,Cuapiaxtla,Primavera-Verano,Riego,Papa,180.0,180.0,0.0,6840.0,38.0,4800.0,32832000.0
2013,Tlaxcala,Huamantla,Teometitlán/Velazco,Terrenate,Primavera-Verano,Temporal,Papa,170.0,170.0,0.0,2550.0,15.0,4800.0,12240000.0
2013,Tlaxcala,Huamantla,Teometitlán/Velazco,Emiliano Zapata,Primavera-Verano,Temporal,Papa,28.0,28.0,0.0,420.0,15.0,4800.0,2016000.0
2013,Veracruz,Huayacocotla,Huayacocotla,Huayacocotla,Primavera-Verano,Temporal,Papa,16.0,16.0,0.0,144.0,9.0,7500.0,1080000.0
2013,Veracruz,Martínez de la Torre,Martínez de La Torre,Atzalan,Otoño-Invierno,Temporal,Papa,90.0,90.0,0.0,1548.0,17.2,4800.0,7430400.0
2013,Veracruz,Coatepec,Coatepec,Coatepec,Otoño-Invierno,Temporal,Papa,30.0,30.0,0.0,360.0,12.0,5416.67,1950001.2
2013,Veracruz,Coatepec,Coatepec,Xico,Otoño-Invierno,Temporal,Papa,80.0,80.0,0.0,880.0,11.0,6000.0,5280000.0
2013,Veracruz,Coatepec,Coatepec,Xico,Primavera-Verano,Temporal,Papa,105.0,105.0,0.0,1260.0,12.0,6500.0,8190000.0
2013,Veracruz,Coatepec,Coatepec,Tlalnelhuayocan,Otoño-Invierno,Temporal,Papa,20.0,20.0,0.0,210.0,10.5,4678.57,982499.7
2013,Veracruz,Coatepec,Perote,Altotonga,Primavera-Verano,Riego,Papa,190.0,190.0,0.0,6650.0,35.0,6500.0,43225000.0
2013,Veracruz,Coatepec,Perote,Altotonga,Primavera-Verano,Temporal,Papa,75.0,75.0,0.0,2100.0,28.0,8500.0,17850000.0
2013,Veracruz,Coatepec,Perote,Ayahualulco,Otoño-Invierno,Temporal,Papa,15.0,15.0,0.0,300.0,20.0,5600.0,1680000.0
2013,Veracruz,Coatepec,Perote,Ayahualulco,Primavera-Verano,Temporal,Papa,650.0,650.0,0.0,16250.0,25.0,7500.0,121875000.0
2013,Veracruz,Coatepec,Perote,Ixhuacán de Los Reyes,Otoño-Invierno,Temporal,Papa,45.0,45.0,0.0,495.0,11.0,6277.78,3107501.1
2013,Veracruz,Coatepec,Perote,Jalacingo,Primavera-Verano,Riego,Papa,1000.0,1000.0,0.0,38000.0,38.0,7200.0,273600000.0
2013,Veracruz,Coatepec,Perote,Jalacingo,Primavera-Verano,Temporal,Papa,700.0,700.0,0.0,19600.0,28.0,7500.0,147000000.0
2013,Veracruz,Coatepec,Perote,Perote,Otoño-Invierno,Temporal,Papa,70.0,70.0,0.0,1400.0,20.0,4200.0,5880000.0
2013,Veracruz,Coatepec,Perote,Perote,Primavera-Verano,Riego,Papa,600.0,600.0,0.0,24000.0,40.0,8185.0,196440000.0
2013,Veracruz,Coatepec,Perote,Perote,Primavera-Verano,Temporal,Papa,80.0,80.0,0.0,2000.0,25.0,6800.0,13600000.0
2013,Veracruz,Coatepec,Perote,Las Vigas de Ramírez,Primavera-Verano,Temporal,Papa,80.0,80.0,0.0,1760.0,22.0,6500.0,11440000.0
2013,Veracruz,Coatepec,Perote,Villa Aldama,Primavera-Verano,Riego,Papa,160.0,160.0,0.0,7200.0,45.0,6500.0,46800000.0
2013,Veracruz,Coatepec,Perote,Villa Aldama,Primavera-Verano,Temporal,Papa,140.0,140.0,0.0,3500.0,25.0,7300.0,25550000.0
2013,Veracruz,Coatepec,Naolinco,Acajete,Otoño-Invierno,Temporal,Papa,16.0,16.0,0.0,153.6,9.6,8000.0,1228800.0
2013,Veracruz,Coatepec,Naolinco,Coacoatzintla,Otoño-Invierno,Temporal,Papa,71.0,71.0,0.0,596.4,8.4,8000.0,4771200.0
2013,Veracruz,Coatepec,Naolinco,Miahuatlán,Otoño-Invierno,Temporal,Papa,12.75,12.75,0.0,96.9,7.6,8000.0,775200.0
2013,Veracruz,Coatepec,Naolinco,Naolinco,Otoño-Invierno,Temporal,Papa,20.5,20.5,0.0,213.2,10.4,8000.0,1705600.0
2013,Veracruz,Coatepec,Naolinco,Rafael Lucio,Otoño-Invierno,Temporal,Papa,56.0,56.0,0.0,537.6,9.6,8000.0,4300800.0
2013,Veracruz,Coatepec,Naolinco,Tlacolulan,Otoño-Invierno,Temporal,Papa,12.0,12.0,0.0,105.6,8.8,8000.0,844800.0
2013,Veracruz,Coatepec,Naolinco,Tonayán,Otoño-Invierno,Temporal,Papa,36.0,36.0,0.0,345.6,9.6,8000.0,2764800.0
2013,Veracruz,Fortín,Acultzingo,Mariano Escobedo,Otoño-Invierno,Temporal,Papa,350.0,350.0,0.0,4375.0,12.5,5000.0,21875000.0
2013,Veracruz,Fortín,Acultzingo,Mariano Escobedo,Primavera-Verano,Temporal,Papa,280.0,280.0,0.0,2800.0,10.0,4000.0,11200000.0
2013,Veracruz,Fortín,Acultzingo,La Perla,Otoño-Invierno,Temporal,Papa,310.0,310.0,0.0,3565.0,11.5,5000.0,17825000.0
2013,Veracruz,Fortín,Acultzingo,La Perla,Primavera-Verano,Temporal,Papa,400.0,400.0,0.0,4400.0,11.0,4000.0,17600000.0
2013,Veracruz,Fortín,Huatusco,Alpatláhuac,Otoño-Invierno,Temporal,Papa,85.0,85.0,0.0,595.0,7.0,3329.41,1980998.95
2013,Veracruz,Fortín,Huatusco,Alpatláhuac,Primavera-Verano,Temporal,Papa,55.0,55.0,0.0,561.0,10.2,6500.0,3646500.0
2013,Veracruz,Fortín,Huatusco,Calcahualco,Otoño-Invierno,Temporal,Papa,115.0,115.0,0.0,805.0,7.0,3330.43,2680996.15
2013,Veracruz,Fortín,Huatusco,Calcahualco,Primavera-Verano,Temporal,Papa,75.0,75.0,0.0,765.0,10.2,6500.0,4972500.0
2013,Veracruz,Fortín,Huatusco,Coscomatepec,Otoño-Invierno,Temporal,Papa,270.0,270.0,0.0,1890.0,7.0,3333.33,6299993.7
2013,Veracruz,Fortín,Huatusco,Coscomatepec,Primavera-Verano,Temporal,Papa,80.0,80.0,0.0,816.0,10.2,6500.0,5304000.0
2013,Zacatecas,Zacatecas,Calera,Guadalupe,Primavera-Verano,Riego,Papa,180.0,180.0,0.0,8280.0,46.0,11333.33,93839972.4
2013,Zacatecas,Zacatecas,Villa de Cos,Pánuco,Primavera-Verano,Riego,Papa,90.0,90.0,0.0,5850.0,65.0,9495.73,55550020.5
2013,Zacatecas,Zacatecas,Villa de Cos,Villa de Cos,Primavera-Verano,Riego,Papa,420.0,420.0,0.0,18900.0,45.0,10278.83,194269887.0
2013,Zacatecas,Jalpa,Nochistlán,Nochistlán de Mejía,Primavera-Verano,Riego,Papa,2.0,2.0,0.0,40.0,20.0,6000.0,240000.0
2014,Baja California,Ensenada,Ensenada,Ensenada,Otoño-Invierno,Riego,Papa,34.0,34.0,0.0,1465.74,43.11,5000.0,7328700.0
2014,Baja California,Ensenada,Ensenada,Ensenada,Primavera-Verano,Riego,Papa,87.0,87.0,0.0,2932.77,33.71,4677.88,13719146.13
2014,Baja California Sur,Comondú,Comondú,Comondú,Otoño-Invierno,Riego,Papa,1316.0,1316.0,0.0,40201.76,30.55,6000.0,241210560.0
2014,Baja California Sur,Comondú,Comondú,Comondú,Primavera-Verano,Riego,Papa,937.59,933.59,4.0,36167.85,38.74,8000.0,289342800.0
2014,Coahuila,Frontera,Ocampo,Ocampo,Primavera-Verano,Riego,Papa,100.0,100.0,0.0,4010.0,40.1,5350.0,21453500.0
2014,Coahuila,Saltillo,Arteaga,Arteaga,Primavera-Verano,Riego,Papa,157.0,157.0,0.0,5869.13,37.38,6840.29,40146551.25
2014,Coahuila,Saltillo,Parras de La Fuente,Parras,Primavera-Verano,Riego,Papa,130.0,130.0,0.0,4603.43,35.41,7000.0,32224010.0
2014,Coahuila,Saltillo,Agua Nueva,Saltillo,Primavera-Verano,Riego,Papa,85.0,85.0,0.0,2985.2,35.12,7000.0,20896400.0
2014,Chiapas,San Cristóbal de las Casas,San Cristóbal de Las Casas,Chamula,Primavera-Verano,Temporal,Papa,386.0,386.0,0.0,6986.6,18.1,7619.95,53237542.67
2014,Chiapas,San Cristóbal de las Casas,San Cristóbal de Las Casas,Larráinzar,Primavera-Verano,Temporal,Papa,313.0,313.0,0.0,5571.4,17.8,7820.61,43571746.55
2014,Chiapas,San Cristóbal de las Casas,San Cristóbal de Las Casas,San Cristóbal de Las Casas,Otoño-Invierno,Riego,Papa,205.0,205.0,0.0,4715.0,23.0,8125.0,38309375.0
2014,Chiapas,San Cristóbal de las Casas,San Cristóbal de Las Casas,San Cristóbal de Las Casas,Primavera-Verano,Temporal,Papa,308.0,308.0,0.0,5790.4,18.8,7948.89,46027252.66
2014,Chiapas,San Cristóbal de las Casas,San Cristóbal de Las Casas,Teopisca,Primavera-Verano,Temporal,Papa,13.0,13.0,0.0,230.1,17.7,7888.46,1815134.65
2014,Chiapas,San Cristóbal de las Casas,San Cristóbal de Las Casas,Zinacantán,Primavera-Verano,Temporal,Papa,36.0,36.0,0.0,644.4,17.9,7823.33,5041353.85
2014,Chiapas,San Cristóbal de las Casas,Chenalhó,Chenalhó,Primavera-Verano,Temporal,Papa,39.0,39.0,0.0,682.5,17.5,7500.0,5118750.0
2014,Chiapas,Motozintla,Amatenango/Motozintla,Motozintla,Primavera-Verano,Temporal,Papa,104.0,104.0,0.0,858.0,8.25,4760.0,4084080.0
2014,Chiapas,Motozintla,Porvenir,Bejucal de Ocampo,Primavera-Verano,Temporal,Papa,146.5,146.5,0.0,1201.3,8.2,4760.0,5718188.0
2014,Chiapas,Motozintla,Porvenir,La Grandeza,Primavera-Verano,Temporal,Papa,36.5,36.5,0.0,298.94,8.19,4760.0,1422954.4
2014,Chiapas,Motozintla,Porvenir,El Porvenir,Primavera-Verano,Temporal,Papa,228.5,228.5,0.0,1925.8,8.43,4877.25,9392601.75
2014,Chiapas,Motozintla,Porvenir,Siltepec,Primavera-Verano,Temporal,Papa,110.5,110.5,0.0,902.79,8.17,4758.0,4295474.82
2014,Chihuahua,Casas Grandes,Nuevo Casas Grandes,Nuevo Casas Grandes,Primavera-Verano,Riego,Papa,450.0,450.0,0.0,17100.0,38.0,5600.0,95760000.0
2014,Chihuahua,Casas Grandes,Janos,Janos,Primavera-Verano,Riego,Papa,485.0,485.0,0.0,16975.0,35.0,6397.64,108599939.0
2014,Chihuahua,Madera,Gómez Farías,Gómez Farías,Primavera-Verano,Riego,Papa,6.0,6.0,0.0,120.0,20.0,6500.0,780000.0
2014,Chihuahua,Madera,Soto Máynez,Namiquipa,Primavera-Verano,Riego,Papa,26.0,26.0,0.0,832.0,32.0,6500.0,5408000.0
2014,Chihuahua,Papigochi,La Junta,Guerrero,Primavera-Verano,Riego,Papa,287.0,287.0,0.0,12054.0,42.0,6000.0,72324000.0
2014,Chihuahua,Papigochi,Matachí,Temósachic,Primavera-Verano,Temporal,Papa,10.0,10.0,0.0,50.0,5.0,6000.0,300000.0
2014,Chihuahua,San Juanito,San Juanito,Batopilas,Primavera-Verano,Temporal,Papa,80.0,80.0,0.0,320.0,4.0,10000.0,3200000.0
2014,Chihuahua,San Juanito,San Juanito,Bocoyna,Primavera-Verano,Temporal,Papa,497.0,497.0,0.0,2236.5,4.5,9000.0,20128500.0
2014,Chihuahua,San Juanito,San Juanito,Maguarichi,Primavera-Verano,Temporal,Papa,16.0,16.0,0.0,62.4,3.9,9500.0,592800.0
2014,Chihuahua,San Juanito,San Juanito,Morelos,Primavera-Verano,Temporal,Papa,47.0,47.0,0.0,188.0,4.0,10000.0,1880000.0
2014,Chihuahua,San Juanito,Tomochi,Moris,Primavera-Verano,Temporal,Papa,50.0,50.0,0.0,195.0,3.9,10500.0,2047500.0
2014,Chihuahua,San Juanito,Tomochi,Ocampo,Primavera-Verano,Temporal,Papa,42.0,42.0,0.0,189.0,4.5,10500.0,1984500.0
2014,Chihuahua,San Juanito,Tomochi,Uruachi,Primavera-Verano,Temporal,Papa,37.0,37.0,0.0,144.3,3.9,10500.0,1515150.0
2014,Chihuahua,San Juanito,San Rafael,Urique,Primavera-Verano,Temporal,Papa,60.0,60.0,0.0,276.0,4.6,10000.0,2760000.0
2014,Chihuahua,Balleza,Balleza,Balleza,Primavera-Verano,Temporal,Papa,90.0,90.0,0.0,720.0,8.0,7600.0,5472000.0
2014,Chihuahua,Balleza,Guachochi,Guachochi,Primavera-Verano,Temporal,Papa,232.0,232.0,0.0,1392.0,6.0,7600.0,10579200.0
2014,Chihuahua,Balleza,Guadalupe Y Calvo,Guadalupe Y Calvo,Primavera-Verano,Temporal,Papa,395.0,395.0,0.0,1833.5,4.64,7169.46,13145200.0
2014,Ciudad de México / DF,Xochimilco,San Mateo Xalpa,Tlalpan,Primavera-Verano,Temporal,Papa,303.0,303.0,0.0,11303.0,37.3,7001.26,79135241.78
2014,Ciudad de México / DF,Xochimilco,San Antonio Tecómitl,Milpa Alta,Primavera-Verano,Temporal,Papa,106.0,106.0,0.0,1485.55,14.01,7469.37,11096122.6
2014,Durango,El Salto,San Miguel de Cruces,San Dimas,Primavera-Verano,Temporal,Papa,22.0,22.0,0.0,56.1,2.55,7800.0,437580.0
2014,Durango,El Salto,El Salto,Pueblo Nuevo,Primavera-Verano,Temporal,Papa,57.0,57.0,0.0,155.04,2.72,9000.0,1395360.0
2014,Durango,El Salto,El Salto,Tamazula,Primavera-Verano,Temporal,Papa,75.0,75.0,0.0,195.0,2.6,7600.0,1482000.0
2014,Durango,Villa Ocampo,Guanaceví,Guanaceví,Primavera-Verano,Temporal,Papa,76.0,76.0,0.0,250.8,3.3,10000.0,2508000.0
2014,Durango,Santiago Papasquiaro,Tepehuanes,Canelas,Primavera-Verano,Temporal,Papa,29.0,29.0,0.0,153.7,5.3,10100.0,1552370.0
2014,Durango,Santiago Papasquiaro,Tepehuanes,Tepehuanes,Primavera-Verano,Temporal,Papa,38.0,38.0,0.0,201.4,5.3,10000.0,2014000.0
2014,Durango,Santiago Papasquiaro,Tepehuanes,Topia,Primavera-Verano,Temporal,Papa,23.0,23.0,0.0,113.16,4.92,10100.0,1142916.0
2014,Durango,Santiago Papasquiaro,Santiago Papasquiaro,Otáez,Primavera-Verano,Temporal,Papa,95.0,95.0,0.0,353.4,3.72,10100.0,3569340.0
2014,Durango,Santiago Papasquiaro,Santiago Papasquiaro,Santiago Papasquiaro,Primavera-Verano,Temporal,Papa,60.0,60.0,0.0,385.8,6.43,10100.0,3896580.0
2014,Guanajuato,León,Leon,León,Otoño-Invierno,Riego,Papa,131.0,131.0,0.0,6550.0,50.0,5500.0,36025000.0
2014,Guanajuato,León,San Francisco del Rincón,Manuel Doblado,Otoño-Invierno,Riego,Papa,9.0,9.0,0.0,405.0,45.0,5500.0,2227500.0
2014,Guanajuato,León,San Francisco del Rincón,Purísima del Rincón,Otoño-Invierno,Riego,Papa,253.0,253.0,0.0,10120.0,40.0,5958.1,60295972.0
2014,Guanajuato,León,San Francisco del Rincón,San Francisco del Rincón,Otoño-Invierno,Riego,Papa,393.0,393.0,0.0,17685.0,45.0,5500.0,97267500.0
2014,Guanajuato,León,Silao/Guanajuato,Silao de La Victoria,Otoño-Invierno,Riego,Papa,18.0,18.0,0.0,810.0,45.0,5300.0,4293000.0
2014,Hidalgo,Pachuca,Apan,Almoloya,Primavera-Verano,Temporal,Papa,40.0,40.0,0.0,692.0,17.3,4000.0,2768000.0
2014,Hidalgo,Pachuca,Apan,Apan,Primavera-Verano,Temporal,Papa,40.0,40.0,0.0,756.0,18.9,3900.0,2948400.0
2014,Jalisco,El Grullo,Tecolotlán,Tecolotlán,Primavera-Verano,Temporal,Papa,20.0,20.0,0.0,550.0,27.5,5500.0,3025000.0
2014,Jalisco,Ciudad Guzmán,Zacoalco de Torres,Amacueca,Primavera-Verano,Temporal,Papa,160.0,160.0,0.0,5376.0,33.6,4750.0,25536000.0
2014,Jalisco,Ciudad Guzmán,Tapalpa,Atemajac de Brizuela,Primavera-Verano,Temporal,Papa,30.0,30.0,0.0,1020.0,34.0,8500.0,8670000.0
2014,Jalisco,Ciudad Guzmán,Tapalpa,Tapalpa,Primavera-Verano,Temporal,Papa,1650.0,1650.0,0.0,49500.0,30.0,5500.0,272250000.0
2014,Jalisco,Ciudad Guzmán,Sayula,San Gabriel,Primavera-Verano,Temporal,Papa,11.8,11.8,0.0,356.95,30.25,8500.0,3034075.0
2014,México,Toluca,Almoloya de Juárez,Almoloya de Juárez,Primavera-Verano,Temporal,Papa,400.0,400.0,0.0,9000.0,22.5,6300.0,56700000.0
2014,México,Toluca,Zinacantepec,Zinacantepec,Primavera-Verano,Riego,Papa,170.0,170.0,0.0,4760.0,28.0,6647.0,31639720.0
2014,México,Toluca,Zinacantepec,Zinacantepec,Primavera-Verano,Temporal,Papa,700.0,700.0,0.0,12775.0,18.25,6543.98,83599344.5
2014,México,Toluca,Tenango del Valle,Joquicingo,Primavera-Verano,Temporal,Papa,156.0,156.0,0.0,3744.0,24.0,6211.54,23256005.76
2014,México,Toluca,Tenango del Valle,Tenango del Valle,Primavera-Verano,Temporal,Papa,688.0,688.0,0.0,19264.0,28.0,6130.08,118089861.12
2014,México,Toluca,Toluca,Toluca,Primavera-Verano,Temporal,Papa,23.0,23.0,0.0,471.5,20.5,6260.87,2952000.21
2014,México,Toluca,Santiago Tianguistengo,Capulhuac,Primavera-Verano,Temporal,Papa,60.0,60.0,0.0,1440.0,24.0,4683.33,6743995.2
2014,México,Toluca,Santiago Tianguistengo,Xalatlaco,Primavera-Verano,Temporal,Papa,190.0,190.0,0.0,4940.0,26.0,4106.07,20283985.8
2014,México,Toluca,Santiago Tianguistengo,Tianguistenco,Primavera-Verano,Temporal,Papa,150.0,150.0,0.0,3750.0,25.0,4141.0,15528750.0
2014,México,Toluca,Mexicalzingo,Calimaya,Primavera-Verano,Temporal,Papa,55.1,55.1,0.0,1432.6,26.0,4500.0,6446700.0
2014,México,Texcoco,Texcoco,Texcoco,Primavera-Verano,Temporal,Papa,5.5,5.5,0.0,115.06,20.92,4852.0,558271.12
2014,México,Texcoco,Juchitepec,Juchitepec,Primavera-Verano,Temporal,Papa,755.0,755.0,0.0,27935.0,37.0,6678.81,186572557.35
2014,México,Tejupilco,Temascaltepec,San Simón de Guerrero,Otoño-Invierno,Riego,Papa,8.0,8.0,0.0,156.0,19.5,6038.46,941999.76
2014,México,Tejupilco,Temascaltepec,Temascaltepec,Otoño-Invierno,Riego,Papa,180.0,180.0,0.0,3510.0,19.5,6000.0,21060000.0
2014,México,Tejupilco,Temascaltepec,Temascaltepec,Primavera-Verano,Temporal,Papa,41.0,41.0,0.0,475.6,11.6,7723.09,3673101.6
2014,México,Atlacomulco,San Felipe del Progreso,San Felipe del Progreso,Primavera-Verano,Temporal,Papa,90.0,90.0,0.0,2250.0,25.0,6727.78,15137505.0
2014,México,Atlacomulco,La Trinidad,San José del Rincón,Primavera-Verano,Temporal,Papa,590.0,590.0,0.0,15340.0,26.0,5687.8,87250852.0
2014,México,Atlacomulco,San Bartolo Morelos,Morelos,Primavera-Verano,Temporal,Papa,20.5,20.5,0.0,522.75,25.5,5043.9,2636698.72
2014,México,Atlacomulco,Jiquipilco,Jiquipilco,Primavera-Verano,Riego,Papa,15.0,15.0,0.0,270.0,18.0,8000.0,2160000.0
2014,México,Atlacomulco,Jiquipilco,Jiquipilco,Primavera-Verano,Temporal,Papa,30.25,30.25,0.0,408.38,13.5,6550.0,2674889.0
2014,México,Coatepec Harinas,Coatepec Harinas,Coatepec Harinas,Otoño-Invierno,Riego,Papa,13.0,13.0,0.0,290.0,22.31,5482.14,1589820.6
2014,México,Coatepec Harinas,Coatepec Harinas,Coatepec Harinas,Primavera-Verano,Riego,Papa,26.0,26.0,0.0,507.0,19.5,7029.0,3563703.0
2014,México,Coatepec Harinas,Coatepec Harinas,Coatepec Harinas,Primavera-Verano,Temporal,Papa,14.0,14.0,0.0,245.0,17.5,6944.08,1701299.6
2014,México,Coatepec Harinas,Almoloya de Alquisiras,Almoloya de Alquisiras,Otoño-Invierno,Riego,Papa,5.0,5.0,0.0,100.0,20.0,5060.0,506000.0
2014,México,Valle de Bravo,Valle de Bravo,Valle de Bravo,Otoño-Invierno,Riego,Papa,185.0,185.0,0.0,4532.5,24.5,5162.16,23397490.2
2014,México,Valle de Bravo,Villa Victoria,Villa Victoria,Primavera-Verano,Temporal,Papa,180.0,180.0,0.0,5760.0,32.0,7000.0,40320000.0
2014,México,Valle de Bravo,Villa de Allende,Villa de Allende,Primavera-Verano,Temporal,Papa,380.0,380.0,0.0,13680.0,36.0,7000.0,95760000.0
2014,México,Valle de Bravo,Amanalco,Amanalco,Primavera-Verano,Temporal,Papa,15.0,15.0,0.0,345.0,23.0,9000.0,3105000.0
2014,México,Valle de Bravo,Donato Guerra,Donato Guerra,Otoño-Invierno,Riego,Papa,61.0,61.0,0.0,1220.0,20.0,7733.33,9434662.6
2014,México,Valle de Bravo,Donato Guerra,Donato Guerra,Primavera-Verano,Temporal,Papa,60.0,60.0,0.0,2040.0,34.0,6980.0,14239200.0
2014,Michoacán,Uruapan,Paracho,Charapan,Primavera-Verano,Temporal,Papa,95.0,95.0,0.0,2375.0,25.0,6396.32,15191260.0
2014,Michoacán,Uruapan,Paracho,Nahuatzen,Primavera-Verano,Temporal,Papa,60.0,60.0,0.0,1500.0,25.0,6278.0,9417000.0
2014,Michoacán,Zamora,Zamora,Tangamandapio,Primavera-Verano,Temporal,Papa,200.0,200.0,0.0,8000.0,40.0,7880.0,63040000.0
2014,Michoacán,Zamora,Tangancícuaro,Tangancícuaro,Primavera-Verano,Temporal,Papa,1021.0,1021.0,0.0,42371.5,41.5,8223.8,348454741.7
2014,Morelos,Zacatepec-Galeana,Yautepec,Tlalnepantla,Primavera-Verano,Temporal,Papa,95.0,95.0,0.0,3135.0,33.0,7476.56,23439015.6
2014,Nuevo León,Galeana,Galeana,Galeana,Primavera-Verano,Riego,Papa,295.0,295.0,0.0,10177.5,34.5,7000.0,71242500.0
2014,Nuevo León,Galeana,San Rafael,Galeana,Primavera-Verano,Riego,Papa,1410.0,1410.0,0.0,49491.0,35.1,7032.47,348043972.77
2014,Nuevo León,Galeana,El Potosí,Galeana,Primavera-Verano,Riego,Papa,1180.0,1180.0,0.0,41890.0,35.5,7000.0,293230000.0
2014,Nuevo León,Galeana,Aramberri,Aramberri,Primavera-Verano,Riego,Papa,290.0,290.0,0.0,8845.0,30.5,7000.0,61915000.0
2014,Oaxaca,Sierra Juárez,Ixtlán,San Miguel Amatlán,Primavera-Verano,Temporal,Papa,32.0,32.0,0.0,294.4,9.2,3995.0,1176128.0
2014,Oaxaca,Sierra Juárez,Ayutla/Mixe,Tamazulápam del Espíritu Santo,Primavera-Verano,Temporal,Papa,12.5,12.5,0.0,115.63,9.25,4530.66,523880.22
2014,Oaxaca,Sierra Juárez,Ayutla/Mixe,San Pedro Y San Pablo Ayutla,Primavera-Verano,Temporal,Papa,5.25,5.25,0.0,48.56,9.25,4525.93,219779.16
2014,Oaxaca,Sierra Juárez,Ayutla/Mixe,Santa María Tlahuitoltepec,Primavera-Verano,Temporal,Papa,18.0,18.0,0.0,167.4,9.3,4547.75,761293.35
2014,Oaxaca,Sierra Juárez,Ayutla/Mixe,Totontepec Villa de Morelos,Primavera-Verano,Temporal,Papa,11.0,11.0,0.0,102.74,9.34,4550.54,467522.48
2014,Puebla,Zacatlán,Zacatlán,Aquixtla,Otoño-Invierno,Riego,Papa,120.0,120.0,0.0,943.2,7.86,4909.62,4630753.58
2014,Puebla,Zacatlán,Zacatlán,Aquixtla,Otoño-Invierno,Temporal,Papa,112.0,112.0,0.0,896.0,8.0,4781.36,4284098.56
2014,Puebla,Zacatlán,Zacatlán,Aquixtla,Primavera-Verano,Riego,Papa,90.0,90.0,0.0,630.0,7.0,4078.51,2569461.3
2014,Puebla,Zacatlán,Zacatlán,Aquixtla,Primavera-Verano,Temporal,Papa,92.0,92.0,0.0,598.0,6.5,3900.0,2332200.0
2014,Puebla,Zacatlán,Zacatlán,Chignahuapan,Otoño-Invierno,Riego,Papa,13.0,13.0,0.0,89.7,6.9,5234.56,469540.03
2014,Puebla,Zacatlán,Zacatlán,Chignahuapan,Otoño-Invierno,Temporal,Papa,12.0,12.0,0.0,97.8,8.15,4937.52,482889.46
2014,Puebla,Zacatlán,Zacatlán,Chignahuapan,Primavera-Verano,Riego,Papa,20.0,20.0,0.0,134.0,6.7,4158.21,557200.14
2014,Puebla,Zacatlán,Zacatlán,Ixtacamaxtitlán,Otoño-Invierno,Riego,Papa,27.0,27.0,0.0,211.95,7.85,5027.04,1065481.13
2014,Puebla,Zacatlán,Zacatlán,Ixtacamaxtitlán,Otoño-Invierno,Temporal,Papa,27.0,27.0,0.0,216.0,8.0,4894.12,1057129.92
2014,Puebla,Zacatlán,Zacatlán,Ixtacamaxtitlán,Primavera-Verano,Riego,Papa,98.0,98.0,0.0,823.2,8.4,5160.71,4248296.47
2014,Puebla,Zacatlán,Zacatlán,Ixtacamaxtitlán,Primavera-Verano,Temporal,Papa,620.0,620.0,0.0,4163.3,6.72,3963.19,16499948.93
2014,Puebla,Zacatlán,Zacatlán,Tetela de Ocampo,Otoño-Invierno,Riego,Papa,42.0,42.0,0.0,327.56,7.8,4805.47,1574079.75
2014,Puebla,Zacatlán,Zacatlán,Tetela de Ocampo,Otoño-Invierno,Temporal,Papa,32.0,32.0,0.0,254.2,7.94,4639.85,1179449.87
2014,Puebla,Zacatlán,Zacatlán,Tetela de Ocampo,Primavera-Verano,Riego,Papa,10.0,10.0,0.0,67.5,6.75,4722.22,318749.85
2014,Puebla,Zacatlán,Zacatlán,Tetela de Ocampo,Primavera-Verano,Temporal,Papa,45.0,45.0,0.0,279.0,6.2,3880.0,1082520.0
2014,Puebla,Zacatlán,Zacatlán,Zacatlán,Otoño-Invierno,Riego,Papa,17.0,17.0,0.0,132.6,7.8,4680.99,620699.27
2014,Puebla,Zacatlán,Zacatlán,Zacatlán,Otoño-Invierno,Temporal,Papa,17.0,17.0,0.0,139.23,8.19,4544.87,632782.25
2014,Puebla,Teziutlán,Zacapoaxtla,Nauzontla,Otoño-Invierno,Temporal,Papa,70.0,70.0,0.0,1120.0,16.0,4657.14,5215996.8
2014,Puebla,Teziutlán,Zacapoaxtla,Nauzontla,Primavera-Verano,Temporal,Papa,350.0,350.0,0.0,5250.0,15.0,4287.05,22507012.5
2014,Puebla,Teziutlán,Zacapoaxtla,Zacapoaxtla,Otoño-Invierno,Riego,Papa,50.0,50.0,0.0,1375.0,27.5,4981.82,6850002.5
2014,Puebla,Teziutlán,Zacapoaxtla,Zacapoaxtla,Otoño-Invierno,Temporal,Papa,440.0,440.0,0.0,7436.0,16.9,4760.18,35396698.48
2014,Puebla,Teziutlán,Zacapoaxtla,Zacapoaxtla,Primavera-Verano,Riego,Papa,50.0,50.0,0.0,1350.0,27.0,4250.0,5737500.0
2014,Puebla,Teziutlán,Zacapoaxtla,Zacapoaxtla,Primavera-Verano,Temporal,Papa,800.0,800.0,0.0,14160.0,17.7,4031.76,57089721.6
2014,Puebla,Teziutlán,Tlatlauquitepec,Atempan,Otoño-Invierno,Riego,Papa,40.0,40.0,0.0,940.0,23.5,5000.0,4700000.0
2014,Puebla,Teziutlán,Tlatlauquitepec,Chignautla,Primavera-Verano,Temporal,Papa,25.0,25.0,0.0,275.0,11.0,7900.0,2172500.0
2014,Puebla,Teziutlán,Tlatlauquitepec,Teteles de Avila Castillo,Otoño-Invierno,Riego,Papa,38.0,38.0,0.0,938.0,24.68,6000.0,5628000.0
2014,Puebla,Teziutlán,Tlatlauquitepec,Tlatlauquitepec,Otoño-Invierno,Riego,Papa,1195.0,1195.0,0.0,30729.5,25.72,5364.1,164836110.95
2014,Puebla,Teziutlán,Tlatlauquitepec,Tlatlauquitepec,Otoño-Invierno,Temporal,Papa,320.0,320.0,0.0,5120.0,16.0,6000.0,30720000.0
2014,Puebla,Teziutlán,Tlatlauquitepec,Tlatlauquitepec,Primavera-Verano,Riego,Papa,510.0,510.0,0.0,14790.0,29.0,6900.0,102051000.0
2014,Puebla,Teziutlán,Tlatlauquitepec,Tlatlauquitepec,Primavera-Verano,Temporal,Papa,390.0,390.0,0.0,5655.0,14.5,8000.0,45240000.0
2014,Puebla,Libres,Libres,Cuyoaco,Primavera-Verano,Riego,Papa,20.0,20.0,0.0,440.02,22.0,3999.82,1760000.8
2014,Puebla,Libres,Libres,Libres,Primavera-Verano,Riego,Papa,40.0,40.0,0.0,840.08,21.0,3600.07,3024346.81
2014,Puebla,Libres,Libres,Oriental,Primavera-Verano,Riego,Papa,30.0,30.0,0.0,510.09,17.0,3499.38,1784998.74
2014,Puebla,Libres,Guadalupe Victoria,Chichiquila,Otoño-Invierno,Riego,Papa,40.0,40.0,0.0,1120.0,28.0,6089.29,6820004.8
2014,Puebla,Libres,Guadalupe Victoria,Chichiquila,Otoño-Invierno,Temporal,Papa,90.0,90.0,0.0,2205.0,24.5,4969.25,10957196.25
2014,Puebla,Libres,Guadalupe Victoria,Chichiquila,Primavera-Verano,Temporal,Papa,550.0,550.0,0.0,11175.0,20.32,4584.07,51227017.8
2014,Puebla,Libres,Guadalupe Victoria,Chilchotla,Otoño-Invierno,Riego,Papa,120.0,120.0,0.0,3420.0,28.5,6147.37,21024005.4
2014,Puebla,Libres,Guadalupe Victoria,Chilchotla,Otoño-Invierno,Temporal,Papa,30.0,30.0,0.0,747.0,24.9,4738.15,3539398.05
2014,Puebla,Libres,Guadalupe Victoria,Chilchotla,Primavera-Verano,Temporal,Papa,290.0,290.0,0.0,5967.0,20.58,4203.7,25083482.73
2014,Puebla,Libres,Guadalupe Victoria,Guadalupe Victoria,Primavera-Verano,Riego,Papa,475.0,475.0,0.0,11115.0,23.4,4992.59,55492637.85
2014,Puebla,Libres,Guadalupe Victoria,Guadalupe Victoria,Primavera-Verano,Temporal,Papa,200.0,200.0,0.0,3760.0,18.8,4799.2,18044990.45
2014,Puebla,Libres,Guadalupe Victoria,Lafragua,Primavera-Verano,Riego,Papa,40.0,40.0,0.0,844.0,21.1,5153.79,4349798.76
2014,Puebla,Libres,Guadalupe Victoria,Lafragua,Primavera-Verano,Temporal,Papa,250.0,250.0,0.0,4853.0,19.41,4984.69,24190710.25
2014,Puebla,Libres,Guadalupe Victoria,Quimixtlán,Otoño-Invierno,Riego,Papa,200.0,200.0,0.0,5700.0,28.5,5989.47,34139979.0
2014,Puebla,Libres,Guadalupe Victoria,Quimixtlán,Primavera-Verano,Temporal,Papa,49.0,49.0,0.0,972.5,19.85,4772.19,4640952.52
2014,Puebla,Libres,Ciudad Serdán,Atzitzintla,Otoño-Invierno,Temporal,Papa,30.0,30.0,0.0,990.0,33.0,4200.0,4158000.0
2014,Puebla,Libres,Ciudad Serdán,Atzitzintla,Primavera-Verano,Temporal,Papa,50.0,50.0,0.0,1040.0,20.8,7200.0,7488000.0
2014,Puebla,Libres,Ciudad Serdán,Chalchicomula de Sesma,Otoño-Invierno,Temporal,Papa,5.0,5.0,0.0,105.0,21.0,4500.0,472500.0
2014,Puebla,Libres,Ciudad Serdán,San Nicolás Buenos Aires,Otoño-Invierno,Riego,Papa,85.0,85.0,0.0,2400.0,28.24,5100.0,12240000.0
2014,Puebla,Libres,Ciudad Serdán,San Nicolás Buenos Aires,Primavera-Verano,Riego,Papa,220.0,220.0,0.0,5500.0,25.0,8200.0,45100000.0
2014,Puebla,Libres,Ciudad Serdán,San Salvador El Seco,Otoño-Invierno,Riego,Papa,63.0,63.0,0.0,1890.0,30.0,5200.0,9828000.0
2014,Puebla,Libres,Ciudad Serdán,San Salvador El Seco,Otoño-Invierno,Temporal,Papa,80.0,80.0,0.0,2700.0,33.75,4100.0,11070000.0
2014,Puebla,Libres,Ciudad Serdán,San Salvador El Seco,Primavera-Verano,Riego,Papa,90.0,90.0,0.0,2322.0,25.8,8500.0,19737000.0
2014,Puebla,Libres,Ciudad Serdán,Tlachichuca,Otoño-Invierno,Temporal,Papa,10.0,10.0,0.0,260.0,26.0,4200.0,1092000.0
2014,Puebla,Libres,Ciudad Serdán,Tlachichuca,Primavera-Verano,Riego,Papa,25.0,25.0,0.0,450.0,18.0,8300.0,3735000.0
2014,Puebla,Cholula,Texmelucan,Tlahuapan,Primavera-Verano,Temporal,Papa,21.0,21.0,0.0,525.0,25.0,2850.0,1496250.0
2014,Puebla,Tehuacán,Sierra Negra,Ajalpan,Primavera-Verano,Temporal,Papa,3.0,3.0,0.0,16.29,5.43,4200.0,68418.0
2014,Puebla,Tehuacán,Sierra Negra,Vicente Guerrero,Primavera-Verano,Temporal,Papa,7.0,7.0,0.0,35.84,5.12,5200.0,186368.0
2014,Sinaloa,Los Mochis,El Carrizo,Ahome,Otoño-Invierno,Riego,Papa,54.0,54.0,0.0,1164.0,21.56,7308.85,8507501.4
2014,Sinaloa,Los Mochis,San Blas,El Fuerte,Otoño-Invierno,Riego,Papa,733.0,733.0,0.0,19793.0,27.0,8432.05,166895565.65
2014,Sinaloa,Los Mochis,Ahome,Ahome,Otoño-Invierno,Riego,Papa,192.0,192.0,0.0,6357.0,33.11,8378.72,53263523.04
2014,Sinaloa,Los Mochis,Los Mochis,Ahome,Otoño-Invierno,Riego,Papa,5492.0,5492.0,0.0,144268.0,26.27,8579.33,1237722780.44
2014,Sinaloa,Los Mochis,Ruíz Cortinez,Guasave,Otoño-Invierno,Riego,Papa,2373.74,2373.74,0.0,60177.0,25.35,6864.02,413056131.54
2014,Sinaloa,Los Mochis,Ruíz Cortinez,Sinaloa,Otoño-Invierno,Riego,Papa,754.36,754.36,0.0,17706.0,23.47,6200.44,109784990.64
2014,Sinaloa,Guasave,Sinaloa de Leyva,Sinaloa,Otoño-Invierno,Riego,Papa,546.0,546.0,0.0,10374.0,19.0,7800.0,80917200.0
2014,Sinaloa,Guasave,La Trinidad,Guasave,Otoño-Invierno,Riego,Papa,170.0,170.0,0.0,2890.0,17.0,8500.0,24565000.0
2014,Sinaloa,Guasave,La Trinidad,Sinaloa,Otoño-Invierno,Riego,Papa,43.0,43.0,0.0,774.0,18.0,4500.0,3483000.0
2014,Sinaloa,Guasave,El Burrión,Guasave,Otoño-Invierno,Riego,Papa,1308.5,1308.5,0.0,31612.0,24.16,6801.03,214994160.36
2014,Sonora,Caborca,Caborca,Caborca,Otoño-Invierno,Riego,Papa,100.0,100.0,0.0,3400.0,34.0,4500.0,15300000.0
2014,Sonora,Caborca,Caborca,Caborca,Primavera-Verano,Riego,Papa,1422.0,1422.0,0.0,54036.0,38.0,9900.0,534956400.0
2014,Sonora,Caborca,Atil,Altar,Primavera-Verano,Riego,Papa,1208.0,1208.0,0.0,47112.0,39.0,9800.0,461697600.0
2014,Sonora,Magdalena,Santa Ana,Santa Ana,Primavera-Verano,Riego,Papa,18.0,18.0,0.0,630.0,35.0,8700.0,5481000.0
2014,Sonora,Magdalena,Santa Ana,Trincheras,Primavera-Verano,Riego,Papa,28.0,28.0,0.0,924.0,33.0,7000.0,6468000.0
2014,Sonora,Agua Prieta,Cananea,Cananea,Primavera-Verano,Riego,Papa,30.5,30.5,0.0,610.0,20.0,5200.0,3172000.0
2014,Sonora,Hermosillo,Carbó,Hermosillo,Primavera-Verano,Riego,Papa,8.0,8.0,0.0,320.0,40.0,7385.0,2363200.0
2014,Sonora,Sahuaripa,Yécora,Yécora,Primavera-Verano,Temporal,Papa,3.0,3.0,0.0,22.29,7.43,7700.0,171633.0
2014,Sonora,Guaymas,Guaymas D.D.R.,Guaymas,Otoño-Invierno,Riego,Papa,2.0,0.0,2.0,0.0,0.0,0.0,0.0
2014,Sonora,Cajeme,Cd. Obregón,Cajeme,Otoño-Invierno,Riego,Papa,2098.0,2098.0,0.0,67136.0,32.0,8955.26,601220335.36
2014,Sonora,Cajeme,Villa Juárez,Cajeme,Otoño-Invierno,Riego,Papa,50.0,50.0,0.0,1850.0,37.0,6870.0,12709500.0
2014,Sonora,Cajeme,Villa Juárez,Etchojoa,Otoño-Invierno,Riego,Papa,103.0,103.0,0.0,3347.5,32.5,7975.06,26696513.35
2014,Sonora,Cajeme,Villa Juárez,Navojoa,Otoño-Invierno,Riego,Papa,41.0,41.0,0.0,1230.0,30.0,7839.02,9641994.6
2014,Sonora,Cajeme,Villa Juárez,Benito Juárez,Otoño-Invierno,Riego,Papa,540.0,540.0,0.0,19710.0,36.5,7335.16,144576003.6
2014,Sonora,Cajeme,Bácum,Bácum,Otoño-Invierno,Riego,Papa,240.0,240.0,0.0,8760.0,36.5,7337.5,64276500.0
2014,Sonora,Cajeme,Bácum,Cajeme,Otoño-Invierno,Riego,Papa,15.0,15.0,0.0,526.5,35.1,7510.0,3954015.0
2014,Sonora,Cajeme,Pueblo Yaqui,Bácum,Otoño-Invierno,Riego,Papa,200.0,200.0,0.0,6200.0,31.0,8650.0,53630000.0
2014,Sonora,Cajeme,Pueblo Yaqui,Cajeme,Otoño-Invierno,Riego,Papa,850.0,850.0,0.0,28050.0,33.0,9250.0,259462500.0
2014,Sonora,Navojoa,Navojoa,Navojoa,Otoño-Invierno,Riego,Papa,3139.0,3139.0,0.0,97779.85,31.15,8898.28,870072483.66
2014,Sonora,Navojoa,Etchojoa,Etchojoa,Otoño-Invierno,Riego,Papa,30.0,30.0,0.0,937.5,31.25,6507.0,6100312.5
2014,Sonora,Navojoa,Huatabampo,Huatabampo,Otoño-Invierno,Riego,Papa,1595.0,1595.0,0.0,49046.25,30.75,8836.54,433399149.98
2014,Tamaulipas,Jaumave,Tula,Tula,Primavera-Verano,Riego,Papa,66.0,66.0,0.0,2574.0,39.0,6120.45,15754038.3
2014,Tlaxcala,Calpulalpan,Calpulalpan,Calpulalpan,Primavera-Verano,Temporal,Papa,71.0,71.0,0.0,1349.0,19.0,5500.0,7419500.0
2014,Tlaxcala,Calpulalpan,Calpulalpan,Sanctórum de Lázaro Cárdenas,Primavera-Verano,Temporal,Papa,13.0,13.0,0.0,260.0,20.0,5500.0,1430000.0
2014,Tlaxcala,Calpulalpan,Calpulalpan,Nanacamilpa de Mariano Arista,Primavera-Verano,Temporal,Papa,35.0,35.0,0.0,665.0,19.0,5418.8,3603502.0
2014,Tlaxcala,Calpulalpan,Calpulalpan,Benito Juárez,Primavera-Verano,Temporal,Papa,29.0,29.0,0.0,580.0,20.0,5500.0,3190000.0
2014,Tlaxcala,Calpulalpan,Apizaco,Apizaco,Primavera-Verano,Temporal,Papa,23.0,23.0,0.0,460.0,20.0,5800.0,2668000.0
2014,Tlaxcala,Calpulalpan,Apizaco,Muñoz de Domingo Arenas,Primavera-Verano,Temporal,Papa,15.0,15.0,0.0,300.0,20.0,5716.67,1715001.0
2014,Tlaxcala,Calpulalpan,Apizaco,Tetla de La Solidaridad,Primavera-Verano,Temporal,Papa,24.0,24.0,0.0,480.0,20.0,5750.0,2760000.0
2014,Tlaxcala,Calpulalpan,Tlaxco,Atlangatepec,Primavera-Verano,Temporal,Papa,27.0,27.0,0.0,486.0,18.0,6125.93,2977201.98
2014,Tlaxcala,Calpulalpan,Tlaxco,Tlaxco,Primavera-Verano,Temporal,Papa,88.0,88.0,0.0,1584.0,18.0,5869.32,9297002.88
2014,Tlaxcala,Huamantla,Huamantla,Huamantla,Primavera-Verano,Riego,Papa,10.0,10.0,0.0,340.0,34.0,6000.0,2040000.0
2014,Tlaxcala,Huamantla,Cuapiaxtla,Atltzayanca,Primavera-Verano,Riego,Papa,20.0,20.0,0.0,680.0,34.0,6000.0,4080000.0
2014,Tlaxcala,Huamantla,Cuapiaxtla,Atltzayanca,Primavera-Verano,Temporal,Papa,18.0,18.0,0.0,252.0,14.0,6000.0,1512000.0
2014,Tlaxcala,Huamantla,Cuapiaxtla,Cuapiaxtla,Primavera-Verano,Riego,Papa,28.0,28.0,0.0,952.0,34.0,6000.0,5712000.0
2014,Tlaxcala,Huamantla,Teometitlán/Velazco,Terrenate,Primavera-Verano,Temporal,Papa,100.0,100.0,0.0,1400.0,14.0,6000.0,8400000.0
2014,Tlaxcala,Huamantla,Teometitlán/Velazco,Emiliano Zapata,Primavera-Verano,Temporal,Papa,40.0,40.0,0.0,560.0,14.0,6000.0,3360000.0
2014,Veracruz,Huayacocotla,Huayacocotla,Huayacocotla,Primavera-Verano,Temporal,Papa,16.0,16.0,0.0,136.0,8.5,7800.0,1060800.0
2014,Veracruz,Martínez de la Torre,Martínez de La Torre,Atzalan,Otoño-Invierno,Temporal,Papa,92.0,92.0,0.0,2700.0,29.35,7200.0,19440000.0
2014,Veracruz,Coatepec,Coatepec,Coatepec,Otoño-Invierno,Temporal,Papa,25.0,25.0,0.0,287.5,11.5,6226.09,1790000.88
2014,Veracruz,Coatepec,Coatepec,Xico,Otoño-Invierno,Temporal,Papa,75.0,75.0,0.0,900.0,12.0,6714.0,6042600.0
2014,Veracruz,Coatepec,Coatepec,Xico,Primavera-Verano,Temporal,Papa,100.0,100.0,0.0,1000.0,10.0,7500.0,7500000.0
2014,Veracruz,Coatepec,Coatepec,Tlalnelhuayocan,Otoño-Invierno,Temporal,Papa,18.0,18.0,0.0,198.0,11.0,5607.32,1110249.36
2014,Veracruz,Coatepec,Perote,Altotonga,Primavera-Verano,Riego,Papa,400.0,400.0,0.0,18800.0,47.0,4857.45,91320060.0
2014,Veracruz,Coatepec,Perote,Altotonga,Primavera-Verano,Temporal,Papa,55.0,55.0,0.0,1210.0,22.0,5181.82,6270002.2
2014,Veracruz,Coatepec,Perote,Ayahualulco,Otoño-Invierno,Temporal,Papa,15.0,15.0,0.0,270.0,18.0,5500.0,1485000.0
2014,Veracruz,Coatepec,Perote,Ayahualulco,Primavera-Verano,Temporal,Papa,750.0,750.0,0.0,15000.0,20.0,5509.34,82640100.0
2014,Veracruz,Coatepec,Perote,Ixhuacán de Los Reyes,Otoño-Invierno,Temporal,Papa,42.0,42.0,0.0,452.0,10.76,6000.0,2712000.0
2014,Veracruz,Coatepec,Perote,Jalacingo,Primavera-Verano,Riego,Papa,1400.0,1400.0,0.0,63000.0,45.0,5917.38,372794940.0
2014,Veracruz,Coatepec,Perote,Jalacingo,Primavera-Verano,Temporal,Papa,260.0,260.0,0.0,5980.0,23.0,5868.9,35096022.0
2014,Veracruz,Coatepec,Perote,Perote,Otoño-Invierno,Temporal,Papa,50.0,50.0,0.0,900.0,18.0,5000.0,4500000.0
2014,Veracruz,Coatepec,Perote,Perote,Primavera-Verano,Riego,Papa,550.0,550.0,0.0,24750.0,45.0,5690.91,140850022.5
2014,Veracruz,Coatepec,Perote,Perote,Primavera-Verano,Temporal,Papa,150.0,150.0,0.0,3300.0,22.0,5872.12,19377996.0
2014,Veracruz,Coatepec,Perote,Las Vigas de Ramírez,Primavera-Verano,Temporal,Papa,120.0,81.0,39.0,1620.0,20.0,5382.72,8720006.4
2014,Veracruz,Coatepec,Perote,Villa Aldama,Primavera-Verano,Riego,Papa,160.0,160.0,0.0,7200.0,45.0,6000.0,43200000.0
2014,Veracruz,Coatepec,Perote,Villa Aldama,Primavera-Verano,Temporal,Papa,135.0,135.0,0.0,2700.0,20.0,6127.78,16545006.0
2014,Veracruz,Coatepec,Naolinco,Acajete,Otoño-Invierno,Temporal,Papa,16.0,16.0,0.0,156.8,9.8,5800.0,909440.0
2014,Veracruz,Coatepec,Naolinco,Coacoatzintla,Otoño-Invierno,Temporal,Papa,70.0,70.0,0.0,610.6,8.72,5800.0,3541480.0
2014,Veracruz,Coatepec,Naolinco,Miahuatlán,Otoño-Invierno,Temporal,Papa,12.75,12.75,0.0,99.45,7.8,5800.0,576810.0
2014,Veracruz,Coatepec,Naolinco,Naolinco,Otoño-Invierno,Temporal,Papa,20.5,20.5,0.0,209.1,10.2,5800.0,1212780.0
2014,Veracruz,Coatepec,Naolinco,Rafael Lucio,Otoño-Invierno,Temporal,Papa,57.0,57.0,0.0,548.8,9.63,5800.0,3183040.0
2014,Veracruz,Coatepec,Naolinco,Tlacolulan,Otoño-Invierno,Temporal,Papa,12.0,12.0,0.0,103.2,8.6,5800.0,598560.0
2014,Veracruz,Coatepec,Naolinco,Tonayán,Otoño-Invierno,Temporal,Papa,35.0,35.0,0.0,352.8,10.08,5800.0,2046240.0
2014,Veracruz,Fortín,Acultzingo,Mariano Escobedo,Otoño-Invierno,Temporal,Papa,351.0,351.0,0.0,4036.5,11.5,5100.0,20586150.0
2014,Veracruz,Fortín,Acultzingo,Mariano Escobedo,Primavera-Verano,Temporal,Papa,281.0,281.0,0.0,3653.0,13.0,5220.0,19068660.0
2014,Veracruz,Fortín,Acultzingo,La Perla,Otoño-Invierno,Temporal,Papa,309.0,309.0,0.0,3410.0,11.04,5100.0,17391000.0
2014,Veracruz,Fortín,Acultzingo,La Perla,Primavera-Verano,Temporal,Papa,396.0,396.0,0.0,4752.0,12.0,6500.0,30888000.0
2014,Veracruz,Fortín,Huatusco,Alpatláhuac,Otoño-Invierno,Temporal,Papa,90.0,90.0,0.0,648.0,7.2,3700.0,2397600.0
2014,Veracruz,Fortín,Huatusco,Alpatláhuac,Primavera-Verano,Temporal,Papa,52.0,52.0,0.0,572.0,11.0,5500.0,3146000.0
2014,Veracruz,Fortín,Huatusco,Calcahualco,Otoño-Invierno,Temporal,Papa,120.0,120.0,0.0,864.0,7.2,3700.0,3196800.0
2014,Veracruz,Fortín,Huatusco,Calcahualco,Primavera-Verano,Temporal,Papa,71.0,71.0,0.0,781.0,11.0,5500.0,4295500.0
2014,Veracruz,Fortín,Huatusco,Coscomatepec,Otoño-Invierno,Temporal,Papa,295.0,295.0,0.0,2212.5,7.5,3700.0,8186250.0
2014,Veracruz,Fortín,Huatusco,Coscomatepec,Primavera-Verano,Temporal,Papa,75.0,75.0,0.0,825.0,11.0,5500.0,4537500.0
2014,Zacatecas,Zacatecas,Calera,Guadalupe,Primavera-Verano,Riego,Papa,230.0,230.0,0.0,9085.0,39.5,6470.94,58788489.9
2014,Zacatecas,Zacatecas,Villa de Cos,Pánuco,Primavera-Verano,Riego,Papa,113.0,113.0,0.0,5150.0,45.58,5964.6,30717690.0
2014,Zacatecas,Zacatecas,Villa de Cos,Villa de Cos,Primavera-Verano,Riego,Papa,440.0,440.0,0.0,18600.0,42.27,5945.45,110585370.0
2014,Zacatecas,Jalpa,Nochistlán,Nochistlán de Mejía,Primavera-Verano,Riego,Papa,2.5,2.5,0.0,52.5,21.0,6150.0,322875.0
2015,Baja California,Ensenada,Ensenada,Ensenada,Primavera-Verano,Riego,Papa,65.0,65.0,0.0,2470.0,38.0,5100.0,12597000.0
2015,Baja California Sur,Comondú,Comondú,Comondú,Otoño-Invierno,Riego,Papa,1417.0,1417.0,0.0,40000.0,28.23,8000.0,320000000.0
2015,Baja California Sur,Comondú,Comondú,Comondú,Primavera-Verano,Riego,Papa,1598.0,1328.0,270.0,42496.0,32.0,7500.0,318720000.0
2015,Coahuila,Frontera,Ocampo,Ocampo,Primavera-Verano,Riego,Papa,170.0,170.0,0.0,6823.8,40.14,5400.0,36848520.0
2015,Coahuila,Saltillo,Arteaga,Arteaga,Primavera-Verano,Riego,Papa,78.0,78.0,0.0,2833.66,36.33,7150.0,20260669.0
2015,Coahuila,Saltillo,Parras de La Fuente,Parras,Primavera-Verano,Riego,Papa,150.0,150.0,0.0,5298.6,35.32,7143.76,37851926.74
2015,Coahuila,Saltillo,Agua Nueva,Saltillo,Primavera-Verano,Riego,Papa,87.0,87.0,0.0,3021.16,34.73,7200.0,21752352.0
2015,Chiapas,San Cristóbal de las Casas,San Cristóbal de Las Casas,Chamula,Primavera-Verano,Temporal,Papa,390.0,390.0,0.0,7078.5,18.15,7620.0,53938170.0
2015,Chiapas,San Cristóbal de las Casas,San Cristóbal de Las Casas,Larráinzar,Primavera-Verano,Temporal,Papa,315.0,315.0,0.0,5638.5,17.9,7620.0,42965370.0
2015,Chiapas,San Cristóbal de las Casas,San Cristóbal de Las Casas,San Cristóbal de Las Casas,Otoño-Invierno,Riego,Papa,212.0,212.0,0.0,5003.2,23.6,8202.06,41036546.59
2015,Chiapas,San Cristóbal de las Casas,San Cristóbal de Las Casas,San Cristóbal de Las Casas,Primavera-Verano,Temporal,Papa,312.0,312.0,0.0,5697.12,18.26,7650.0,43582968.0
2015,Chiapas,San Cristóbal de las Casas,San Cristóbal de Las Casas,Teopisca,Primavera-Verano,Temporal,Papa,15.2,15.2,0.0,270.56,17.8,7600.0,2056256.0
2015,Chiapas,San Cristóbal de las Casas,San Cristóbal de Las Casas,Zinacantán,Primavera-Verano,Temporal,Papa,37.0,37.0,0.0,669.7,18.1,7600.0,5089720.0
2015,Chiapas,San Cristóbal de las Casas,Chenalhó,Chenalhó,Otoño-Invierno,Riego,Papa,36.0,36.0,0.0,756.0,21.0,8066.67,6098402.52
2015,Chiapas,San Cristóbal de las Casas,Chenalhó,Chenalhó,Primavera-Verano,Temporal,Papa,40.0,40.0,0.0,720.0,18.0,7550.0,5436000.0
2015,Chiapas,Motozintla,Amatenango/Motozintla,Motozintla,Primavera-Verano,Temporal,Papa,100.0,100.0,0.0,850.78,8.51,5430.0,4619735.4
2015,Chiapas,Motozintla,Porvenir,Bejucal de Ocampo,Primavera-Verano,Temporal,Papa,142.0,142.0,0.0,1153.04,8.12,5430.0,6261007.2
2015,Chiapas,Motozintla,Porvenir,La Grandeza,Primavera-Verano,Temporal,Papa,37.0,37.0,0.0,306.36,8.28,5430.0,1663534.8
2015,Chiapas,Motozintla,Porvenir,El Porvenir,Primavera-Verano,Temporal,Papa,228.0,228.0,0.0,1918.74,8.42,5331.81,10230361.2
2015,Chiapas,Motozintla,Porvenir,Siltepec,Primavera-Verano,Temporal,Papa,109.0,109.0,0.0,903.61,8.29,5430.0,4906602.3
2015,Chihuahua,Casas Grandes,Nuevo Casas Grandes,Nuevo Casas Grandes,Primavera-Verano,Riego,Papa,400.0,400.0,0.0,14000.0,35.0,7000.0,98000000.0
2015,Chihuahua,Casas Grandes,Janos,Janos,Primavera-Verano,Riego,Papa,700.22,700.22,0.0,28000.0,39.99,6785.71,189999880.0
2015,Chihuahua,Buenaventura,Buenaventura,Galeana,Primavera-Verano,Riego,Papa,101.5,101.5,0.0,3248.0,32.0,8000.0,25984000.0
2015,Chihuahua,Madera,Gómez Farías,Gómez Farías,Primavera-Verano,Riego,Papa,8.0,8.0,0.0,96.0,12.0,5000.0,480000.0
2015,Chihuahua,Madera,Gómez Farías,Gómez Farías,Primavera-Verano,Temporal,Papa,16.0,16.0,0.0,192.0,12.0,6093.75,1170000.0
2015,Chihuahua,Madera,Soto Máynez,Namiquipa,Primavera-Verano,Riego,Papa,200.0,200.0,0.0,7602.0,38.01,6200.0,47132400.0
2015,Chihuahua,Madera,El Terrero,Namiquipa,Primavera-Verano,Riego,Papa,150.0,150.0,0.0,4650.0,31.0,6000.0,27900000.0
2015,Chihuahua,Papigochi,La Junta,Guerrero,Primavera-Verano,Riego,Papa,266.0,266.0,0.0,10640.0,40.0,8000.0,85120000.0
2015,Chihuahua,Papigochi,Guerrero,Guerrero,Primavera-Verano,Riego,Papa,25.0,25.0,0.0,1000.0,40.0,8000.0,8000000.0
2015,Chihuahua,San Juanito,San Juanito,Batopilas,Primavera-Verano,Temporal,Papa,45.0,45.0,0.0,179.55,3.99,9900.0,1777545.0
2015,Chihuahua,San Juanito,San Juanito,Bocoyna,Primavera-Verano,Temporal,Papa,330.0,330.0,0.0,1320.0,4.0,8900.0,11748000.0
2015,Chihuahua,San Juanito,San Juanito,Maguarichi,Primavera-Verano,Temporal,Papa,14.0,14.0,0.0,49.0,3.5,9400.0,460600.0
2015,Chihuahua,San Juanito,San Juanito,Morelos,Primavera-Verano,Temporal,Papa,32.0,32.0,0.0,127.68,3.99,9900.0,1264032.0
2015,Chihuahua,San Juanito,Tomochi,Moris,Primavera-Verano,Temporal,Papa,51.0,51.0,0.0,173.4,3.4,10400.0,1803360.0
2015,Chihuahua,San Juanito,Tomochi,Ocampo,Primavera-Verano,Temporal,Papa,41.0,41.0,0.0,164.0,4.0,10200.0,1672800.0
2015,Chihuahua,San Juanito,Tomochi,Uruachi,Primavera-Verano,Temporal,Papa,39.0,39.0,0.0,128.7,3.3,10300.0,1325610.0
2015,Chihuahua,San Juanito,San Rafael,Urique,Primavera-Verano,Temporal,Papa,68.0,68.0,0.0,333.2,4.9,9900.0,3298680.0
2015,Chihuahua,Balleza,Balleza,Balleza,Primavera-Verano,Temporal,Papa,40.0,40.0,0.0,320.4,8.01,7000.0,2242800.0
2015,Chihuahua,Balleza,Guachochi,Guachochi,Primavera-Verano,Temporal,Papa,130.0,130.0,0.0,910.0,7.0,7000.0,6370000.0
2015,Chihuahua,Balleza,Guadalupe Y Calvo,Guadalupe Y Calvo,Primavera-Verano,Temporal,Papa,100.0,100.0,0.0,730.6,7.31,6808.38,4974200.0
2015,Ciudad de México,Xochimilco,San Mateo Xalpa,Tlalpan,Primavera-Verano,Temporal,Papa,350.0,350.0,0.0,13430.0,38.37,7539.62,101257096.6
2015,Ciudad de México,Xochimilco,San Antonio Tecómitl,Milpa Alta,Primavera-Verano,Temporal,Papa,235.0,235.0,0.0,4647.5,19.78,8414.74,39107504.15
2015,Durango,Durango,Vicente Guerrero,Nombre de Dios,Primavera-Verano,Riego,Papa,3.0,3.0,0.0,45.0,15.0,8500.0,382500.0
2015,Durango,El Salto,San Miguel de Cruces,San Dimas,Primavera-Verano,Temporal,Papa,23.0,23.0,0.0,63.8,2.77,8000.0,510400.0
2015,Durango,El Salto,El Salto,Pueblo Nuevo,Primavera-Verano,Temporal,Papa,2.0,2.0,0.0,5.2,2.6,8600.0,44720.0
2015,Durango,Villa Ocampo,Guanaceví,Guanaceví,Primavera-Verano,Temporal,Papa,77.0,77.0,0.0,308.0,4.0,10100.0,3110800.0
2015,Durango,Santiago Papasquiaro,Tepehuanes,Canelas,Primavera-Verano,Temporal,Papa,30.5,30.5,0.0,151.2,4.96,9800.0,1481760.0
2015,Durango,Santiago Papasquiaro,Tepehuanes,Tepehuanes,Primavera-Verano,Temporal,Papa,36.0,36.0,0.0,163.5,4.54,9800.0,1602300.0
2015,Durango,Santiago Papasquiaro,Tepehuanes,Topia,Primavera-Verano,Temporal,Papa,25.2,25.2,0.0,116.9,4.64,9700.0,1133930.0
2015,Durango,Santiago Papasquiaro,Santiago Papasquiaro,Otáez,Primavera-Verano,Temporal,Papa,105.0,105.0,0.0,391.65,3.73,9936.35,3891571.48
2015,Durango,Santiago Papasquiaro,Santiago Papasquiaro,Santiago Papasquiaro,Primavera-Verano,Temporal,Papa,65.0,65.0,0.0,338.0,5.2,9500.0,3211000.0
2015,Guanajuato,León,Leon,León,Otoño-Invierno,Riego,Papa,81.0,81.0,0.0,2430.0,30.0,5600.0,13608000.0
2015,Guanajuato,León,San Francisco del Rincón,Manuel Doblado,Otoño-Invierno,Riego,Papa,69.0,69.0,0.0,2346.0,34.0,5529.92,12973192.32
2015,Guanajuato,León,San Francisco del Rincón,Purísima del Rincón,Otoño-Invierno,Riego,Papa,210.0,210.0,0.0,8505.0,40.5,6000.0,51030000.0
2015,Guanajuato,León,San Francisco del Rincón,San Francisco del Rincón,Otoño-Invierno,Riego,Papa,362.0,362.0,0.0,14480.0,40.0,5960.22,86303985.6
2015,Guanajuato,León,Silao/Guanajuato,Romita,Otoño-Invierno,Riego,Papa,26.0,26.0,0.0,780.0,30.0,6240.38,4867496.4
2015,Guanajuato,León,Silao/Guanajuato,Silao de La Victoria,Otoño-Invierno,Riego,Papa,40.0,40.0,0.0,1400.0,35.0,6267.86,8775004.0
2015,Hidalgo,Pachuca,Apan,Almoloya,Primavera-Verano,Temporal,Papa,21.0,21.0,0.0,378.0,18.0,5000.0,1890000.0
2015,Hidalgo,Pachuca,Apan,Apan,Primavera-Verano,Temporal,Papa,20.0,20.0,0.0,360.0,18.0,5000.0,1800000.0
2015,Jalisco,Ciudad Guzmán,Zacoalco de Torres,Amacueca,Primavera-Verano,Temporal,Papa,142.5,142.5,0.0,4823.63,33.85,4884.08,23558994.81
2015,Jalisco,Ciudad Guzmán,Tapalpa,Atemajac de Brizuela,Primavera-Verano,Temporal,Papa,30.0,30.0,0.0,900.0,30.0,4657.78,4192002.0
2015,Jalisco,Ciudad Guzmán,Tapalpa,Tapalpa,Primavera-Verano,Temporal,Papa,1652.0,1652.0,0.0,50500.0,30.57,4737.42,239239710.0
2015,Jalisco,Ciudad Guzmán,Sayula,San Gabriel,Primavera-Verano,Temporal,Papa,31.5,31.5,0.0,1332.45,42.3,5760.0,7674912.0
2015,México,Toluca,Almoloya de Juárez,Almoloya de Juárez,Primavera-Verano,Temporal,Papa,300.0,300.0,0.0,6795.0,22.65,5500.0,37372500.0
2015,México,Toluca,Zinacantepec,Zinacantepec,Primavera-Verano,Riego,Papa,173.0,173.0,0.0,5190.0,30.0,4593.35,23839486.5
2015,México,Toluca,Zinacantepec,Zinacantepec,Primavera-Verano,Temporal,Papa,705.0,705.0,0.0,19740.0,28.0,7910.65,156156231.0
2015,México,Toluca,Tenango del Valle,Joquicingo,Primavera-Verano,Temporal,Papa,188.0,188.0,0.0,4888.0,26.0,4932.98,24112406.24
2015,México,Toluca,Tenango del Valle,Tenango del Valle,Primavera-Verano,Temporal,Papa,698.0,698.0,0.0,19648.7,28.15,4752.95,93389288.67
2015,México,Toluca,Toluca,Toluca,Primavera-Verano,Temporal,Papa,20.0,20.0,0.0,410.8,20.54,6725.0,2762630.0
2015,México,Toluca,Santiago Tianguistengo,Capulhuac,Primavera-Verano,Temporal,Papa,68.0,68.0,0.0,1697.5,24.96,5332.3,9051579.25
2015,México,Toluca,Santiago Tianguistengo,Xalatlaco,Primavera-Verano,Temporal,Papa,205.0,205.0,0.0,5224.0,25.48,5285.77,27612862.48
2015,México,Toluca,Santiago Tianguistengo,Tianguistenco,Primavera-Verano,Temporal,Papa,143.0,143.0,0.0,3542.0,24.77,5119.57,18133516.94
2015,México,Toluca,Mexicalzingo,Calimaya,Primavera-Verano,Temporal,Papa,57.0,57.0,0.0,1596.0,28.0,5543.86,8848000.56
2015,México,Texcoco,Texcoco,Texcoco,Primavera-Verano,Temporal,Papa,6.5,6.5,0.0,182.0,28.0,6120.0,1113840.0
2015,México,Texcoco,Chalco,Chalco,Primavera-Verano,Temporal,Papa,50.0,50.0,0.0,1200.0,24.0,6650.0,7980000.0
2015,México,Texcoco,Juchitepec,Juchitepec,Primavera-Verano,Temporal,Papa,777.0,777.0,0.0,28368.27,36.51,6643.57,188466587.5
2015,México,Tejupilco,Temascaltepec,San Simón de Guerrero,Primavera-Verano,Temporal,Papa,4.0,4.0,0.0,20.0,5.0,7000.0,140000.0
2015,México,Tejupilco,Temascaltepec,Temascaltepec,Otoño-Invierno,Riego,Papa,160.0,160.0,0.0,2609.6,16.31,8375.0,21855400.0
2015,México,Tejupilco,Temascaltepec,Temascaltepec,Primavera-Verano,Temporal,Papa,40.5,40.5,0.0,272.0,6.72,5500.0,1496000.0
2015,México,Atlacomulco,San Felipe del Progreso,San Felipe del Progreso,Primavera-Verano,Temporal,Papa,60.0,60.0,0.0,1506.0,25.1,4961.91,7472636.46
2015,México,Atlacomulco,La Trinidad,San José del Rincón,Primavera-Verano,Temporal,Papa,595.8,595.8,0.0,20853.0,35.0,5223.15,108918347.0
2015,México,Atlacomulco,San Bartolo Morelos,Morelos,Primavera-Verano,Temporal,Papa,14.0,14.0,0.0,351.68,25.12,4324.0,1520664.32
2015,México,Atlacomulco,Jiquipilco,Jiquipilco,Primavera-Verano,Riego,Papa,10.0,10.0,0.0,127.0,12.7,6609.15,839362.05
2015,México,Atlacomulco,Jiquipilco,Jiquipilco,Primavera-Verano,Temporal,Papa,12.0,12.0,0.0,150.0,12.5,6111.49,916723.5
2015,México,Coatepec Harinas,Coatepec Harinas,Coatepec Harinas,Otoño-Invierno,Riego,Papa,10.0,10.0,0.0,180.0,18.0,6000.0,1080000.0
2015,México,Coatepec Harinas,Coatepec Harinas,Coatepec Harinas,Primavera-Verano,Riego,Papa,30.0,30.0,0.0,557.7,18.59,7000.0,3903900.0
2015,México,Coatepec Harinas,Coatepec Harinas,Coatepec Harinas,Primavera-Verano,Temporal,Papa,14.0,14.0,0.0,259.84,18.56,7785.71,2023038.89
2015,México,Coatepec Harinas,Ocuilan,Ocuilan,Primavera-Verano,Temporal,Papa,200.0,200.0,0.0,7600.0,38.0,7105.27,54000052.0
2015,México,Valle de Bravo,Valle de Bravo,Valle de Bravo,Otoño-Invierno,Riego,Papa,150.0,150.0,0.0,4050.0,27.0,8000.0,32400000.0
2015,México,Valle de Bravo,Villa Victoria,Villa Victoria,Primavera-Verano,Temporal,Papa,300.0,300.0,0.0,10800.0,36.0,4500.0,48600000.0
2015,México,Valle de Bravo,Villa de Allende,Villa de Allende,Primavera-Verano,Temporal,Papa,400.0,400.0,0.0,15200.0,38.0,4500.0,68400000.0
2015,México,Valle de Bravo,Amanalco,Amanalco,Primavera-Verano,Temporal,Papa,153.5,153.5,0.0,4758.5,31.0,4500.0,21413250.0
2015,México,Valle de Bravo,Donato Guerra,Donato Guerra,Otoño-Invierno,Riego,Papa,40.0,40.0,0.0,780.0,19.5,9000.0,7020000.0
2015,México,Valle de Bravo,Donato Guerra,Donato Guerra,Primavera-Verano,Temporal,Papa,80.0,80.0,0.0,2080.0,26.0,4000.0,8320000.0
2015,Michoacán,Uruapan,Paracho,Charapan,Primavera-Verano,Temporal,Papa,97.0,97.0,0.0,2522.0,26.0,5434.28,13705254.16
2015,Michoacán,Uruapan,Paracho,Nahuatzen,Primavera-Verano,Temporal,Papa,55.0,55.0,0.0,1430.0,26.0,5461.8,7810374.0
2015,Michoacán,Zamora,Zamora,Tangamandapio,Primavera-Verano,Temporal,Papa,223.0,223.0,0.0,9143.0,41.0,8163.68,74640526.24
2015,Michoacán,Zamora,Tangancícuaro,Tangancícuaro,Primavera-Verano,Temporal,Papa,1026.0,1026.0,0.0,43092.0,42.0,8129.63,350322016.0
2015,Michoacán,Zamora,Reyes Los,Los Reyes,Primavera-Verano,Temporal,Papa,70.0,70.0,0.0,2800.0,40.0,3000.0,8400000.0
2015,Michoacán,La Piedad,Zacapu,Zacapu,Primavera-Verano,Temporal,Papa,100.0,100.0,0.0,1400.0,14.0,6000.0,8400000.0
2015,Morelos,Zacatepec-Galeana,Yautepec,Tlalnepantla,Primavera-Verano,Temporal,Papa,103.0,103.0,0.0,2832.5,27.5,5400.0,15295500.0
2015,Nuevo León,Galeana,Galeana,Galeana,Primavera-Verano,Riego,Papa,290.0,290.0,0.0,10150.0,35.0,7500.0,76125000.0
2015,Nuevo León,Galeana,San Rafael,Galeana,Primavera-Verano,Riego,Papa,1450.0,1450.0,0.0,44225.0,30.5,7500.0,331687500.0
2015,Nuevo León,Galeana,El Potosí,Galeana,Primavera-Verano,Riego,Papa,1184.0,1184.0,0.0,41490.0,35.04,7500.48,311194915.2
2015,Nuevo León,Galeana,Aramberri,Aramberri,Primavera-Verano,Riego,Papa,285.0,285.0,0.0,9120.0,32.0,7200.0,65664000.0
2015,Oaxaca,Sierra Juárez,Ixtlán,San Miguel Amatlán,Primavera-Verano,Temporal,Papa,31.0,31.0,0.0,280.55,9.05,3980.0,1116589.0
2015,Oaxaca,Sierra Juárez,Ayutla/Mixe,Tamazulápam del Espíritu Santo,Primavera-Verano,Temporal,Papa,13.5,13.5,0.0,125.68,9.31,4498.74,565401.64
2015,Oaxaca,Sierra Juárez,Ayutla/Mixe,San Pedro Y San Pablo Ayutla,Primavera-Verano,Temporal,Papa,4.5,4.5,0.0,42.08,9.35,4484.76,188718.7
2015,Oaxaca,Sierra Juárez,Ayutla/Mixe,Santa María Tlahuitoltepec,Primavera-Verano,Temporal,Papa,20.0,20.0,0.0,189.0,9.45,4516.17,853556.13
2015,Oaxaca,Sierra Juárez,Ayutla/Mixe,Totontepec Villa de Morelos,Primavera-Verano,Temporal,Papa,11.5,11.5,0.0,109.25,9.5,4456.15,486834.39
2015,Puebla,Zacatlán,Zacatlán,Aquixtla,Otoño-Invierno,Riego,Papa,123.0,123.0,0.0,996.3,8.1,5867.24,5845531.21
2015,Puebla,Zacatlán,Zacatlán,Aquixtla,Primavera-Verano,Riego,Papa,45.0,45.0,0.0,360.0,8.0,4475.55,1611198.0
2015,Puebla,Zacatlán,Zacatlán,Aquixtla,Primavera-Verano,Temporal,Papa,43.5,43.5,0.0,295.8,6.8,4445.98,1315119.66
2015,Puebla,Zacatlán,Zacatlán,Chignahuapan,Otoño-Invierno,Riego,Papa,13.2,13.2,0.0,106.92,8.1,5980.15,639397.64
2015,Puebla,Zacatlán,Zacatlán,Chignahuapan,Primavera-Verano,Riego,Papa,10.0,10.0,0.0,80.0,8.0,4590.0,367200.0
2015,Puebla,Zacatlán,Zacatlán,Ixtacamaxtitlán,Otoño-Invierno,Riego,Papa,26.5,26.5,0.0,214.92,8.11,6096.6,1310281.27
2015,Puebla,Zacatlán,Zacatlán,Ixtacamaxtitlán,Primavera-Verano,Riego,Papa,70.0,70.0,0.0,560.0,8.0,4577.71,2563517.6
2015,Puebla,Zacatlán,Zacatlán,Ixtacamaxtitlán,Primavera-Verano,Temporal,Papa,514.0,514.0,0.0,3485.2,6.78,4457.17,15534123.4
2015,Puebla,Zacatlán,Zacatlán,Tetela de Ocampo,Otoño-Invierno,Riego,Papa,40.0,40.0,0.0,324.32,8.11,6094.01,1976409.32
2015,Puebla,Zacatlán,Zacatlán,Tetela de Ocampo,Primavera-Verano,Riego,Papa,5.0,5.0,0.0,40.0,8.0,4615.0,184600.0
2015,Puebla,Zacatlán,Zacatlán,Tetela de Ocampo,Primavera-Verano,Temporal,Papa,23.5,23.5,0.0,152.75,6.5,4444.68,678925.0
2015,Puebla,Zacatlán,Zacatlán,Zacatlán,Otoño-Invierno,Riego,Papa,16.5,16.5,0.0,133.65,8.1,5966.66,797444.11
2015,Puebla,Teziutlán,Zacapoaxtla,Nauzontla,Otoño-Invierno,Temporal,Papa,66.0,66.0,0.0,1023.0,15.5,4800.0,4910400.0
2015,Puebla,Teziutlán,Zacapoaxtla,Nauzontla,Primavera-Verano,Temporal,Papa,360.0,360.0,0.0,5040.0,14.0,4000.0,20160000.0
2015,Puebla,Teziutlán,Zacapoaxtla,Zacapoaxtla,Otoño-Invierno,Riego,Papa,55.0,55.0,0.0,1210.0,22.0,5000.0,6050000.0
2015,Puebla,Teziutlán,Zacapoaxtla,Zacapoaxtla,Otoño-Invierno,Temporal,Papa,450.21,450.21,0.0,6885.0,15.29,4700.0,32359500.0
2015,Puebla,Teziutlán,Zacapoaxtla,Zacapoaxtla,Primavera-Verano,Riego,Papa,55.0,55.0,0.0,1210.0,22.0,4500.0,5445000.0
2015,Puebla,Teziutlán,Zacapoaxtla,Zacapoaxtla,Primavera-Verano,Temporal,Papa,820.0,820.0,0.0,7380.0,9.0,4000.0,29520000.0
2015,Puebla,Teziutlán,Tlatlauquitepec,Atempan,Otoño-Invierno,Riego,Papa,30.0,30.0,0.0,749.7,24.99,5000.03,3748522.49
2015,Puebla,Teziutlán,Tlatlauquitepec,Chignautla,Primavera-Verano,Temporal,Papa,25.5,25.5,0.0,561.0,22.0,7955.0,4462755.0
2015,Puebla,Teziutlán,Tlatlauquitepec,Teteles de Avila Castillo,Otoño-Invierno,Riego,Papa,30.0,30.0,0.0,750.3,25.01,5000.07,3751552.52
2015,Puebla,Teziutlán,Tlatlauquitepec,Tlatlauquitepec,Otoño-Invierno,Riego,Papa,1050.0,1050.0,0.0,26250.0,25.0,5000.02,131250525.0
2015,Puebla,Teziutlán,Tlatlauquitepec,Tlatlauquitepec,Otoño-Invierno,Temporal,Papa,250.0,250.0,0.0,4497.5,17.99,6050.0,27209875.0
2015,Puebla,Teziutlán,Tlatlauquitepec,Tlatlauquitepec,Primavera-Verano,Riego,Papa,502.0,502.0,0.0,11044.0,22.0,6910.0,76314040.0
2015,Puebla,Teziutlán,Tlatlauquitepec,Tlatlauquitepec,Primavera-Verano,Temporal,Papa,400.24,400.24,0.0,8800.0,21.99,7955.0,70004000.0
2015,Puebla,Libres,Libres,Cuyoaco,Primavera-Verano,Riego,Papa,25.0,25.0,0.0,525.0,21.0,8000.0,4200000.0
2015,Puebla,Libres,Libres,Libres,Primavera-Verano,Riego,Papa,35.0,35.0,0.0,700.0,20.0,8200.0,5740000.0
2015,Puebla,Libres,Libres,Oriental,Primavera-Verano,Riego,Papa,25.0,25.0,0.0,462.5,18.5,8300.0,3838750.0
2015,Puebla,Libres,Guadalupe Victoria,Chichiquila,Primavera-Verano,Temporal,Papa,560.0,560.0,0.0,11032.0,19.7,3785.49,41761525.68
2015,Puebla,Libres,Guadalupe Victoria,Chilchotla,Otoño-Invierno,Temporal,Papa,35.0,35.0,0.0,560.0,16.0,7042.86,3944001.6
2015,Puebla,Libres,Guadalupe Victoria,Chilchotla,Primavera-Verano,Temporal,Papa,500.0,500.0,0.0,9000.0,18.0,5076.66,45689940.0
2015,Puebla,Libres,Guadalupe Victoria,Guadalupe Victoria,Primavera-Verano,Riego,Papa,300.22,300.22,0.0,8250.0,27.48,4553.33,37564972.5
2015,Puebla,Libres,Guadalupe Victoria,Guadalupe Victoria,Primavera-Verano,Temporal,Papa,250.0,250.0,0.0,5625.0,22.5,4732.67,26621268.75
2015,Puebla,Libres,Guadalupe Victoria,Lafragua,Primavera-Verano,Riego,Papa,30.0,30.0,0.0,810.0,27.0,4901.23,3969996.3
2015,Puebla,Libres,Guadalupe Victoria,Lafragua,Primavera-Verano,Temporal,Papa,350.0,350.0,0.0,6755.0,19.3,4266.99,28823517.45
2015,Puebla,Libres,Guadalupe Victoria,Quimixtlán,Otoño-Invierno,Temporal,Papa,20.0,20.0,0.0,320.0,16.0,7212.89,2308124.8
2015,Puebla,Libres,Guadalupe Victoria,Quimixtlán,Primavera-Verano,Temporal,Papa,60.0,60.0,0.0,1140.0,19.0,4753.95,5419503.0
2015,Puebla,Libres,Ciudad Serdán,Aljojuca,Primavera-Verano,Temporal,Papa,52.4,52.4,0.0,1299.52,24.8,3114.28,4047069.15
2015,Puebla,Libres,Ciudad Serdán,Atzitzintla,Otoño-Invierno,Temporal,Papa,31.0,31.0,0.0,750.2,24.2,5039.81,3780865.46
2015,Puebla,Libres,Ciudad Serdán,Chalchicomula de Sesma,Otoño-Invierno,Temporal,Papa,12.0,12.0,0.0,216.0,18.0,5500.0,1188000.0
2015,Puebla,Libres,Ciudad Serdán,San Nicolás Buenos Aires,Otoño-Invierno,Riego,Papa,88.0,88.0,0.0,1980.0,22.5,5061.01,10020799.8
2015,Puebla,Libres,Ciudad Serdán,San Nicolás Buenos Aires,Primavera-Verano,Riego,Papa,218.0,218.0,0.0,6213.0,28.5,3399.32,21119975.16
2015,Puebla,Libres,Ciudad Serdán,San Salvador El Seco,Otoño-Invierno,Riego,Papa,61.0,61.0,0.0,1769.0,29.0,5353.39,9470146.91
2015,Puebla,Libres,Ciudad Serdán,San Salvador El Seco,Otoño-Invierno,Temporal,Papa,71.5,71.5,0.0,1750.32,24.48,5285.51,9251333.86
2015,Puebla,Libres,Ciudad Serdán,San Salvador El Seco,Primavera-Verano,Riego,Papa,88.0,88.0,0.0,2411.2,27.4,3302.02,7961830.62
2015,Puebla,Libres,Ciudad Serdán,Tlachichuca,Otoño-Invierno,Temporal,Papa,12.0,12.0,0.0,300.0,25.0,5478.24,1643472.0
2015,Puebla,Libres,Ciudad Serdán,Tlachichuca,Primavera-Verano,Riego,Papa,26.8,26.8,0.0,715.56,26.7,3260.44,2333040.45
2015,Puebla,Cholula,Texmelucan,Tlahuapan,Primavera-Verano,Temporal,Papa,20.1,20.1,0.0,502.1,24.98,5860.0,2942306.0
2015,Puebla,Tehuacán,Sierra Negra,Ajalpan,Primavera-Verano,Temporal,Papa,5.0,5.0,0.0,25.0,5.0,3000.0,75000.0
2015,Puebla,Tehuacán,Sierra Negra,Vicente Guerrero,Primavera-Verano,Temporal,Papa,6.0,6.0,0.0,30.0,5.0,4500.0,135000.0
2015,Sinaloa,Los Mochis,El Carrizo,Ahome,Otoño-Invierno,Riego,Papa,165.0,165.0,0.0,3679.82,22.3,7000.0,25758740.0
2015,Sinaloa,Los Mochis,San Blas,El Fuerte,Otoño-Invierno,Riego,Papa,887.82,887.82,0.0,22983.41,25.89,7000.0,160883870.0
2015,Sinaloa,Los Mochis,Ahome,Ahome,Otoño-Invierno,Riego,Papa,314.9,314.9,0.0,9567.2,30.38,7336.08,70185744.58
2015,Sinaloa,Los Mochis,Los Mochis,Ahome,Otoño-Invierno,Riego,Papa,6151.46,6151.46,0.0,161091.5,26.19,6553.84,1055767916.0
2015,Sinaloa,Los Mochis,Ruíz Cortinez,Guasave,Otoño-Invierno,Riego,Papa,2780.0,2780.0,0.0,66800.0,24.03,8009.89,535060652.0
2015,Sinaloa,Los Mochis,Ruíz Cortinez,Sinaloa,Otoño-Invierno,Riego,Papa,1114.0,1114.0,0.0,28100.0,25.22,8000.0,224800000.0
2015,Sinaloa,Guasave,La Trinidad,Guasave,Otoño-Invierno,Riego,Papa,35.0,35.0,0.0,840.0,24.0,5000.0,4200000.0
2015,Sinaloa,Guasave,El Burrión,Guasave,Otoño-Invierno,Riego,Papa,1418.0,1418.0,0.0,36868.0,26.0,3922.42,144611780.6
2015,Sonora,Caborca,Caborca,Caborca,Primavera-Verano,Riego,Papa,1193.0,1193.0,0.0,53685.0,45.0,8527.81,457815479.9
2015,Sonora,Caborca,Caborca,Pitiquito,Primavera-Verano,Riego,Papa,100.0,100.0,0.0,3700.0,37.0,8545.0,31616500.0
2015,Sonora,Caborca,Atil,Altar,Primavera-Verano,Riego,Papa,1658.0,1658.0,0.0,66320.0,40.0,6927.98,459463633.6
2015,Sonora,Magdalena,Santa Ana,Santa Ana,Otoño-Invierno,Riego,Papa,10.0,10.0,0.0,140.0,14.0,8000.0,1120000.0
2015,Sonora,Agua Prieta,Cananea,Cananea,Primavera-Verano,Riego,Papa,30.0,30.0,0.0,603.0,20.1,6100.0,3678300.0
2015,Sonora,Ures,Ures,Rayón,Primavera-Verano,Riego,Papa,50.0,50.0,0.0,2250.0,45.0,5000.0,11250000.0
2015,Sonora,Hermosillo,Carbó,Hermosillo,Otoño-Invierno,Riego,Papa,76.0,76.0,0.0,2320.28,30.53,9180.0,21300170.4
2015,Sonora,Sahuaripa,Arivechi,Sahuaripa,Primavera-Verano,Temporal,Papa,4.0,4.0,0.0,26.8,6.7,7750.0,207700.0
2015,Sonora,Sahuaripa,Yécora,Yécora,Primavera-Verano,Temporal,Papa,7.5,7.5,0.0,52.5,7.0,7800.0,409500.0
2015,Sonora,Guaymas,Guaymas D.D.R.,Guaymas,Otoño-Invierno,Riego,Papa,20.0,20.0,0.0,340.0,17.0,8764.71,2980001.4
2015,Sonora,Cajeme,Cd. Obregón,Cajeme,Otoño-Invierno,Riego,Papa,2582.0,2582.0,0.0,75910.8,29.4,6735.74,511315412.0
2015,Sonora,Cajeme,Villa Juárez,Cajeme,Otoño-Invierno,Riego,Papa,103.0,103.0,0.0,3399.0,33.0,6883.2,23395996.8
2015,Sonora,Cajeme,Villa Juárez,Etchojoa,Otoño-Invierno,Riego,Papa,101.0,101.0,0.0,2878.5,28.5,6920.95,19921954.58
2015,Sonora,Cajeme,Villa Juárez,Benito Juárez,Otoño-Invierno,Riego,Papa,240.0,240.0,0.0,8160.0,34.0,7080.88,57779980.8
2015,Sonora,Cajeme,Bácum,Bácum,Otoño-Invierno,Riego,Papa,286.0,286.0,0.0,8494.2,29.7,6000.15,50966474.13
2015,Sonora,Cajeme,Bácum,Cajeme,Otoño-Invierno,Riego,Papa,24.0,24.0,0.0,708.0,29.5,6010.0,4255080.0
2015,Sonora,Cajeme,Pueblo Yaqui,Bácum,Otoño-Invierno,Riego,Papa,180.0,180.0,0.0,5760.0,32.0,7550.0,43488000.0
2015,Sonora,Cajeme,Pueblo Yaqui,Cajeme,Otoño-Invierno,Riego,Papa,790.0,790.0,0.0,28440.0,36.0,6723.99,191230275.6
2015,Sonora,Navojoa,Navojoa,Navojoa,Otoño-Invierno,Riego,Papa,3756.0,3756.0,0.0,117382.51,31.25,9602.15,1127124468.0
2015,Sonora,Navojoa,Etchojoa,Etchojoa,Otoño-Invierno,Riego,Papa,47.0,47.0,0.0,1543.01,32.83,9589.36,14796478.37
2015,Sonora,Navojoa,Huatabampo,Huatabampo,Otoño-Invierno,Riego,Papa,1582.0,1582.0,0.0,49874.13,31.53,5632.91,280936485.6
2015,Tamaulipas,Jaumave,Tula,Tula,Primavera-Verano,Riego,Papa,95.0,95.0,0.0,4750.0,50.0,9763.16,46375010.0
2015,Tlaxcala,Calpulalpan,Calpulalpan,Nanacamilpa de Mariano Arista,Primavera-Verano,Temporal,Papa,25.0,25.0,0.0,75.25,3.01,5000.0,376250.0
2015,Tlaxcala,Calpulalpan,Hueyotlipan,Españita,Primavera-Verano,Temporal,Papa,21.0,21.0,0.0,63.0,3.0,5142.86,324000.18
2015,Tlaxcala,Calpulalpan,Hueyotlipan,Hueyotlipan,Primavera-Verano,Temporal,Papa,28.0,28.0,0.0,84.0,3.0,5342.86,448800.24
2015,Tlaxcala,Calpulalpan,Tlaxco,Atlangatepec,Primavera-Verano,Temporal,Papa,16.0,16.0,0.0,48.0,3.0,5000.0,240000.0
2015,Tlaxcala,Calpulalpan,Tlaxco,Tlaxco,Primavera-Verano,Temporal,Papa,175.0,175.0,0.0,526.75,3.01,5000.0,2633750.0
2015,Tlaxcala,Huamantla,Cuapiaxtla,Atltzayanca,Primavera-Verano,Riego,Papa,10.0,10.0,0.0,380.1,38.01,4500.0,1710450.0
2015,Tlaxcala,Huamantla,Cuapiaxtla,Atltzayanca,Primavera-Verano,Temporal,Papa,15.0,15.0,0.0,240.0,16.0,4500.0,1080000.0
2015,Tlaxcala,Huamantla,Cuapiaxtla,Cuapiaxtla,Primavera-Verano,Riego,Papa,10.0,10.0,0.0,379.9,37.99,4500.0,1709550.0
2015,Tlaxcala,Huamantla,Teometitlán/Velazco,Terrenate,Primavera-Verano,Temporal,Papa,40.0,40.0,0.0,640.0,16.0,4500.0,2880000.0
2015,Tlaxcala,Huamantla,Teometitlán/Velazco,Emiliano Zapata,Primavera-Verano,Temporal,Papa,20.0,20.0,0.0,320.0,16.0,4500.0,1440000.0
2015,Veracruz,Huayacocotla,Huayacocotla,Huayacocotla,Primavera-Verano,Temporal,Papa,15.0,15.0,0.0,138.0,9.2,7900.0,1090200.0
2015,Veracruz,Martínez de la Torre,Martínez de La Torre,Atzalan,Otoño-Invierno,Temporal,Papa,70.0,70.0,0.0,1610.0,23.0,8000.0,12880000.0
2015,Veracruz,Coatepec,Coatepec,Coatepec,Otoño-Invierno,Temporal,Papa,20.0,20.0,0.0,250.0,12.5,8458.33,2114582.5
2015,Veracruz,Coatepec,Coatepec,Xico,Otoño-Invierno,Temporal,Papa,38.0,38.0,0.0,475.0,12.5,8801.54,4180731.5
2015,Veracruz,Coatepec,Coatepec,Xico,Primavera-Verano,Temporal,Papa,80.0,80.0,0.0,880.0,11.0,4000.0,3520000.0
2015,Veracruz,Coatepec,Coatepec,Tlalnelhuayocan,Otoño-Invierno,Temporal,Papa,16.0,16.0,0.0,184.0,11.5,8625.0,1587000.0
2015,Veracruz,Coatepec,Perote,Altotonga,Primavera-Verano,Riego,Papa,408.0,408.0,0.0,12648.0,31.0,4918.79,62212855.92
2015,Veracruz,Coatepec,Perote,Altotonga,Primavera-Verano,Temporal,Papa,56.0,56.0,0.0,1344.0,24.0,4911.54,6601109.76
2015,Veracruz,Coatepec,Perote,Ayahualulco,Otoño-Invierno,Temporal,Papa,25.0,25.0,0.0,437.5,17.5,5082.28,2223497.5
2015,Veracruz,Coatepec,Perote,Ayahualulco,Primavera-Verano,Temporal,Papa,765.0,765.0,0.0,14535.0,19.0,4969.36,72229647.6
2015,Veracruz,Coatepec,Perote,Ixhuacán de Los Reyes,Otoño-Invierno,Temporal,Papa,18.0,18.0,0.0,203.4,11.3,6555.56,1333400.9
2015,Veracruz,Coatepec,Perote,Jalacingo,Primavera-Verano,Riego,Papa,1122.0,1122.0,0.0,33660.0,30.0,4979.42,167607277.2
2015,Veracruz,Coatepec,Perote,Jalacingo,Primavera-Verano,Temporal,Papa,559.0,559.0,0.0,10062.0,18.0,4987.9,50188249.8
2015,Veracruz,Coatepec,Perote,Perote,Otoño-Invierno,Temporal,Papa,72.0,72.0,0.0,1584.0,22.0,5023.51,7957239.84
2015,Veracruz,Coatepec,Perote,Perote,Primavera-Verano,Riego,Papa,561.0,561.0,0.0,17952.0,32.0,4927.0,88449504.0
2015,Veracruz,Coatepec,Perote,Perote,Primavera-Verano,Temporal,Papa,153.0,153.0,0.0,3060.0,20.0,4934.51,15099600.6
2015,Veracruz,Coatepec,Perote,Las Vigas de Ramírez,Primavera-Verano,Temporal,Papa,102.0,102.0,0.0,1734.0,17.0,4862.5,8431575.0
2015,Veracruz,Coatepec,Perote,Villa Aldama,Primavera-Verano,Riego,Papa,163.0,163.0,0.0,4890.0,30.0,4985.07,24376992.3
2015,Veracruz,Coatepec,Perote,Villa Aldama,Primavera-Verano,Temporal,Papa,138.0,138.0,0.0,2346.0,17.0,5051.37,11850514.02
2015,Veracruz,Coatepec,Naolinco,Acajete,Otoño-Invierno,Temporal,Papa,17.0,17.0,0.0,156.0,9.18,5870.0,915720.0
2015,Veracruz,Coatepec,Naolinco,Coacoatzintla,Otoño-Invierno,Temporal,Papa,72.0,72.0,0.0,598.5,8.31,5870.0,3513195.0
2015,Veracruz,Coatepec,Naolinco,Miahuatlán,Otoño-Invierno,Temporal,Papa,13.75,13.75,0.0,105.0,7.64,5870.0,616350.0
2015,Veracruz,Coatepec,Naolinco,Naolinco,Otoño-Invierno,Temporal,Papa,21.5,21.5,0.0,221.0,10.28,5870.0,1297270.0
2015,Veracruz,Coatepec,Naolinco,Rafael Lucio,Otoño-Invierno,Temporal,Papa,58.0,58.0,0.0,540.0,9.31,5870.0,3169800.0
2015,Veracruz,Coatepec,Naolinco,Tlacolulan,Otoño-Invierno,Temporal,Papa,13.0,13.0,0.0,110.0,8.46,5870.0,645700.0
2015,Veracruz,Coatepec,Naolinco,Tonayán,Otoño-Invierno,Temporal,Papa,37.0,37.0,0.0,348.0,9.41,5870.0,2042760.0
2015,Veracruz,Fortín,Acultzingo,Mariano Escobedo,Otoño-Invierno,Temporal,Papa,355.0,355.0,0.0,3780.75,10.65,5500.0,20794125.0
2015,Veracruz,Fortín,Acultzingo,Mariano Escobedo,Primavera-Verano,Temporal,Papa,282.0,282.0,0.0,3360.0,11.91,6928.57,23279995.2
2015,Veracruz,Fortín,Acultzingo,La Perla,Otoño-Invierno,Temporal,Papa,315.0,315.0,0.0,3150.0,10.0,5500.0,17325000.0
2015,Veracruz,Fortín,Acultzingo,La Perla,Primavera-Verano,Temporal,Papa,395.0,395.0,0.0,4542.5,11.5,6879.75,31251264.38
2015,Veracruz,Fortín,Huatusco,Alpatláhuac,Otoño-Invierno,Temporal,Papa,95.0,95.0,0.0,693.5,7.3,5924.21,4108439.64
2015,Veracruz,Fortín,Huatusco,Alpatláhuac,Primavera-Verano,Temporal,Papa,53.0,53.0,0.0,535.3,10.1,8000.0,4282400.0
2015,Veracruz,Fortín,Huatusco,Calcahualco,Otoño-Invierno,Temporal,Papa,124.0,124.0,0.0,930.0,7.5,5781.05,5376376.5
2015,Veracruz,Fortín,Huatusco,Calcahualco,Primavera-Verano,Temporal,Papa,72.0,72.0,0.0,727.2,10.1,8000.0,5817600.0
2015,Veracruz,Fortín,Huatusco,Coscomatepec,Otoño-Invierno,Temporal,Papa,300.0,300.0,0.0,2340.0,7.8,5902.5,13811850.0
2015,Veracruz,Fortín,Huatusco,Coscomatepec,Primavera-Verano,Temporal,Papa,76.0,76.0,0.0,767.6,10.1,8000.0,6140800.0
2015,Zacatecas,Jerez,Villa Nueva,Jerez,Primavera-Verano,Riego,Papa,9.0,9.0,0.0,315.0,35.0,8400.0,2646000.0
2015,Zacatecas,Zacatecas,Calera,Guadalupe,Primavera-Verano,Riego,Papa,133.0,133.0,0.0,6650.0,50.0,10311.28,68570012.0
2015,Zacatecas,Zacatecas,Villa de Cos,Pánuco,Primavera-Verano,Riego,Papa,170.0,148.0,22.0,6290.0,42.5,10706.08,67341243.2
2015,Zacatecas,Zacatecas,Villa de Cos,Villa de Cos,Primavera-Verano,Riego,Papa,413.0,311.0,102.0,13217.5,42.5,9929.26,131239994.1
2016,Baja California,Ensenada,Ensenada,Ensenada,Primavera-Verano,Riego,Papa,64.0,52.0,12.0,1560.0,30.0,5500.0,8580000.0
2016,Baja California Sur,Comondú,Comondú,Comondú,Otoño-Invierno,Riego,Papa,1750.0,1750.0,0.0,49000.0,28.0,6011.43,294560070.0
2016,Baja California Sur,Comondú,Comondú,Comondú,Primavera-Verano,Riego,Papa,1273.0,1213.0,60.0,42455.0,35.0,4000.0,169820000.0
2016,Coahuila,Frontera,Ocampo,Ocampo,Primavera-Verano,Riego,Papa,130.0,130.0,0.0,5223.4,40.18,5500.0,28728700.0
2016,Coahuila,Saltillo,Arteaga,Arteaga,Primavera-Verano,Riego,Papa,128.0,128.0,0.0,4394.5,34.33,7285.0,32013932.5
2016,Coahuila,Saltillo,Parras de La Fuente,Parras,Primavera-Verano,Riego,Papa,140.0,140.0,0.0,4817.68,34.41,7325.0,35289506.0
2016,Coahuila,Saltillo,Agua Nueva,Saltillo,Primavera-Verano,Riego,Papa,80.0,80.0,0.0,2712.8,33.91,7325.0,19871260.0
2016,Chiapas,San Cristóbal de las Casas,San Cristóbal de Las Casas,Chamula,Primavera-Verano,Temporal,Papa,387.0,387.0,0.0,7012.44,18.12,7700.0,53995788.0
2016,Chiapas,San Cristóbal de las Casas,San Cristóbal de Las Casas,Larráinzar,Primavera-Verano,Temporal,Papa,317.0,317.0,0.0,5658.45,17.85,7669.53,43397652.03
2016,Chiapas,San Cristóbal de las Casas,San Cristóbal de Las Casas,San Cristóbal de Las Casas,Otoño-Invierno,Riego,Papa,215.0,215.0,0.0,4988.0,23.2,8210.0,40951480.0
2016,Chiapas,San Cristóbal de las Casas,San Cristóbal de Las Casas,San Cristóbal de Las Casas,Primavera-Verano,Temporal,Papa,310.0,310.0,0.0,5666.8,18.28,7707.99,43679637.73
2016,Chiapas,San Cristóbal de las Casas,San Cristóbal de Las Casas,Teopisca,Primavera-Verano,Temporal,Papa,17.0,17.0,0.0,301.75,17.75,7700.0,2323475.0
2016,Chiapas,San Cristóbal de las Casas,San Cristóbal de Las Casas,Zinacantán,Primavera-Verano,Temporal,Papa,38.0,38.0,0.0,688.56,18.12,7700.0,5301912.0
2016,Chiapas,San Cristóbal de las Casas,Chenalhó,Chenalhó,Otoño-Invierno,Riego,Papa,33.0,33.0,0.0,697.95,21.15,8120.0,5667354.0
2016,Chiapas,Motozintla,Amatenango/Motozintla,Motozintla,Primavera-Verano,Temporal,Papa,99.0,99.0,0.0,831.6,8.4,5380.0,4474008.0
2016,Chiapas,Motozintla,Porvenir,Bejucal de Ocampo,Primavera-Verano,Temporal,Papa,140.0,140.0,0.0,1127.0,8.05,5380.0,6063260.0
2016,Chiapas,Motozintla,Porvenir,La Grandeza,Primavera-Verano,Temporal,Papa,33.0,33.0,0.0,275.55,8.35,5380.0,1482459.0
2016,Chiapas,Motozintla,Porvenir,El Porvenir,Primavera-Verano,Temporal,Papa,225.0,225.0,0.0,1892.09,8.41,5279.19,9988704.2
2016,Chiapas,Motozintla,Porvenir,Siltepec,Primavera-Verano,Temporal,Papa,107.0,107.0,0.0,877.4,8.2,5380.0,4720412.0
2016,Chihuahua,Casas Grandes,Nuevo Casas Grandes,Nuevo Casas Grandes,Primavera-Verano,Riego,Papa,360.0,360.0,0.0,14400.0,40.0,7000.0,100800000.0
2016,Chihuahua,Casas Grandes,Janos,Janos,Primavera-Verano,Riego,Papa,500.0,500.0,0.0,20000.0,40.0,7000.0,140000000.0
2016,Chihuahua,Madera,Soto Máynez,Namiquipa,Primavera-Verano,Riego,Papa,90.0,90.0,0.0,2970.0,33.0,6000.0,17820000.0
2016,Chihuahua,Papigochi,La Junta,Guerrero,Primavera-Verano,Riego,Papa,260.0,260.0,0.0,10920.0,42.0,6500.0,70980000.0
2016,Chihuahua,Papigochi,Guerrero,Guerrero,Primavera-Verano,Riego,Papa,12.0,12.0,0.0,504.0,42.0,6916.67,3486001.68
2016,Chihuahua,San Juanito,San Juanito,Batopilas,Primavera-Verano,Temporal,Papa,30.0,30.0,0.0,63.0,2.1,9493.43,598086.09
2016,Chihuahua,San Juanito,San Juanito,Bocoyna,Primavera-Verano,Temporal,Papa,45.0,45.0,0.0,89.55,1.99,9227.14,826290.39
2016,Chihuahua,San Juanito,San Juanito,Maguarichi,Primavera-Verano,Temporal,Papa,12.0,12.0,0.0,33.6,2.8,9214.29,309600.14
2016,Chihuahua,San Juanito,San Juanito,Morelos,Primavera-Verano,Temporal,Papa,20.0,20.0,0.0,64.0,3.2,9021.56,577379.84
2016,Chihuahua,San Juanito,Tomochi,Moris,Primavera-Verano,Temporal,Papa,10.0,10.0,0.0,36.0,3.6,10450.0,376200.0
2016,Chihuahua,San Juanito,Tomochi,Ocampo,Primavera-Verano,Temporal,Papa,80.0,80.0,0.0,440.0,5.5,10227.5,4500100.0
2016,Chihuahua,San Juanito,Tomochi,Uruachi,Primavera-Verano,Temporal,Papa,50.0,50.0,0.0,192.0,3.84,10236.0,1965312.0
2016,Chihuahua,San Juanito,San Rafael,Urique,Primavera-Verano,Temporal,Papa,65.0,65.0,0.0,149.5,2.3,9761.43,1459333.79
2016,Chihuahua,Balleza,Balleza,Balleza,Primavera-Verano,Temporal,Papa,30.0,30.0,0.0,120.0,4.0,8000.0,960000.0
2016,Chihuahua,Balleza,Guachochi,Guachochi,Primavera-Verano,Temporal,Papa,98.0,98.0,0.0,294.0,3.0,7500.0,2205000.0
2016,Chihuahua,Balleza,Guadalupe Y Calvo,Guadalupe Y Calvo,Primavera-Verano,Temporal,Papa,107.5,107.5,0.0,533.5,4.96,7206.84,3844850.0
2016,Ciudad de México,Xochimilco,San Mateo Xalpa,Tlalpan,Primavera-Verano,Temporal,Papa,413.0,413.0,0.0,15852.0,38.38,7570.67,120010260.8
2016,Ciudad de México,Xochimilco,San Antonio Tecómitl,Milpa Alta,Primavera-Verano,Temporal,Papa,233.0,233.0,0.0,3495.0,15.0,8508.56,29737417.2
2016,Ciudad de México,Xochimilco,San Antonio Tecómitl,Tláhuac,Primavera-Verano,Temporal,Papa,1.5,0.0,1.5,0.0,0.0,0.0,0.0
2016,Durango,El Salto,San Miguel de Cruces,San Dimas,Primavera-Verano,Temporal,Papa,11.0,11.0,0.0,27.5,2.5,7600.0,209000.0
2016,Durango,El Salto,El Salto,Pueblo Nuevo,Primavera-Verano,Temporal,Papa,2.5,2.5,0.0,6.25,2.5,7500.0,46875.0
2016,Durango,El Salto,El Salto,Tamazula,Primavera-Verano,Temporal,Papa,25.0,25.0,0.0,65.75,2.63,7200.0,473400.0
2016,Durango,Villa Ocampo,Guanaceví,Guanaceví,Primavera-Verano,Temporal,Papa,78.0,78.0,0.0,320.58,4.11,10800.0,3462264.0
2016,Durango,Santiago Papasquiaro,Tepehuanes,Canelas,Primavera-Verano,Temporal,Papa,41.0,41.0,0.0,379.13,9.25,11140.0,4223508.2
2016,Durango,Santiago Papasquiaro,Tepehuanes,Tepehuanes,Primavera-Verano,Temporal,Papa,37.0,37.0,0.0,332.52,8.99,12110.0,4026817.2
2016,Durango,Santiago Papasquiaro,Tepehuanes,Topia,Primavera-Verano,Temporal,Papa,36.0,36.0,0.0,327.74,9.1,12120.0,3972208.8
2016,Durango,Santiago Papasquiaro,Santiago Papasquiaro,Otáez,Primavera-Verano,Temporal,Papa,90.0,90.0,0.0,212.85,2.37,12170.0,2590384.5
2016,Durango,Santiago Papasquiaro,Santiago Papasquiaro,Santiago Papasquiaro,Primavera-Verano,Temporal,Papa,66.0,66.0,0.0,594.0,9.0,11300.0,6712200.0
2016,Guanajuato,León,Leon,León,Otoño-Invierno,Riego,Papa,67.0,67.0,0.0,2412.0,36.0,4500.0,10854000.0
2016,Guanajuato,León,San Francisco del Rincón,Manuel Doblado,Otoño-Invierno,Riego,Papa,30.0,30.0,0.0,1140.0,38.0,5000.0,5700000.0
2016,Guanajuato,León,San Francisco del Rincón,Purísima del Rincón,Otoño-Invierno,Riego,Papa,365.0,365.0,0.0,14673.0,40.2,3999.0,58677327.0
2016,Guanajuato,León,San Francisco del Rincón,San Francisco del Rincón,Otoño-Invierno,Riego,Papa,401.0,401.0,0.0,16240.5,40.5,4500.0,73082250.0
2016,Guanajuato,León,Silao/Guanajuato,Romita,Otoño-Invierno,Riego,Papa,35.0,35.0,0.0,1120.0,32.0,5000.0,5600000.0
2016,Guanajuato,León,Silao/Guanajuato,Silao de La Victoria,Otoño-Invierno,Riego,Papa,10.0,10.0,0.0,300.0,30.0,5400.0,1620000.0
2016,Hidalgo,Pachuca,Apan,Almoloya,Primavera-Verano,Temporal,Papa,10.0,10.0,0.0,175.0,17.5,4500.0,787500.0
2016,Jalisco,Ciudad Guzmán,Zacoalco de Torres,Amacueca,Primavera-Verano,Temporal,Papa,123.0,123.0,0.0,4243.5,34.5,5097.53,21631368.56
2016,Jalisco,Ciudad Guzmán,Tapalpa,Atemajac de Brizuela,Primavera-Verano,Temporal,Papa,35.0,35.0,0.0,1049.65,29.99,4480.92,4703397.68
2016,Jalisco,Ciudad Guzmán,Tapalpa,Tapalpa,Primavera-Verano,Temporal,Papa,1700.0,1700.0,0.0,50983.0,29.99,4463.11,227542737.1
2016,Jalisco,Ciudad Guzmán,Sayula,Sayula,Primavera-Verano,Temporal,Papa,6.0,6.0,0.0,240.72,40.12,3500.0,842520.0
2016,Jalisco,Ciudad Guzmán,Sayula,San Gabriel,Otoño-Invierno,Riego,Papa,5.0,5.0,0.0,199.95,39.99,5990.0,1197700.5
2016,Jalisco,Ciudad Guzmán,Sayula,San Gabriel,Primavera-Verano,Temporal,Papa,130.0,130.0,0.0,5200.0,40.0,3500.0,18200000.0
2016,México,Toluca,Almoloya de Juárez,Almoloya de Juárez,Primavera-Verano,Temporal,Papa,200.0,200.0,0.0,5000.0,25.0,4500.0,22500000.0
2016,México,Toluca,Zinacantepec,Zinacantepec,Primavera-Verano,Riego,Papa,170.5,170.5,0.0,5149.1,30.2,7080.54,36458408.51
2016,México,Toluca,Zinacantepec,Zinacantepec,Primavera-Verano,Temporal,Papa,771.0,771.0,0.0,21973.5,28.5,7255.77,159434662.1
2016,México,Toluca,Tenango del Valle,Joquicingo,Primavera-Verano,Temporal,Papa,194.0,194.0,0.0,5073.1,26.15,4448.58,22568091.2
2016,México,Toluca,Tenango del Valle,Tenango del Valle,Primavera-Verano,Temporal,Papa,896.0,896.0,0.0,26880.0,30.0,4043.79,108697075.2
2016,México,Toluca,Toluca,Toluca,Primavera-Verano,Temporal,Papa,4.0,4.0,0.0,77.2,19.3,7463.41,576175.25
2016,México,Toluca,Santiago Tianguistengo,Capulhuac,Primavera-Verano,Temporal,Papa,71.0,71.0,0.0,1491.0,21.0,5120.0,7633920.0
2016,México,Toluca,Santiago Tianguistengo,Xalatlaco,Primavera-Verano,Temporal,Papa,190.1,190.1,0.0,4657.45,24.5,5817.96,27096857.8
2016,México,Toluca,Santiago Tianguistengo,Tianguistenco,Primavera-Verano,Temporal,Papa,170.0,170.0,0.0,3910.0,23.0,5599.99,21895960.9
2016,México,Toluca,Mexicalzingo,Calimaya,Primavera-Verano,Temporal,Papa,55.0,55.0,0.0,1567.5,28.5,6040.67,9468750.23
2016,México,Texcoco,Chalco,Chalco,Primavera-Verano,Temporal,Papa,40.0,40.0,0.0,1000.0,25.0,6695.0,6695000.0
2016,México,Texcoco,Juchitepec,Juchitepec,Primavera-Verano,Temporal,Papa,350.0,350.0,0.0,12782.0,36.52,6695.0,85575490.0
2016,México,Tejupilco,Temascaltepec,Temascaltepec,Otoño-Invierno,Riego,Papa,120.0,120.0,0.0,1980.0,16.5,8250.0,16335000.0
2016,México,Tejupilco,Temascaltepec,Temascaltepec,Primavera-Verano,Temporal,Papa,32.0,32.0,0.0,419.2,13.1,8000.0,3353600.0
2016,México,Atlacomulco,San Felipe del Progreso,San Felipe del Progreso,Primavera-Verano,Temporal,Papa,70.0,70.0,0.0,1841.0,26.3,5311.35,9778195.35
2016,México,Atlacomulco,La Trinidad,San José del Rincón,Primavera-Verano,Temporal,Papa,605.0,605.0,0.0,18150.0,30.0,4890.08,88754952.0
2016,México,Atlacomulco,San Bartolo Morelos,Morelos,Primavera-Verano,Temporal,Papa,19.0,19.0,0.0,480.7,25.3,4552.63,2188449.24
2016,México,Atlacomulco,Jiquipilco,Jiquipilco,Primavera-Verano,Riego,Papa,14.0,14.0,0.0,179.9,12.85,5954.86,1071279.31
2016,México,Atlacomulco,Jiquipilco,Jiquipilco,Primavera-Verano,Temporal,Papa,21.0,21.0,0.0,273.0,13.0,5578.38,1522897.74
2016,México,Coatepec Harinas,Coatepec Harinas,Coatepec Harinas,Otoño-Invierno,Riego,Papa,12.0,12.0,0.0,228.0,19.0,8000.0,1824000.0
2016,México,Coatepec Harinas,Coatepec Harinas,Coatepec Harinas,Primavera-Verano,Riego,Papa,23.0,23.0,0.0,427.8,18.6,3805.89,1628159.74
2016,México,Coatepec Harinas,Coatepec Harinas,Coatepec Harinas,Primavera-Verano,Temporal,Papa,12.0,12.0,0.0,220.8,18.4,3917.39,864959.71
2016,México,Coatepec Harinas,Ocuilan,Ocuilan,Primavera-Verano,Temporal,Papa,240.0,240.0,0.0,4802.4,20.01,3813.53,18314096.47
2016,México,Valle de Bravo,Valle de Bravo,Valle de Bravo,Otoño-Invierno,Riego,Papa,110.0,110.0,0.0,3115.0,28.32,4322.47,13464500.0
2016,México,Valle de Bravo,Villa Victoria,Villa Victoria,Primavera-Verano,Temporal,Papa,800.0,800.0,0.0,28400.0,35.5,4000.0,113600000.0
2016,México,Valle de Bravo,Villa de Allende,Villa de Allende,Primavera-Verano,Temporal,Papa,350.0,350.0,0.0,13230.0,37.8,4000.0,52920000.0
2016,México,Valle de Bravo,Amanalco,Amanalco,Otoño-Invierno,Riego,Papa,7.0,7.0,0.0,154.0,22.0,7500.0,1155000.0
2016,México,Valle de Bravo,Amanalco,Amanalco,Primavera-Verano,Temporal,Papa,321.5,321.5,0.0,8037.5,25.0,4000.0,32150000.0
2016,México,Valle de Bravo,Donato Guerra,Donato Guerra,Otoño-Invierno,Riego,Papa,30.0,30.0,0.0,630.0,21.0,8000.0,5040000.0
2016,México,Valle de Bravo,Donato Guerra,Donato Guerra,Primavera-Verano,Temporal,Papa,90.0,90.0,0.0,3195.0,35.5,4032.86,12884987.7
2016,Michoacán,Uruapan,Ziracuaretiro,Tingambato,Primavera-Verano,Temporal,Papa,120.0,120.0,0.0,3050.0,25.42,6000.0,18300000.0
2016,Michoacán,Uruapan,Paracho,Charapan,Primavera-Verano,Temporal,Papa,190.0,190.0,0.0,4655.0,24.5,6000.0,27930000.0
2016,Michoacán,Uruapan,Paracho,Nahuatzen,Primavera-Verano,Temporal,Papa,48.0,48.0,0.0,1279.2,26.65,6000.0,7675200.0
2016,Michoacán,Zamora,Zamora,Tangamandapio,Primavera-Verano,Temporal,Papa,50.0,50.0,0.0,2060.0,41.2,6985.0,14389100.0
2016,Michoacán,Zamora,Tangancícuaro,Chilchota,Primavera-Verano,Temporal,Papa,60.0,60.0,0.0,2400.0,40.0,4075.0,9780000.0
2016,Michoacán,Zamora,Tangancícuaro,Tangancícuaro,Primavera-Verano,Temporal,Papa,800.0,800.0,0.0,33000.0,41.25,7236.0,238788000.0
2016,Michoacán,Zamora,Reyes Los,Los Reyes,Primavera-Verano,Temporal,Papa,20.0,20.0,0.0,596.0,29.8,3850.0,2294600.0
2016,Michoacán,La Piedad,Zacapu,Zacapu,Primavera-Verano,Temporal,Papa,105.0,105.0,0.0,1837.5,17.5,5245.31,9638257.13
2016,Michoacán,Zitácuaro,Ciudad Hidalgo,Hidalgo,Primavera-Verano,Temporal,Papa,15.0,15.0,0.0,286.8,19.12,4054.1,1162715.88
2016,Morelos,Zacatepec-Galeana,Yautepec,Tlalnepantla,Primavera-Verano,Temporal,Papa,82.0,82.0,0.0,2214.0,27.0,5510.24,12199671.36
2016,Nuevo León,Galeana,Galeana,Galeana,Primavera-Verano,Riego,Papa,350.0,350.0,0.0,12600.0,36.0,7647.73,96361398.0
2016,Nuevo León,Galeana,San Rafael,Galeana,Primavera-Verano,Riego,Papa,1000.0,1000.0,0.0,34700.0,34.7,9000.0,312300000.0
2016,Nuevo León,Galeana,El Potosí,Galeana,Primavera-Verano,Riego,Papa,970.0,970.0,0.0,34047.0,35.1,8017.99,272988505.5
2016,Nuevo León,Galeana,Aramberri,Aramberri,Primavera-Verano,Riego,Papa,260.0,260.0,0.0,9230.0,35.5,7412.68,68419036.4
2016,Oaxaca,Sierra Juárez,Ixtlán,San Miguel Amatlán,Primavera-Verano,Temporal,Papa,34.75,34.75,0.0,337.08,9.7,4000.0,1348320.0
2016,Oaxaca,Sierra Juárez,Ayutla/Mixe,Tamazulápam del Espíritu Santo,Primavera-Verano,Temporal,Papa,14.5,14.5,0.0,133.4,9.2,4510.0,601634.0
2016,Oaxaca,Sierra Juárez,Ayutla/Mixe,San Pedro Y San Pablo Ayutla,Primavera-Verano,Temporal,Papa,3.0,3.0,0.0,30.3,10.1,4491.68,136097.9
2016,Oaxaca,Sierra Juárez,Ayutla/Mixe,Santa María Tlahuitoltepec,Primavera-Verano,Temporal,Papa,19.5,19.5,0.0,167.7,8.6,4498.6,754415.22
2016,Oaxaca,Sierra Juárez,Ayutla/Mixe,Totontepec Villa de Morelos,Primavera-Verano,Temporal,Papa,12.75,12.75,0.0,109.65,8.6,4470.44,490183.75
2016,Puebla,Zacatlán,Zacatlán,Aquixtla,Otoño-Invierno,Riego,Papa,84.5,84.5,0.0,760.5,9.0,5342.6,4063047.3
2016,Puebla,Zacatlán,Zacatlán,Aquixtla,Otoño-Invierno,Temporal,Papa,29.5,29.5,0.0,230.1,7.8,5503.39,1266330.04
2016,Puebla,Zacatlán,Zacatlán,Aquixtla,Primavera-Verano,Riego,Papa,33.0,33.0,0.0,410.85,12.45,4000.0,1643400.0
2016,Puebla,Zacatlán,Zacatlán,Aquixtla,Primavera-Verano,Temporal,Papa,22.0,22.0,0.0,195.8,8.9,4043.82,791780.0
2016,Puebla,Zacatlán,Zacatlán,Chignahuapan,Otoño-Invierno,Riego,Papa,4.5,4.5,0.0,39.15,8.7,5511.11,215759.96
2016,Puebla,Zacatlán,Zacatlán,Chignahuapan,Otoño-Invierno,Temporal,Papa,7.0,7.0,0.0,53.62,7.66,5614.25,301036.09
2016,Puebla,Zacatlán,Zacatlán,Chignahuapan,Primavera-Verano,Riego,Papa,7.0,7.0,0.0,81.69,11.67,4000.0,326760.0
2016,Puebla,Zacatlán,Zacatlán,Ixtacamaxtitlán,Otoño-Invierno,Riego,Papa,13.4,13.4,0.0,116.58,8.7,5498.51,641016.3
2016,Puebla,Zacatlán,Zacatlán,Ixtacamaxtitlán,Otoño-Invierno,Temporal,Papa,24.4,24.4,0.0,188.86,7.74,5624.59,1062260.07
2016,Puebla,Zacatlán,Zacatlán,Ixtacamaxtitlán,Primavera-Verano,Riego,Papa,65.0,65.0,0.0,830.7,12.78,4000.0,3322800.0
2016,Puebla,Zacatlán,Zacatlán,Ixtacamaxtitlán,Primavera-Verano,Temporal,Papa,167.0,167.0,0.0,1456.25,8.72,4036.82,5878625.0
2016,Puebla,Zacatlán,Zacatlán,Tetela de Ocampo,Otoño-Invierno,Riego,Papa,20.4,20.4,0.0,177.48,8.7,5413.23,960740.06
2016,Puebla,Zacatlán,Zacatlán,Tetela de Ocampo,Otoño-Invierno,Temporal,Papa,19.0,19.0,0.0,148.2,7.8,5492.11,813930.7
2016,Puebla,Zacatlán,Zacatlán,Tetela de Ocampo,Primavera-Verano,Riego,Papa,28.0,28.0,0.0,327.32,11.69,4000.0,1309280.0
2016,Puebla,Zacatlán,Zacatlán,Tetela de Ocampo,Primavera-Verano,Temporal,Papa,14.0,14.0,0.0,114.65,8.19,4068.6,466465.0
2016,Puebla,Zacatlán,Zacatlán,Zacatlán,Otoño-Invierno,Riego,Papa,8.6,8.6,0.0,74.39,8.65,5452.32,405598.08
2016,Puebla,Zacatlán,Zacatlán,Zacatlán,Otoño-Invierno,Temporal,Papa,8.5,8.5,0.0,66.56,7.83,5576.46,371169.18
2016,Puebla,Zacatlán,Zacatlán,Zacatlán,Primavera-Verano,Riego,Papa,16.0,16.0,0.0,272.0,17.0,4000.0,1088000.0
2016,Puebla,Zacatlán,Zacatlán,Zacatlán,Primavera-Verano,Temporal,Papa,15.0,15.0,0.0,210.0,14.0,4000.0,840000.0
2016,Puebla,Teziutlán,Zacapoaxtla,Nauzontla,Otoño-Invierno,Temporal,Papa,77.0,77.0,0.0,1155.0,15.0,5000.0,5775000.0
2016,Puebla,Teziutlán,Zacapoaxtla,Nauzontla,Primavera-Verano,Temporal,Papa,300.0,300.0,0.0,4110.0,13.7,4500.0,18495000.0
2016,Puebla,Teziutlán,Zacapoaxtla,Zacapoaxtla,Otoño-Invierno,Riego,Papa,53.0,53.0,0.0,1219.0,23.0,5500.0,6704500.0
2016,Puebla,Teziutlán,Zacapoaxtla,Zacapoaxtla,Otoño-Invierno,Temporal,Papa,473.0,473.0,0.0,7189.6,15.2,4900.0,35229040.0
2016,Puebla,Teziutlán,Zacapoaxtla,Zacapoaxtla,Primavera-Verano,Riego,Papa,30.0,30.0,0.0,900.0,30.0,4800.0,4320000.0
2016,Puebla,Teziutlán,Zacapoaxtla,Zacapoaxtla,Primavera-Verano,Temporal,Papa,750.0,750.0,0.0,7500.0,10.0,4300.0,32250000.0
2016,Puebla,Teziutlán,Tlatlauquitepec,Atempan,Otoño-Invierno,Riego,Papa,50.0,50.0,0.0,1350.0,27.0,5600.03,7560040.5
2016,Puebla,Teziutlán,Tlatlauquitepec,Atempan,Otoño-Invierno,Temporal,Papa,40.0,40.0,0.0,880.0,22.0,6060.0,5332800.0
2016,Puebla,Teziutlán,Tlatlauquitepec,Chignautla,Primavera-Verano,Temporal,Papa,30.0,30.0,0.0,750.0,25.0,7502.45,5626837.5
2016,Puebla,Teziutlán,Tlatlauquitepec,Teteles de Avila Castillo,Otoño-Invierno,Riego,Papa,60.0,60.0,0.0,1620.0,27.0,5600.06,9072097.2
2016,Puebla,Teziutlán,Tlatlauquitepec,Tlatlauquitepec,Otoño-Invierno,Riego,Papa,1100.0,1100.0,0.0,29700.0,27.0,5600.04,166321188.0
2016,Puebla,Teziutlán,Tlatlauquitepec,Tlatlauquitepec,Otoño-Invierno,Temporal,Papa,1060.0,1060.0,0.0,15113.99,14.26,6060.0,91590779.4
2016,Puebla,Teziutlán,Tlatlauquitepec,Tlatlauquitepec,Primavera-Verano,Riego,Papa,300.0,300.0,0.0,6300.0,21.0,6980.0,43974000.0
2016,Puebla,Teziutlán,Tlatlauquitepec,Tlatlauquitepec,Primavera-Verano,Temporal,Papa,850.0,850.0,0.0,21250.0,25.0,7503.56,159450650.0
2016,Puebla,Libres,Libres,Cuyoaco,Primavera-Verano,Riego,Papa,28.0,28.0,0.0,658.0,23.5,7142.86,4700001.88
2016,Puebla,Libres,Libres,Libres,Primavera-Verano,Riego,Papa,41.0,41.0,0.0,967.6,23.6,7200.0,6966720.0
2016,Puebla,Libres,Libres,Oriental,Primavera-Verano,Riego,Papa,36.0,36.0,0.0,774.0,21.5,7000.0,5418000.0
2016,Puebla,Libres,Guadalupe Victoria,Chichiquila,Primavera-Verano,Temporal,Papa,490.0,490.0,0.0,9800.0,20.0,2409.49,23613002.0
2016,Puebla,Libres,Guadalupe Victoria,Chilchotla,Otoño-Invierno,Temporal,Papa,33.0,33.0,0.0,653.4,19.8,5346.28,3493259.35
2016,Puebla,Libres,Guadalupe Victoria,Chilchotla,Primavera-Verano,Temporal,Papa,410.0,410.0,0.0,8405.0,20.5,2602.5,21874012.5
2016,Puebla,Libres,Guadalupe Victoria,Guadalupe Victoria,Primavera-Verano,Riego,Papa,570.0,570.0,0.0,14763.0,25.9,3493.23,51570554.49
2016,Puebla,Libres,Guadalupe Victoria,Lafragua,Primavera-Verano,Riego,Papa,35.0,35.0,0.0,910.0,26.0,3163.19,2878502.9
2016,Puebla,Libres,Guadalupe Victoria,Lafragua,Primavera-Verano,Temporal,Papa,315.0,315.0,0.0,6268.5,19.9,2649.17,16606322.15
2016,Puebla,Libres,Guadalupe Victoria,Quimixtlán,Otoño-Invierno,Temporal,Papa,75.0,75.0,0.0,1500.0,20.0,5060.0,7590000.0
2016,Puebla,Libres,Guadalupe Victoria,Quimixtlán,Primavera-Verano,Temporal,Papa,100.0,100.0,0.0,2030.0,20.3,4111.0,8345330.0
2016,Puebla,Libres,Ciudad Serdán,Atzitzintla,Otoño-Invierno,Temporal,Papa,30.0,30.0,0.0,656.1,21.87,4359.47,2860248.27
2016,Puebla,Libres,Ciudad Serdán,Atzitzintla,Primavera-Verano,Temporal,Papa,16.23,16.23,0.0,379.94,23.41,3500.0,1329790.0
2016,Puebla,Libres,Ciudad Serdán,Chalchicomula de Sesma,Otoño-Invierno,Temporal,Papa,8.0,8.0,0.0,188.48,23.56,4330.16,816148.56
2016,Puebla,Libres,Ciudad Serdán,San Nicolás Buenos Aires,Otoño-Invierno,Riego,Papa,80.0,80.0,0.0,2363.2,29.54,3911.88,9244554.82
2016,Puebla,Libres,Ciudad Serdán,San Nicolás Buenos Aires,Primavera-Verano,Riego,Papa,172.34,172.34,0.0,4756.58,27.6,3500.0,16648030.0
2016,Puebla,Libres,Ciudad Serdán,San Salvador El Seco,Otoño-Invierno,Riego,Papa,60.0,60.0,0.0,1792.2,29.87,4051.11,7260399.34
2016,Puebla,Libres,Ciudad Serdán,San Salvador El Seco,Otoño-Invierno,Temporal,Papa,70.0,70.0,0.0,1702.4,24.32,4352.4,7409525.76
2016,Puebla,Libres,Ciudad Serdán,San Salvador El Seco,Primavera-Verano,Riego,Papa,33.4,33.4,0.0,941.88,28.2,3600.0,3390768.0
2016,Puebla,Libres,Ciudad Serdán,Tlachichuca,Otoño-Invierno,Temporal,Papa,10.0,10.0,0.0,246.5,24.65,4343.9,1070771.35
2016,Puebla,Libres,Ciudad Serdán,Tlachichuca,Primavera-Verano,Riego,Papa,12.54,12.54,0.0,346.1,27.6,3800.0,1315180.0
2016,Puebla,Cholula,Texmelucan,Tlahuapan,Primavera-Verano,Temporal,Papa,19.0,19.0,0.0,484.5,25.5,5870.0,2844015.0
2016,Puebla,Tehuacán,Sierra Negra,Ajalpan,Primavera-Verano,Temporal,Papa,4.0,4.0,0.0,20.8,5.2,4000.0,83200.0
2016,Puebla,Tehuacán,Sierra Negra,Vicente Guerrero,Primavera-Verano,Temporal,Papa,5.0,5.0,0.0,27.5,5.5,4000.0,110000.0
2016,Sinaloa,Los Mochis,El Carrizo,Ahome,Otoño-Invierno,Riego,Papa,90.0,90.0,0.0,1650.0,18.33,7351.0,12129150.0
2016,Sinaloa,Los Mochis,San Blas,El Fuerte,Otoño-Invierno,Riego,Papa,1350.0,1350.0,0.0,34871.5,25.83,6335.52,220929085.7
2016,Sinaloa,Los Mochis,Ahome,Ahome,Otoño-Invierno,Riego,Papa,28.48,28.48,0.0,797.44,28.0,7000.0,5582080.0
2016,Sinaloa,Los Mochis,Los Mochis,Ahome,Otoño-Invierno,Riego,Papa,6708.0,6708.0,0.0,172981.0,25.79,6865.7,1187635652.0
2016,Sinaloa,Los Mochis,Ruíz Cortinez,Guasave,Otoño-Invierno,Riego,Papa,2371.0,2371.0,0.0,71428.0,30.13,7000.0,499996000.0
2016,Sinaloa,Los Mochis,Ruíz Cortinez,Sinaloa,Otoño-Invierno,Riego,Papa,1442.0,1442.0,0.0,42616.0,29.55,7000.0,298312000.0
2016,Sinaloa,Guasave,La Trinidad,Guasave,Otoño-Invierno,Riego,Papa,40.0,40.0,0.0,770.0,19.25,5540.0,4265800.0
2016,Sinaloa,Guasave,El Burrión,Guasave,Otoño-Invierno,Riego,Papa,1525.36,1525.36,0.0,32651.92,21.41,5852.86,191107116.5
2016,Sinaloa,Guasave,Petatlán,Guasave,Otoño-Invierno,Riego,Papa,80.35,80.35,0.0,2410.5,30.0,7000.0,16873500.0
2016,Sonora,Caborca,Caborca,Caborca,Otoño-Invierno,Riego,Papa,50.0,50.0,0.0,1750.0,35.0,5500.0,9625000.0
2016,Sonora,Caborca,Caborca,Caborca,Primavera-Verano,Riego,Papa,2789.0,2789.0,0.0,97615.0,35.0,5740.77,560385263.6
2016,Sonora,Caborca,Caborca,Pitiquito,Primavera-Verano,Riego,Papa,305.0,305.0,0.0,12200.0,40.0,5647.54,68899988.0
2016,Sonora,Caborca,Atil,Altar,Primavera-Verano,Riego,Papa,576.2,576.2,0.0,23336.1,40.5,5619.75,131143048.0
2016,Sonora,Magdalena,Magdalena,Magdalena,Primavera-Verano,Riego,Papa,40.0,40.0,0.0,985.2,24.63,8560.0,8433312.0
2016,Sonora,Magdalena,Santa Ana,Santa Ana,Primavera-Verano,Riego,Papa,40.0,40.0,0.0,1800.0,45.0,7500.0,13500000.0
2016,Sonora,Magdalena,Santa Ana,Trincheras,Otoño-Invierno,Riego,Papa,150.0,150.0,0.0,6000.0,40.0,5355.83,32134980.0
2016,Sonora,Magdalena,Santa Ana,Trincheras,Primavera-Verano,Riego,Papa,70.0,70.0,0.0,3150.0,45.0,7500.0,23625000.0
2016,Sonora,Agua Prieta,Cananea,Cananea,Primavera-Verano,Riego,Papa,30.0,30.0,0.0,544.5,18.15,6336.67,3450316.82
2016,Sonora,Hermosillo,Carbó,Hermosillo,Otoño-Invierno,Riego,Papa,190.0,190.0,0.0,5985.0,31.5,7000.0,41895000.0
2016,Sonora,Sahuaripa,Arivechi,Sahuaripa,Primavera-Verano,Temporal,Papa,4.5,4.5,0.0,31.05,6.9,7810.0,242500.5
2016,Sonora,Sahuaripa,Yécora,Yécora,Primavera-Verano,Temporal,Papa,4.5,4.5,0.0,32.4,7.2,7950.0,257580.0
2016,Sonora,Cajeme,Cd. Obregón,Cajeme,Otoño-Invierno,Riego,Papa,2270.0,2270.0,0.0,76272.0,33.6,6218.32,474283703.0
2016,Sonora,Cajeme,Villa Juárez,Cajeme,Otoño-Invierno,Riego,Papa,181.0,181.0,0.0,6063.5,33.5,5346.38,32417775.13
2016,Sonora,Cajeme,Villa Juárez,Benito Juárez,Otoño-Invierno,Riego,Papa,329.0,279.0,50.0,9625.5,34.5,5184.92,49907447.46
2016,Sonora,Cajeme,Bácum,Bácum,Otoño-Invierno,Riego,Papa,156.0,156.0,0.0,4524.0,29.0,6210.0,28094040.0
2016,Sonora,Cajeme,Bácum,Cajeme,Otoño-Invierno,Riego,Papa,152.0,152.0,0.0,4560.0,30.0,6212.0,28326720.0
2016,Sonora,Cajeme,Pueblo Yaqui,Bácum,Otoño-Invierno,Riego,Papa,370.0,370.0,0.0,13801.0,37.3,6115.0,84393115.0
2016,Sonora,Cajeme,Pueblo Yaqui,Cajeme,Otoño-Invierno,Riego,Papa,485.0,485.0,0.0,17848.0,36.8,6380.0,113870240.0
2016,Sonora,Navojoa,Navojoa,Navojoa,Otoño-Invierno,Riego,Papa,3814.0,3814.0,0.0,119759.6,31.4,6339.05,759162092.4
2016,Sonora,Navojoa,Etchojoa,Etchojoa,Otoño-Invierno,Riego,Papa,76.0,76.0,0.0,2356.0,31.0,9336.75,21997383.0
2016,Sonora,Navojoa,Huatabampo,Huatabampo,Otoño-Invierno,Riego,Papa,1510.0,1510.0,0.0,47414.0,31.4,6575.62,311776446.7
2016,Tamaulipas,Jaumave,Tula,Tula,Primavera-Verano,Riego,Papa,80.0,80.0,0.0,2740.0,34.25,4600.0,12604000.0
2016,Tlaxcala,Calpulalpan,Calpulalpan,Nanacamilpa de Mariano Arista,Primavera-Verano,Temporal,Papa,30.0,30.0,0.0,246.9,8.23,5050.0,1246845.0
2016,Tlaxcala,Calpulalpan,Hueyotlipan,Españita,Primavera-Verano,Temporal,Papa,22.0,22.0,0.0,168.96,7.68,5050.0,853248.0
2016,Tlaxcala,Calpulalpan,Hueyotlipan,Hueyotlipan,Primavera-Verano,Temporal,Papa,30.0,30.0,0.0,252.9,8.43,5050.0,1277145.0
2016,Tlaxcala,Calpulalpan,Tlaxco,Atlangatepec,Primavera-Verano,Temporal,Papa,20.0,20.0,0.0,135.4,6.77,5100.0,690540.0
2016,Tlaxcala,Calpulalpan,Tlaxco,Tlaxco,Primavera-Verano,Temporal,Papa,198.0,198.0,0.0,1514.7,7.65,5100.0,7724970.0
2016,Tlaxcala,Huamantla,Cuapiaxtla,Atltzayanca,Primavera-Verano,Riego,Papa,8.0,8.0,0.0,288.0,36.0,4000.0,1152000.0
2016,Tlaxcala,Huamantla,Cuapiaxtla,Atltzayanca,Primavera-Verano,Temporal,Papa,17.0,17.0,0.0,306.0,18.0,4000.0,1224000.0
2016,Tlaxcala,Huamantla,Cuapiaxtla,Cuapiaxtla,Primavera-Verano,Riego,Papa,5.0,5.0,0.0,180.0,36.0,4000.0,720000.0
2016,Tlaxcala,Huamantla,Teometitlán/Velazco,Terrenate,Primavera-Verano,Temporal,Papa,45.0,45.0,0.0,810.0,18.0,4000.0,3240000.0
2016,Tlaxcala,Huamantla,Teometitlán/Velazco,Emiliano Zapata,Primavera-Verano,Temporal,Papa,22.0,22.0,0.0,396.0,18.0,4000.0,1584000.0
2016,Veracruz,Huayacocotla,Huayacocotla,Huayacocotla,Primavera-Verano,Temporal,Papa,16.0,16.0,0.0,150.4,9.4,7850.0,1180640.0
2016,Veracruz,Martínez de la Torre,Martínez de La Torre,Atzalan,Otoño-Invierno,Temporal,Papa,60.0,60.0,0.0,1400.0,23.33,6800.0,9520000.0
2016,Veracruz,Coatepec,Coatepec,Coatepec,Otoño-Invierno,Temporal,Papa,40.0,40.0,0.0,488.0,12.2,5993.44,2924798.72
2016,Veracruz,Coatepec,Coatepec,Xico,Otoño-Invierno,Temporal,Papa,72.0,72.0,0.0,878.4,12.2,5986.89,5258884.18
2016,Veracruz,Coatepec,Coatepec,Xico,Primavera-Verano,Temporal,Papa,70.0,70.0,0.0,805.0,11.5,5000.0,4025000.0
2016,Veracruz,Coatepec,Coatepec,Tlalnelhuayocan,Otoño-Invierno,Temporal,Papa,25.0,25.0,0.0,300.0,12.0,6000.0,1800000.0
2016,Veracruz,Coatepec,Perote,Altotonga,Primavera-Verano,Riego,Papa,380.0,380.0,0.0,16720.0,44.0,5067.01,84720407.2
2016,Veracruz,Coatepec,Perote,Altotonga,Primavera-Verano,Temporal,Papa,60.0,60.0,0.0,1200.0,20.0,5058.5,6070200.0
2016,Veracruz,Coatepec,Perote,Ayahualulco,Otoño-Invierno,Temporal,Papa,26.0,26.0,0.0,494.0,19.0,5249.81,2593406.14
2016,Veracruz,Coatepec,Perote,Ayahualulco,Primavera-Verano,Temporal,Papa,600.0,600.0,0.0,14400.0,24.0,5048.78,72702432.0
2016,Veracruz,Coatepec,Perote,Ixhuacán de Los Reyes,Otoño-Invierno,Temporal,Papa,30.0,30.0,0.0,345.0,11.5,5008.7,1728001.5
2016,Veracruz,Coatepec,Perote,Jalacingo,Primavera-Verano,Riego,Papa,880.0,880.0,0.0,35200.0,40.0,5068.12,178397824.0
2016,Veracruz,Coatepec,Perote,Jalacingo,Primavera-Verano,Temporal,Papa,460.0,460.0,0.0,11040.0,24.0,5086.42,56154076.8
2016,Veracruz,Coatepec,Perote,Perote,Otoño-Invierno,Temporal,Papa,74.0,74.0,0.0,1480.0,20.0,5408.65,8004802.0
2016,Veracruz,Coatepec,Perote,Perote,Primavera-Verano,Riego,Papa,468.0,468.0,0.0,19188.0,41.0,5085.6,97582492.8
2016,Veracruz,Coatepec,Perote,Perote,Primavera-Verano,Temporal,Papa,180.0,180.0,0.0,3636.0,20.2,5101.12,18547672.32
2016,Veracruz,Coatepec,Perote,Las Vigas de Ramírez,Primavera-Verano,Temporal,Papa,96.0,96.0,0.0,2112.0,22.0,5079.57,10728051.84
2016,Veracruz,Coatepec,Perote,Villa Aldama,Primavera-Verano,Riego,Papa,157.0,157.0,0.0,5495.0,35.0,5114.2,28102529.0
2016,Veracruz,Coatepec,Perote,Villa Aldama,Primavera-Verano,Temporal,Papa,140.0,140.0,0.0,3220.0,23.0,5180.77,16682079.4
2016,Veracruz,Coatepec,Naolinco,Acajete,Otoño-Invierno,Temporal,Papa,17.0,17.0,0.0,221.0,13.0,6317.65,1396200.65
2016,Veracruz,Coatepec,Naolinco,Coacoatzintla,Otoño-Invierno,Temporal,Papa,72.5,72.5,0.0,797.5,11.0,6320.0,5040200.0
2016,Veracruz,Coatepec,Naolinco,Miahuatlán,Otoño-Invierno,Temporal,Papa,13.75,13.75,0.0,151.25,11.0,6320.0,955900.0
2016,Veracruz,Coatepec,Naolinco,Naolinco,Otoño-Invierno,Temporal,Papa,23.0,23.0,0.0,299.0,13.0,6321.74,1890200.26
2016,Veracruz,Coatepec,Naolinco,Rafael Lucio,Otoño-Invierno,Temporal,Papa,59.0,59.0,0.0,696.0,11.8,6320.69,4399200.24
2016,Veracruz,Coatepec,Naolinco,Tlacolulan,Otoño-Invierno,Temporal,Papa,13.0,13.0,0.0,143.0,11.0,6316.08,903199.44
2016,Veracruz,Coatepec,Naolinco,Tonayán,Otoño-Invierno,Temporal,Papa,37.5,37.5,0.0,487.5,13.0,6240.0,3042000.0
2016,Veracruz,Fortín,Acultzingo,Mariano Escobedo,Otoño-Invierno,Temporal,Papa,325.0,325.0,0.0,3412.5,10.5,6309.23,21530247.38
2016,Veracruz,Fortín,Acultzingo,Mariano Escobedo,Primavera-Verano,Temporal,Papa,283.0,283.0,0.0,3359.21,11.87,5199.92,17467623.26
2016,Veracruz,Fortín,Acultzingo,La Perla,Otoño-Invierno,Temporal,Papa,317.0,317.0,0.0,3391.9,10.7,6373.98,21619902.76
2016,Veracruz,Fortín,Acultzingo,La Perla,Primavera-Verano,Temporal,Papa,398.0,398.0,0.0,4346.16,10.92,5332.5,23175898.2
2016,Veracruz,Fortín,Huatusco,Alpatláhuac,Otoño-Invierno,Temporal,Papa,98.0,98.0,0.0,892.78,9.11,5521.1,4929127.66
2016,Veracruz,Fortín,Huatusco,Alpatláhuac,Primavera-Verano,Temporal,Papa,50.0,50.0,0.0,475.0,9.5,7592.0,3606200.0
2016,Veracruz,Fortín,Huatusco,Calcahualco,Otoño-Invierno,Temporal,Papa,129.0,129.0,0.0,1189.38,9.22,5786.98,6882918.27
2016,Veracruz,Fortín,Huatusco,Calcahualco,Primavera-Verano,Temporal,Papa,70.0,70.0,0.0,637.0,9.1,6904.66,4398268.42
2016,Veracruz,Fortín,Huatusco,Coscomatepec,Otoño-Invierno,Temporal,Papa,305.0,305.0,0.0,2891.4,9.48,5644.57,16320709.7
2016,Veracruz,Fortín,Huatusco,Coscomatepec,Primavera-Verano,Temporal,Papa,80.0,80.0,0.0,712.0,8.9,7183.98,5114993.76
2016,Zacatecas,Jerez,Villa Nueva,Jerez,Primavera-Verano,Riego,Papa,8.0,8.0,0.0,88.0,11.0,6000.0,528000.0
2016,Zacatecas,Zacatecas,Calera,Guadalupe,Primavera-Verano,Riego,Papa,150.0,150.0,0.0,7800.0,52.0,6505.85,50745630.0
2016,Zacatecas,Zacatecas,Villa de Cos,Pánuco,Primavera-Verano,Riego,Papa,390.0,390.0,0.0,15990.0,41.0,6228.21,99589077.9
2016,Zacatecas,Zacatecas,Villa de Cos,Villa de Cos,Primavera-Verano,Riego,Papa,325.0,325.0,0.0,13325.0,41.0,6172.61,82250028.25
2016,Zacatecas,Jalpa,Nochistlán,Nochistlán de Mejía,Primavera-Verano,Riego,Papa,1.0,1.0,0.0,20.8,20.8,4300.0,89440.0
2017,Baja California,Ensenada,Ensenada,Ensenada,Primavera-Verano,Riego,Papa,65.5,65.5,0.0,2292.5,35.0,6000.0,13755000.0
2017,Baja California Sur,Comondú,Comondú,Comondú,Otoño-Invierno,Riego,Papa,1412.0,1412.0,0.0,45607.6,32.3,5758.98,262653256.3
2017,Baja California Sur,Comondú,Comondú,Comondú,Primavera-Verano,Riego,Papa,1300.0,1300.0,0.0,44200.0,34.0,6362.62,281227804.0
2017,Coahuila,Frontera,Ocampo,Ocampo,Primavera-Verano,Riego,Papa,112.0,112.0,0.0,4513.6,40.3,6000.0,27081600.0
2017,Coahuila,Saltillo,Arteaga,Arteaga,Primavera-Verano,Riego,Papa,196.0,196.0,0.0,6705.36,34.21,7350.0,49284396.0
2017,Coahuila,Saltillo,Parras de La Fuente,Parras,Primavera-Verano,Riego,Papa,120.0,120.0,0.0,4284.0,35.7,7350.0,31487400.0
2017,Coahuila,Saltillo,Agua Nueva,Saltillo,Primavera-Verano,Riego,Papa,75.0,75.0,0.0,2517.75,33.57,7340.0,18480285.0
2017,Chiapas,San Cristóbal de las Casas,San Cristóbal de Las Casas,Chamula,Primavera-Verano,Temporal,Papa,391.0,391.0,0.0,7116.2,18.2,7815.11,55613885.78
2017,Chiapas,San Cristóbal de las Casas,San Cristóbal de Las Casas,Larráinzar,Primavera-Verano,Temporal,Papa,320.0,320.0,0.0,5792.0,18.1,7937.85,45976027.2
2017,Chiapas,San Cristóbal de las Casas,San Cristóbal de Las Casas,San Cristóbal de Las Casas,Otoño-Invierno,Riego,Papa,213.0,213.0,0.0,4984.2,23.4,8130.31,40523091.1
2017,Chiapas,San Cristóbal de las Casas,San Cristóbal de Las Casas,San Cristóbal de Las Casas,Primavera-Verano,Temporal,Papa,312.2,312.2,0.0,5703.89,18.27,7845.83,44751751.28
2017,Chiapas,San Cristóbal de las Casas,San Cristóbal de Las Casas,Teopisca,Primavera-Verano,Temporal,Papa,20.0,20.0,0.0,355.4,17.77,7767.28,2760491.31
2017,Chiapas,San Cristóbal de las Casas,San Cristóbal de Las Casas,Zinacantán,Primavera-Verano,Temporal,Papa,39.0,39.0,0.0,707.46,18.14,7799.11,5517558.36
2017,Chiapas,San Cristóbal de las Casas,Chenalhó,Chenalhó,Otoño-Invierno,Riego,Papa,35.0,35.0,0.0,743.75,21.25,8201.84,6100118.5
2017,Chiapas,Motozintla,Amatenango/Motozintla,Motozintla,Primavera-Verano,Temporal,Papa,98.0,98.0,0.0,818.3,8.35,5350.0,4377905.0
2017,Chiapas,Motozintla,Porvenir,Bejucal de Ocampo,Primavera-Verano,Temporal,Papa,139.0,139.0,0.0,1112.0,8.0,5350.0,5949200.0
2017,Chiapas,Motozintla,Porvenir,La Grandeza,Primavera-Verano,Temporal,Papa,32.0,32.0,0.0,265.6,8.3,5370.0,1426272.0
2017,Chiapas,Motozintla,Porvenir,El Porvenir,Primavera-Verano,Temporal,Papa,223.0,223.0,0.0,1895.5,8.5,5268.32,9986106.0
2017,Chiapas,Motozintla,Porvenir,Siltepec,Primavera-Verano,Temporal,Papa,105.0,105.0,0.0,855.75,8.15,5400.0,4621050.0
2017,Chihuahua,Casas Grandes,Nuevo Casas Grandes,Nuevo Casas Grandes,Primavera-Verano,Riego,Papa,510.0,510.0,0.0,21420.0,42.0,6857.51,146887864.2
2017,Chihuahua,Casas Grandes,Janos,Janos,Primavera-Verano,Riego,Papa,600.0,600.0,0.0,24000.0,40.0,6500.0,156000000.0
2017,Chihuahua,Madera,El Terrero,Namiquipa,Primavera-Verano,Riego,Papa,64.0,64.0,0.0,1920.0,30.0,7200.0,13824000.0
2017,Chihuahua,Papigochi,La Junta,Guerrero,Primavera-Verano,Riego,Papa,345.0,345.0,0.0,13800.0,40.0,7200.0,99360000.0
2017,Chihuahua,Papigochi,Guerrero,Guerrero,Primavera-Verano,Riego,Papa,17.0,17.0,0.0,646.0,38.0,7200.0,4651200.0
2017,Chihuahua,San Juanito,San Juanito,Batopilas,Primavera-Verano,Temporal,Papa,15.0,15.0,0.0,46.5,3.1,12000.0,558000.0
2017,Chihuahua,San Juanito,San Juanito,Bocoyna,Primavera-Verano,Temporal,Papa,35.0,35.0,0.0,112.0,3.2,12000.0,1344000.0
2017,Chihuahua,San Juanito,San Juanito,Maguarichi,Primavera-Verano,Temporal,Papa,8.0,8.0,0.0,25.6,3.2,13000.0,332800.0
2017,Chihuahua,San Juanito,San Juanito,Morelos,Primavera-Verano,Temporal,Papa,10.0,10.0,0.0,38.0,3.8,13200.0,501600.0
2017,Chihuahua,San Juanito,Tomochi,Moris,Primavera-Verano,Temporal,Papa,10.0,10.0,0.0,36.2,3.62,13000.0,470600.0
2017,Chihuahua,San Juanito,Tomochi,Ocampo,Primavera-Verano,Temporal,Papa,32.0,32.0,0.0,105.28,3.29,12000.0,1263360.0
2017,Chihuahua,San Juanito,Tomochi,Uruachi,Primavera-Verano,Temporal,Papa,23.0,23.0,0.0,74.98,3.26,12100.0,907258.0
2017,Chihuahua,San Juanito,San Rafael,Urique,Primavera-Verano,Temporal,Papa,37.0,37.0,0.0,131.72,3.56,13000.0,1712360.0
2017,Chihuahua,Balleza,Balleza,Balleza,Primavera-Verano,Temporal,Papa,35.0,35.0,0.0,157.5,4.5,8285.71,1304999.33
2017,Chihuahua,Balleza,Guachochi,Guachochi,Primavera-Verano,Temporal,Papa,60.0,60.0,0.0,240.0,4.0,8291.67,1990000.8
2017,Chihuahua,Balleza,Guadalupe Y Calvo,Guadalupe Y Calvo,Primavera-Verano,Temporal,Papa,95.0,95.0,0.0,410.0,4.32,7948.17,3258750.3
2017,Ciudad de México,Xochimilco,San Mateo Xalpa,Tlalpan,Primavera-Verano,Temporal,Papa,360.0,360.0,0.0,14040.16,39.0,6803.19,95517876.11
2017,Ciudad de México,Xochimilco,San Antonio Tecómitl,Milpa Alta,Primavera-Verano,Temporal,Papa,114.0,114.0,0.0,1814.5,15.92,8314.08,15085898.16
2017,Durango,El Salto,San Miguel de Cruces,San Dimas,Primavera-Verano,Temporal,Papa,10.0,10.0,0.0,27.3,2.73,7800.0,212940.0
2017,Durango,El Salto,El Salto,Pueblo Nuevo,Primavera-Verano,Temporal,Papa,14.0,14.0,0.0,38.5,2.75,8000.0,308000.0
2017,Durango,El Salto,El Salto,Tamazula,Primavera-Verano,Temporal,Papa,20.0,20.0,0.0,54.0,2.7,7800.0,421200.0
2017,Durango,Villa Ocampo,Guanaceví,Guanaceví,Primavera-Verano,Temporal,Papa,79.0,79.0,0.0,964.91,12.21,11300.0,10903483.0
2017,Durango,Santiago Papasquiaro,Tepehuanes,Canelas,Primavera-Verano,Temporal,Papa,40.0,40.0,0.0,604.52,15.11,11340.0,6855256.8
2017,Durango,Santiago Papasquiaro,Tepehuanes,Tepehuanes,Primavera-Verano,Temporal,Papa,38.0,38.0,0.0,570.53,15.01,13910.0,7936072.3
2017,Durango,Santiago Papasquiaro,Tepehuanes,Topia,Primavera-Verano,Temporal,Papa,30.0,30.0,0.0,453.99,15.13,12325.0,5595426.75
2017,Durango,Santiago Papasquiaro,Santiago Papasquiaro,Otáez,Primavera-Verano,Temporal,Papa,88.0,88.0,0.0,512.16,5.82,12310.0,6304689.6
2017,Durango,Santiago Papasquiaro,Santiago Papasquiaro,Santiago Papasquiaro,Primavera-Verano,Temporal,Papa,70.0,70.0,0.0,1352.4,19.32,11505.0,15559362.0
2017,Guanajuato,León,Leon,León,Otoño-Invierno,Riego,Papa,102.0,102.0,0.0,3835.2,37.6,5160.0,19789632.0
2017,Guanajuato,León,San Francisco del Rincón,Manuel Doblado,Otoño-Invierno,Riego,Papa,18.0,18.0,0.0,725.4,40.3,6150.0,4461210.0
2017,Guanajuato,León,San Francisco del Rincón,Purísima del Rincón,Otoño-Invierno,Riego,Papa,240.0,240.0,0.0,9624.0,40.1,5960.0,57359040.0
2017,Guanajuato,León,San Francisco del Rincón,San Francisco del Rincón,Otoño-Invierno,Riego,Papa,232.0,232.0,0.0,9558.4,41.2,6100.0,58306240.0
2017,Hidalgo,Pachuca,Atotonilco,Omitlán de Juárez,Primavera-Verano,Temporal,Papa,22.0,22.0,0.0,198.0,9.0,4100.0,811800.0
2017,Jalisco,Ciudad Guzmán,Zacoalco de Torres,Amacueca,Primavera-Verano,Temporal,Papa,58.52,58.52,0.0,2024.79,34.6,6460.0,13080143.4
2017,Jalisco,Ciudad Guzmán,Tapalpa,Atemajac de Brizuela,Primavera-Verano,Temporal,Papa,36.0,36.0,0.0,1086.2,30.17,4400.0,4779280.0
2017,Jalisco,Ciudad Guzmán,Tapalpa,Tapalpa,Primavera-Verano,Temporal,Papa,2100.0,2100.0,0.0,63378.0,30.18,5964.51,378018714.8
2017,Jalisco,Ciudad Guzmán,Sayula,San Gabriel,Primavera-Verano,Temporal,Papa,19.0,19.0,0.0,779.0,41.0,9100.0,7088900.0
2017,México,Toluca,Almoloya de Juárez,Almoloya de Juárez,Primavera-Verano,Temporal,Papa,230.0,230.0,0.0,5175.0,22.5,5719.04,29596032.0
2017,México,Toluca,Zinacantepec,Zinacantepec,Primavera-Verano,Riego,Papa,56.0,56.0,0.0,1685.6,30.1,6462.0,10892347.2
2017,México,Toluca,Zinacantepec,Zinacantepec,Primavera-Verano,Temporal,Papa,202.21,202.21,0.0,5773.1,28.55,7568.88,43695901.13
2017,México,Toluca,Tenango del Valle,Joquicingo,Primavera-Verano,Temporal,Papa,158.0,158.0,0.0,4187.0,26.5,7576.78,31723977.86
2017,México,Toluca,Tenango del Valle,Tenango del Valle,Primavera-Verano,Temporal,Papa,615.0,615.0,0.0,16402.05,26.67,8002.44,131256421.0
2017,México,Toluca,Santiago Tianguistengo,Capulhuac,Primavera-Verano,Temporal,Papa,26.76,26.76,0.0,567.31,21.2,4199.96,2382679.31
2017,México,Toluca,Santiago Tianguistengo,Xalatlaco,Primavera-Verano,Temporal,Papa,186.2,186.2,0.0,4468.8,24.0,4245.7,18973184.16
2017,México,Toluca,Santiago Tianguistengo,Tianguistenco,Primavera-Verano,Temporal,Papa,144.5,144.5,0.0,3395.75,23.5,4200.0,14262150.0
2017,México,Texcoco,Chalco,Chalco,Primavera-Verano,Temporal,Papa,15.0,15.0,0.0,390.0,26.0,7000.0,2730000.0
2017,México,Texcoco,Juchitepec,Juchitepec,Primavera-Verano,Temporal,Papa,380.0,380.0,0.0,13889.0,36.55,7225.0,100348025.0
2017,México,Tejupilco,Temascaltepec,Temascaltepec,Otoño-Invierno,Riego,Papa,121.0,121.0,0.0,2178.0,18.0,7244.85,15779283.3
2017,México,Tejupilco,Temascaltepec,Temascaltepec,Primavera-Verano,Temporal,Papa,30.0,30.0,0.0,396.0,13.2,8698.48,3444598.08
2017,México,Atlacomulco,San Felipe del Progreso,San Felipe del Progreso,Primavera-Verano,Temporal,Papa,25.0,25.0,0.0,662.5,26.5,6500.0,4306250.0
2017,México,Atlacomulco,La Trinidad,San José del Rincón,Primavera-Verano,Temporal,Papa,610.0,610.0,0.0,18910.0,31.0,5894.27,111460645.7
2017,México,Atlacomulco,San Bartolo Morelos,Morelos,Primavera-Verano,Temporal,Papa,10.0,10.0,0.0,260.0,26.0,6500.0,1690000.0
2017,México,Atlacomulco,Jiquipilco,Jiquipilco,Primavera-Verano,Riego,Papa,14.5,14.5,0.0,291.02,20.07,5372.8,1563592.26
2017,México,Atlacomulco,Jiquipilco,Jiquipilco,Primavera-Verano,Temporal,Papa,22.0,22.0,0.0,431.2,19.6,4785.0,2063292.0
2017,México,Coatepec Harinas,Coatepec Harinas,Coatepec Harinas,Otoño-Invierno,Riego,Papa,12.0,12.0,0.0,249.84,20.82,7641.67,1909194.83
2017,México,Coatepec Harinas,Coatepec Harinas,Coatepec Harinas,Primavera-Verano,Riego,Papa,24.3,24.3,0.0,459.27,18.9,3900.0,1791153.0
2017,México,Coatepec Harinas,Coatepec Harinas,Coatepec Harinas,Primavera-Verano,Temporal,Papa,13.0,13.0,0.0,240.5,18.5,4055.13,975258.77
2017,México,Coatepec Harinas,Ocuilan,Ocuilan,Primavera-Verano,Temporal,Papa,242.0,232.0,10.0,4663.2,20.1,4300.0,20051760.0
2017,México,Valle de Bravo,Valle de Bravo,Valle de Bravo,Otoño-Invierno,Riego,Papa,75.0,75.0,0.0,2285.0,30.47,4636.34,10594035.0
2017,México,Valle de Bravo,Villa Victoria,Villa Victoria,Primavera-Verano,Temporal,Papa,790.0,790.0,0.0,29625.0,37.5,4087.25,121084781.3
2017,México,Valle de Bravo,Villa de Allende,Villa de Allende,Primavera-Verano,Temporal,Papa,390.0,390.0,0.0,14850.0,38.08,4509.74,66969639.0
2017,México,Valle de Bravo,Amanalco,Amanalco,Primavera-Verano,Temporal,Papa,280.0,280.0,0.0,7290.08,26.04,4548.02,33155429.64
2017,México,Valle de Bravo,Donato Guerra,Donato Guerra,Otoño-Invierno,Riego,Papa,52.0,52.0,0.0,1248.0,24.0,7097.0,8857056.0
2017,México,Valle de Bravo,Donato Guerra,Donato Guerra,Primavera-Verano,Temporal,Papa,40.0,40.0,0.0,1445.0,36.13,4488.41,6485752.45
2017,Michoacán,Uruapan,Paracho,Charapan,Primavera-Verano,Temporal,Papa,195.0,195.0,0.0,5850.0,30.0,9880.27,57799579.5
2017,Michoacán,Uruapan,Paracho,Nahuatzen,Primavera-Verano,Temporal,Papa,50.0,50.0,0.0,1500.0,30.0,8700.0,13050000.0
2017,Michoacán,Zamora,Zamora,Tangamandapio,Primavera-Verano,Temporal,Papa,45.0,45.0,0.0,1854.45,41.21,6500.0,12053925.0
2017,Michoacán,Zamora,Tangancícuaro,Chilchota,Primavera-Verano,Temporal,Papa,55.0,55.0,0.0,2211.0,40.2,6000.0,13266000.0
2017,Michoacán,Zamora,Tangancícuaro,Tangancícuaro,Primavera-Verano,Riego,Papa,75.0,75.0,0.0,1410.75,18.81,4050.0,5713537.5
2017,Michoacán,Zamora,Tangancícuaro,Tangancícuaro,Primavera-Verano,Temporal,Papa,750.0,750.0,0.0,31650.0,42.2,6552.51,207386941.5
2017,Michoacán,Zamora,Reyes Los,Los Reyes,Primavera-Verano,Temporal,Papa,38.0,38.0,0.0,1178.0,31.0,6000.0,7068000.0
2017,Michoacán,La Piedad,Zacapu,Zacapu,Primavera-Verano,Temporal,Papa,20.0,20.0,0.0,340.0,17.0,7500.0,2550000.0
2017,Michoacán,Zitácuaro,Ciudad Hidalgo,Hidalgo,Primavera-Verano,Temporal,Papa,16.0,16.0,0.0,318.4,19.9,6022.6,1917595.84
2017,Nuevo León,Galeana,Galeana,Galeana,Primavera-Verano,Riego,Papa,229.0,229.0,0.0,8312.7,36.3,10042.99,83484362.97
2017,Nuevo León,Galeana,San Rafael,Galeana,Primavera-Verano,Riego,Papa,992.0,992.0,0.0,34323.2,34.6,11362.65,390002508.5
2017,Nuevo León,Galeana,El Potosí,Galeana,Primavera-Verano,Riego,Papa,998.0,998.0,0.0,35329.2,35.4,12107.31,427741576.5
2017,Nuevo León,Galeana,Aramberri,Aramberri,Primavera-Verano,Riego,Papa,400.0,400.0,0.0,13800.0,34.5,9184.71,126748998.0
2017,Oaxaca,Sierra Juárez,Ixtlán,San Miguel Amatlán,Primavera-Verano,Riego,Papa,35.5,0.0,35.5,0.0,0.0,0.0,0.0
2017,Oaxaca,Sierra Juárez,Ixtlán,San Miguel Amatlán,Primavera-Verano,Temporal,Papa,35.5,35.0,0.5,345.06,9.86,4150.0,1431999.0
2017,Oaxaca,Sierra Juárez,Ayutla/Mixe,Tamazulápam del Espíritu Santo,Primavera-Verano,Temporal,Papa,16.0,16.0,0.0,164.3,10.27,4622.98,759555.61
2017,Oaxaca,Sierra Juárez,Ayutla/Mixe,San Pedro Y San Pablo Ayutla,Primavera-Verano,Temporal,Papa,5.0,5.0,0.0,50.44,10.09,4553.74,229690.65
2017,Oaxaca,Sierra Juárez,Ayutla/Mixe,Santa María Tlahuitoltepec,Primavera-Verano,Temporal,Papa,21.0,21.0,0.0,176.19,8.39,4588.36,808423.15
2017,Oaxaca,Sierra Juárez,Ayutla/Mixe,Totontepec Villa de Morelos,Primavera-Verano,Temporal,Papa,14.0,14.0,0.0,130.1,9.29,4611.19,599915.82
2017,Puebla,Zacatlán,Zacatlán,Aquixtla,Otoño-Invierno,Riego,Papa,70.0,70.0,0.0,620.2,8.86,4700.0,2914940.0
2017,Puebla,Zacatlán,Zacatlán,Aquixtla,Otoño-Invierno,Temporal,Papa,27.4,27.4,0.0,213.99,7.81,4700.0,1005753.0
2017,Puebla,Zacatlán,Zacatlán,Aquixtla,Primavera-Verano,Temporal,Papa,11.0,11.0,0.0,77.33,7.03,5200.0,402116.0
2017,Puebla,Zacatlán,Zacatlán,Chignahuapan,Otoño-Invierno,Riego,Papa,5.2,5.2,0.0,45.5,8.75,4550.0,207025.0
2017,Puebla,Zacatlán,Zacatlán,Chignahuapan,Otoño-Invierno,Temporal,Papa,6.5,6.5,0.0,49.53,7.62,4550.0,225361.5
2017,Puebla,Zacatlán,Zacatlán,Chignahuapan,Primavera-Verano,Riego,Papa,2.0,2.0,0.0,28.0,14.0,6500.0,182000.0
2017,Puebla,Zacatlán,Zacatlán,Ixtacamaxtitlán,Otoño-Invierno,Riego,Papa,14.0,14.0,0.0,125.3,8.95,4650.0,582645.0
2017,Puebla,Zacatlán,Zacatlán,Ixtacamaxtitlán,Otoño-Invierno,Temporal,Papa,27.0,27.0,0.0,211.41,7.83,4650.0,983056.5
2017,Puebla,Zacatlán,Zacatlán,Ixtacamaxtitlán,Primavera-Verano,Riego,Papa,42.0,42.0,0.0,558.6,13.3,6300.0,3519180.0
2017,Puebla,Zacatlán,Zacatlán,Ixtacamaxtitlán,Primavera-Verano,Temporal,Papa,109.0,109.0,0.0,890.98,8.17,5606.75,4995503.0
2017,Puebla,Zacatlán,Zacatlán,Tetela de Ocampo,Otoño-Invierno,Riego,Papa,19.2,19.2,0.0,171.26,8.92,4750.0,813485.0
2017,Puebla,Zacatlán,Zacatlán,Tetela de Ocampo,Otoño-Invierno,Temporal,Papa,17.7,17.7,0.0,138.95,7.85,4750.0,660012.5
2017,Puebla,Zacatlán,Zacatlán,Tetela de Ocampo,Primavera-Verano,Riego,Papa,19.0,19.0,0.0,275.5,14.5,7000.0,1928500.0
2017,Puebla,Zacatlán,Zacatlán,Tetela de Ocampo,Primavera-Verano,Temporal,Papa,8.5,8.5,0.0,61.12,7.19,5100.0,311712.0
2017,Puebla,Zacatlán,Zacatlán,Zacatlán,Otoño-Invierno,Riego,Papa,7.5,7.5,0.0,67.2,8.96,4820.0,323904.0
2017,Puebla,Zacatlán,Zacatlán,Zacatlán,Otoño-Invierno,Temporal,Papa,8.1,8.1,0.0,63.58,7.85,4820.0,306455.6
2017,Puebla,Zacatlán,Zacatlán,Zacatlán,Primavera-Verano,Riego,Papa,12.0,12.0,0.0,180.0,15.0,7200.0,1296000.0
2017,Puebla,Zacatlán,Zacatlán,Zacatlán,Primavera-Verano,Temporal,Papa,15.0,15.0,0.0,186.0,12.4,6200.0,1153200.0
2017,Puebla,Teziutlán,Zacapoaxtla,Nauzontla,Otoño-Invierno,Temporal,Papa,75.0,75.0,0.0,1350.0,18.0,5500.0,7425000.0
2017,Puebla,Teziutlán,Zacapoaxtla,Nauzontla,Primavera-Verano,Temporal,Papa,280.0,280.0,0.0,5239.92,18.71,6641.75,34802238.66
2017,Puebla,Teziutlán,Zacapoaxtla,Zacapoaxtla,Otoño-Invierno,Riego,Papa,60.0,60.0,0.0,1329.0,22.15,5992.89,7964550.81
2017,Puebla,Teziutlán,Zacapoaxtla,Zacapoaxtla,Otoño-Invierno,Temporal,Papa,300.0,300.0,0.0,5445.0,18.15,5195.04,28286992.8
2017,Puebla,Teziutlán,Zacapoaxtla,Zacapoaxtla,Primavera-Verano,Riego,Papa,25.0,25.0,0.0,720.0,28.8,7780.0,5601600.0
2017,Puebla,Teziutlán,Zacapoaxtla,Zacapoaxtla,Primavera-Verano,Temporal,Papa,650.0,650.0,0.0,12080.9,18.59,6773.35,81828164.02
2017,Puebla,Teziutlán,Tlatlauquitepec,Atempan,Otoño-Invierno,Riego,Papa,45.0,45.0,0.0,1714.5,38.1,5763.74,9881932.23
2017,Puebla,Teziutlán,Tlatlauquitepec,Atempan,Otoño-Invierno,Temporal,Papa,30.0,30.0,0.0,753.0,25.1,6088.41,4584572.73
2017,Puebla,Teziutlán,Tlatlauquitepec,Chignautla,Primavera-Verano,Temporal,Papa,35.0,35.0,0.0,878.5,25.1,7548.11,6631014.64
2017,Puebla,Teziutlán,Tlatlauquitepec,Hueyapan,Otoño-Invierno,Temporal,Papa,50.0,50.0,0.0,1105.0,22.1,6099.46,6739903.3
2017,Puebla,Teziutlán,Tlatlauquitepec,Teteles de Avila Castillo,Otoño-Invierno,Riego,Papa,30.0,30.0,0.0,1141.5,38.05,5746.43,6559549.85
2017,Puebla,Teziutlán,Tlatlauquitepec,Teteles de Avila Castillo,Otoño-Invierno,Temporal,Papa,15.0,15.0,0.0,377.25,25.15,6101.96,2301964.41
2017,Puebla,Teziutlán,Tlatlauquitepec,Tlatlauquitepec,Otoño-Invierno,Riego,Papa,1099.0,1099.0,0.0,38610.0,35.13,5706.62,220332598.2
2017,Puebla,Teziutlán,Tlatlauquitepec,Tlatlauquitepec,Otoño-Invierno,Temporal,Papa,251.0,251.0,0.0,6300.0,25.1,6118.65,38547495.0
2017,Puebla,Teziutlán,Tlatlauquitepec,Tlatlauquitepec,Primavera-Verano,Riego,Papa,320.0,320.0,0.0,6851.0,21.41,8300.0,56863300.0
2017,Puebla,Teziutlán,Tlatlauquitepec,Tlatlauquitepec,Primavera-Verano,Temporal,Papa,800.0,800.0,0.0,20120.0,25.15,7241.62,145701394.4
2017,Puebla,Teziutlán,Tlatlauquitepec,Yaonáhuac,Otoño-Invierno,Temporal,Papa,35.0,35.0,0.0,777.35,22.21,6092.66,4736129.25
2017,Puebla,Libres,Libres,Cuyoaco,Primavera-Verano,Riego,Papa,30.0,30.0,0.0,780.0,26.0,7644.23,5962499.4
2017,Puebla,Libres,Libres,Libres,Primavera-Verano,Riego,Papa,45.0,45.0,0.0,1125.0,25.0,7791.6,8765550.0
2017,Puebla,Libres,Libres,Oriental,Primavera-Verano,Riego,Papa,30.5,30.5,0.0,756.0,24.79,7598.41,5744397.96
2017,Puebla,Libres,Guadalupe Victoria,Chichiquila,Primavera-Verano,Temporal,Papa,445.4,445.4,0.0,9740.9,21.87,5632.91,54869613.02
2017,Puebla,Libres,Guadalupe Victoria,Chilchotla,Otoño-Invierno,Temporal,Papa,170.0,170.0,0.0,3265.7,19.21,4581.01,14960204.36
2017,Puebla,Libres,Guadalupe Victoria,Chilchotla,Primavera-Verano,Temporal,Papa,377.6,377.6,0.0,7831.42,20.74,5154.74,40368933.93
2017,Puebla,Libres,Guadalupe Victoria,Guadalupe Victoria,Primavera-Verano,Riego,Papa,510.0,510.0,0.0,12495.0,24.5,3973.98,49654880.1
2017,Puebla,Libres,Guadalupe Victoria,Guadalupe Victoria,Primavera-Verano,Temporal,Papa,206.0,206.0,0.0,4429.0,21.5,5089.24,22540243.96
2017,Puebla,Libres,Guadalupe Victoria,Lafragua,Primavera-Verano,Riego,Papa,32.0,32.0,0.0,806.4,25.2,4289.05,3458689.92
2017,Puebla,Libres,Guadalupe Victoria,Lafragua,Primavera-Verano,Temporal,Papa,195.6,195.6,0.0,4191.71,21.43,4932.34,20674938.9
2017,Puebla,Libres,Guadalupe Victoria,Quimixtlán,Otoño-Invierno,Temporal,Papa,70.0,70.0,0.0,1374.8,19.64,4321.44,5941115.71
2017,Puebla,Libres,Guadalupe Victoria,Quimixtlán,Primavera-Verano,Temporal,Papa,109.6,109.6,0.0,2343.25,21.38,5187.89,12156523.24
2017,Puebla,Libres,Ciudad Serdán,Aljojuca,Primavera-Verano,Riego,Papa,10.5,10.5,0.0,194.25,18.5,6800.0,1320900.0
2017,Puebla,Libres,Ciudad Serdán,Atzitzintla,Otoño-Invierno,Temporal,Papa,28.3,28.3,0.0,807.12,28.52,4500.0,3632040.0
2017,Puebla,Libres,Ciudad Serdán,Atzitzintla,Primavera-Verano,Temporal,Papa,29.5,29.5,0.0,545.75,18.5,6050.0,3301787.5
2017,Puebla,Libres,Ciudad Serdán,Chalchicomula de Sesma,Otoño-Invierno,Temporal,Papa,4.23,4.23,0.0,124.11,29.34,4550.0,564700.5
2017,Puebla,Libres,Ciudad Serdán,San Nicolás Buenos Aires,Otoño-Invierno,Riego,Papa,74.65,74.65,0.0,1896.11,25.4,4430.36,8400449.9
2017,Puebla,Libres,Ciudad Serdán,San Nicolás Buenos Aires,Primavera-Verano,Riego,Papa,162.0,162.0,0.0,3321.0,20.5,7100.0,23579100.0
2017,Puebla,Libres,Ciudad Serdán,San Salvador El Seco,Otoño-Invierno,Riego,Papa,38.56,38.56,0.0,709.5,18.4,5150.0,3653925.0
2017,Puebla,Libres,Ciudad Serdán,San Salvador El Seco,Otoño-Invierno,Temporal,Papa,48.54,48.54,0.0,1453.77,29.95,4357.29,6334497.48
2017,Puebla,Libres,Ciudad Serdán,San Salvador El Seco,Primavera-Verano,Riego,Papa,32.5,32.5,0.0,910.0,28.0,3650.0,3321500.0
2017,Puebla,Libres,Ciudad Serdán,Tlachichuca,Otoño-Invierno,Temporal,Papa,7.34,7.34,0.0,214.62,29.24,4650.0,997983.0
2017,Puebla,Libres,Ciudad Serdán,Tlachichuca,Primavera-Verano,Riego,Papa,8.5,8.5,0.0,246.5,29.0,3740.0,921910.0
2017,Puebla,Cholula,Texmelucan,Tlahuapan,Primavera-Verano,Temporal,Papa,20.0,20.0,0.0,500.0,25.0,8000.0,4000000.0
2017,Sinaloa,Los Mochis,El Carrizo,Ahome,Otoño-Invierno,Riego,Papa,160.0,160.0,0.0,4320.0,27.0,5401.67,23335214.4
2017,Sinaloa,Los Mochis,San Blas,El Fuerte,Otoño-Invierno,Riego,Papa,180.0,180.0,0.0,4374.0,24.3,6500.0,28431000.0
2017,Sinaloa,Los Mochis,Ahome,Ahome,Otoño-Invierno,Riego,Papa,295.06,295.06,0.0,10229.73,34.67,6500.0,66493245.0
2017,Sinaloa,Los Mochis,Los Mochis,Ahome,Otoño-Invierno,Riego,Papa,6087.0,6087.0,0.0,152175.0,25.0,5774.28,878701059.0
2017,Sinaloa,Los Mochis,Ruíz Cortinez,Guasave,Otoño-Invierno,Riego,Papa,3393.0,3393.0,0.0,84825.0,25.0,6160.48,522562716.0
2017,Sinaloa,Los Mochis,Ruíz Cortinez,Sinaloa,Otoño-Invierno,Riego,Papa,1248.0,1248.0,0.0,31200.0,25.0,5496.63,171494856.0
2017,Sinaloa,Guasave,Ocoroni,Sinaloa,Otoño-Invierno,Riego,Papa,5.74,5.74,0.0,126.28,22.0,5200.0,656656.0
2017,Sinaloa,Guasave,La Trinidad,Guasave,Otoño-Invierno,Riego,Papa,50.17,50.17,0.0,1387.2,27.65,5199.97,7213398.38
2017,Sinaloa,Guasave,El Burrión,Guasave,Otoño-Invierno,Riego,Papa,1515.95,1515.95,0.0,43204.58,28.5,5104.56,220540370.9
2017,Sinaloa,Guasave,Petatlán,Guasave,Otoño-Invierno,Riego,Papa,8.93,8.93,0.0,259.0,29.0,7150.0,1851850.0
2017,Sonora,Caborca,Caborca,Caborca,Primavera-Verano,Riego,Papa,1901.65,1901.65,0.0,77967.65,41.0,5752.7,448524500.2
2017,Sonora,Caborca,Caborca,Pitiquito,Primavera-Verano,Riego,Papa,269.5,269.5,0.0,11103.4,41.2,5661.78,62865008.05
2017,Sonora,Caborca,Atil,Altar,Primavera-Verano,Riego,Papa,1383.35,1383.35,0.0,56717.35,41.0,5852.24,331923544.4
2017,Sonora,Magdalena,Magdalena,Magdalena,Primavera-Verano,Riego,Papa,42.5,42.5,0.0,1047.63,24.65,8200.0,8590566.0
2017,Sonora,Magdalena,Santa Ana,Santa Ana,Otoño-Invierno,Riego,Papa,20.0,20.0,0.0,800.0,40.0,7500.0,6000000.0
2017,Sonora,Magdalena,Santa Ana,Santa Ana,Primavera-Verano,Riego,Papa,42.0,42.0,0.0,1894.2,45.1,7950.33,15059515.09
2017,Sonora,Magdalena,Santa Ana,Trincheras,Primavera-Verano,Riego,Papa,130.0,130.0,0.0,5863.0,45.1,7922.26,46448210.38
2017,Sonora,Agua Prieta,Cananea,Cananea,Primavera-Verano,Riego,Papa,60.0,60.0,0.0,1260.0,21.0,6841.27,8620000.2
2017,Sonora,Hermosillo,Carbó,Hermosillo,Otoño-Invierno,Riego,Papa,116.0,116.0,0.0,6496.0,56.0,6201.02,40281825.92
2017,Sonora,Sahuaripa,Arivechi,Sahuaripa,Primavera-Verano,Temporal,Papa,1.0,1.0,0.0,6.78,6.78,8000.0,54240.0
2017,Sonora,Sahuaripa,Yécora,Yécora,Primavera-Verano,Temporal,Papa,11.0,11.0,0.0,100.32,9.12,8118.0,814397.76
2017,Sonora,Cajeme,Cd. Obregón,Cajeme,Otoño-Invierno,Riego,Papa,2351.0,2351.0,0.0,76172.4,32.4,5891.38,448760553.9
2017,Sonora,Cajeme,Villa Juárez,Cajeme,Otoño-Invierno,Riego,Papa,102.0,102.0,0.0,3631.2,35.6,5487.33,19925592.7
2017,Sonora,Cajeme,Villa Juárez,Benito Juárez,Otoño-Invierno,Riego,Papa,346.0,346.0,0.0,11245.0,32.5,5397.65,60696574.25
2017,Sonora,Cajeme,Bácum,Bácum,Otoño-Invierno,Riego,Papa,161.0,161.0,0.0,5731.6,35.6,6808.49,39023541.28
2017,Sonora,Cajeme,Bácum,Cajeme,Otoño-Invierno,Riego,Papa,270.0,270.0,0.0,9733.5,36.05,6796.83,66156944.81
2017,Sonora,Cajeme,Pueblo Yaqui,Bácum,Otoño-Invierno,Riego,Papa,272.0,272.0,0.0,10036.8,36.9,6099.5,61219461.6
2017,Sonora,Cajeme,Pueblo Yaqui,Cajeme,Otoño-Invierno,Riego,Papa,851.0,851.0,0.0,28934.0,34.0,6241.31,180586063.5
2017,Sonora,Navojoa,Navojoa,Navojoa,Otoño-Invierno,Riego,Papa,3125.0,3125.0,0.0,91562.5,29.3,7535.56,689974712.5
2017,Sonora,Navojoa,Etchojoa,Etchojoa,Otoño-Invierno,Riego,Papa,15.0,15.0,0.0,433.2,28.88,7950.0,3443940.0
2017,Sonora,Navojoa,Huatabampo,Huatabampo,Otoño-Invierno,Riego,Papa,1225.0,1225.0,0.0,35476.0,28.96,6330.8,224591460.8
2017,Tamaulipas,Jaumave,Tula,Tula,Primavera-Verano,Riego,Papa,40.0,40.0,0.0,1400.0,35.0,5360.0,7504000.0
2017,Tlaxcala,Calpulalpan,Calpulalpan,Nanacamilpa de Mariano Arista,Primavera-Verano,Temporal,Papa,29.0,29.0,0.0,536.5,18.5,4370.0,2344505.0
2017,Tlaxcala,Calpulalpan,Hueyotlipan,Españita,Primavera-Verano,Temporal,Papa,25.0,25.0,0.0,447.5,17.9,4430.0,1982425.0
2017,Tlaxcala,Calpulalpan,Hueyotlipan,Hueyotlipan,Primavera-Verano,Temporal,Papa,33.0,33.0,0.0,598.95,18.15,4390.08,2629438.42
2017,Tlaxcala,Calpulalpan,Tlaxco,Atlangatepec,Primavera-Verano,Temporal,Papa,20.0,20.0,0.0,363.6,18.18,4400.1,1599876.36
2017,Tlaxcala,Calpulalpan,Tlaxco,Tlaxco,Primavera-Verano,Temporal,Papa,194.0,194.0,0.0,3482.3,17.95,4287.46,14930221.96
2017,Tlaxcala,Huamantla,Huamantla,Huamantla,Primavera-Verano,Riego,Papa,3.0,3.0,0.0,108.3,36.1,5500.0,595650.0
2017,Tlaxcala,Huamantla,Cuapiaxtla,Atltzayanca,Primavera-Verano,Riego,Papa,5.0,5.0,0.0,182.55,36.51,5500.0,1004025.0
2017,Tlaxcala,Huamantla,Cuapiaxtla,Atltzayanca,Primavera-Verano,Temporal,Papa,20.0,20.0,0.0,352.0,17.6,5261.09,1851903.68
2017,Tlaxcala,Huamantla,Cuapiaxtla,Cuapiaxtla,Primavera-Verano,Riego,Papa,6.0,6.0,0.0,219.24,36.54,5600.0,1227744.0
2017,Tlaxcala,Huamantla,Teometitlán/Velazco,Terrenate,Primavera-Verano,Temporal,Papa,50.0,50.0,0.0,871.0,17.42,5316.1,4630323.1
2017,Tlaxcala,Huamantla,Teometitlán/Velazco,Emiliano Zapata,Primavera-Verano,Temporal,Papa,10.0,10.0,0.0,173.2,17.32,5161.78,894020.3
2017,Veracruz,Huayacocotla,Huayacocotla,Huayacocotla,Primavera-Verano,Temporal,Papa,17.0,17.0,0.0,158.1,9.3,7700.0,1217370.0
2017,Veracruz,Martínez de la Torre,Martínez de La Torre,Atzalan,Otoño-Invierno,Temporal,Papa,71.0,71.0,0.0,1785.0,25.14,7000.0,12495000.0
2017,Veracruz,Coatepec,Coatepec,Coatepec,Otoño-Invierno,Temporal,Papa,45.0,45.0,0.0,540.0,12.0,5822.22,3143998.8
2017,Veracruz,Coatepec,Coatepec,Xico,Otoño-Invierno,Temporal,Papa,85.0,85.0,0.0,1020.0,12.0,5644.12,5757002.4
2017,Veracruz,Coatepec,Coatepec,Xico,Primavera-Verano,Temporal,Papa,60.0,60.0,0.0,600.0,10.0,5250.0,3150000.0
2017,Veracruz,Coatepec,Coatepec,Tlalnelhuayocan,Otoño-Invierno,Temporal,Papa,40.0,40.0,0.0,488.0,12.2,5684.61,2774089.68
2017,Veracruz,Coatepec,Perote,Altotonga,Primavera-Verano,Riego,Papa,219.0,219.0,0.0,9198.0,42.0,8524.1,78404671.8
2017,Veracruz,Coatepec,Perote,Ayahualulco,Otoño-Invierno,Temporal,Papa,25.0,25.0,0.0,530.0,21.2,6487.0,3438110.0
2017,Veracruz,Coatepec,Perote,Ayahualulco,Primavera-Verano,Temporal,Papa,570.0,570.0,0.0,16530.0,29.0,8539.62,141159918.6
2017,Veracruz,Coatepec,Perote,Ixhuacán de Los Reyes,Otoño-Invierno,Temporal,Papa,28.0,28.0,0.0,308.0,11.0,6000.0,1848000.0
2017,Veracruz,Coatepec,Perote,Jalacingo,Primavera-Verano,Riego,Papa,697.0,697.0,0.0,29274.0,42.0,8361.62,244778063.9
2017,Veracruz,Coatepec,Perote,Jalacingo,Primavera-Verano,Temporal,Papa,403.0,403.0,0.0,11284.0,28.0,8550.16,96480005.44
2017,Veracruz,Coatepec,Perote,Perote,Otoño-Invierno,Temporal,Papa,73.0,73.0,0.0,1900.8,26.04,6215.0,11813472.0
2017,Veracruz,Coatepec,Perote,Perote,Primavera-Verano,Riego,Papa,666.0,666.0,0.0,28791.5,43.23,8064.93,232201350.73
2017,Veracruz,Coatepec,Perote,Perote,Primavera-Verano,Temporal,Papa,144.0,144.0,0.0,4032.0,28.0,8547.59,34463882.88
2017,Veracruz,Coatepec,Perote,Las Vigas de Ramírez,Primavera-Verano,Temporal,Papa,94.0,94.0,0.0,2632.0,28.0,8530.39,22451986.48
2017,Veracruz,Coatepec,Perote,Villa Aldama,Primavera-Verano,Riego,Papa,155.0,155.0,0.0,6200.0,40.0,8564.67,53100954.0
2017,Veracruz,Coatepec,Perote,Villa Aldama,Primavera-Verano,Temporal,Papa,144.0,144.0,0.0,3888.0,27.0,8549.41,33240106.08
2017,Veracruz,Coatepec,Naolinco,Acajete,Otoño-Invierno,Temporal,Papa,17.0,17.0,0.0,224.4,13.2,6307.32,1415362.61
2017,Veracruz,Coatepec,Naolinco,Coacoatzintla,Otoño-Invierno,Temporal,Papa,73.5,73.5,0.0,823.5,11.2,6330.74,5213364.39
2017,Veracruz,Coatepec,Naolinco,Miahuatlán,Otoño-Invierno,Temporal,Papa,13.75,13.75,0.0,155.38,11.3,6173.91,959302.14
2017,Veracruz,Coatepec,Naolinco,Naolinco,Otoño-Invierno,Temporal,Papa,24.0,24.0,0.0,314.4,13.1,6310.03,1983873.43
2017,Veracruz,Coatepec,Naolinco,Rafael Lucio,Otoño-Invierno,Temporal,Papa,58.5,58.5,0.0,731.6,12.51,6322.52,4625555.63
2017,Veracruz,Coatepec,Naolinco,Tlacolulan,Otoño-Invierno,Temporal,Papa,13.0,13.0,0.0,149.5,11.5,6221.21,930070.9
2017,Veracruz,Coatepec,Naolinco,Tonayán,Otoño-Invierno,Temporal,Papa,38.5,38.5,0.0,504.35,13.1,6340.6,3197881.61
2017,Veracruz,Fortín,Acultzingo,Mariano Escobedo,Otoño-Invierno,Temporal,Papa,345.0,345.0,0.0,3553.5,10.3,4801.91,17063587.18
2017,Veracruz,Fortín,Acultzingo,Mariano Escobedo,Primavera-Verano,Temporal,Papa,300.0,300.0,0.0,3300.0,11.0,7206.3,23780790.0
2017,Veracruz,Fortín,Acultzingo,La Perla,Otoño-Invierno,Temporal,Papa,325.0,325.0,0.0,3542.5,10.9,4780.92,16936409.1
2017,Veracruz,Fortín,Acultzingo,La Perla,Primavera-Verano,Temporal,Papa,375.0,375.0,0.0,3975.0,10.6,7077.24,28132029.0
2017,Veracruz,Fortín,Huatusco,Alpatláhuac,Otoño-Invierno,Temporal,Papa,90.0,90.0,0.0,882.0,9.8,5647.68,4981253.76
2017,Veracruz,Fortín,Huatusco,Alpatláhuac,Primavera-Verano,Temporal,Papa,42.0,42.0,0.0,447.3,10.65,7485.0,3348040.5
2017,Veracruz,Fortín,Huatusco,Calcahualco,Otoño-Invierno,Temporal,Papa,130.0,130.0,0.0,1326.0,10.2,5624.29,7457808.54
2017,Veracruz,Fortín,Huatusco,Calcahualco,Primavera-Verano,Temporal,Papa,37.0,37.0,0.0,398.86,10.78,7420.0,2959541.2
2017,Veracruz,Fortín,Huatusco,Coscomatepec,Otoño-Invierno,Temporal,Papa,265.0,265.0,0.0,2676.5,10.1,5654.48,15134215.72
2017,Veracruz,Fortín,Huatusco,Coscomatepec,Primavera-Verano,Temporal,Papa,77.0,77.0,0.0,839.3,10.9,7690.0,6454217.0
2017,Zacatecas,Zacatecas,Calera,Guadalupe,Primavera-Verano,Riego,Papa,80.0,80.0,0.0,3360.0,42.0,8000.0,26880000.0
2017,Zacatecas,Zacatecas,Villa de Cos,Pánuco,Primavera-Verano,Riego,Papa,210.0,210.0,0.0,9954.0,47.4,5967.04,59395916.16
2017,Zacatecas,Zacatecas,Villa de Cos,Villa de Cos,Primavera-Verano,Riego,Papa,420.0,420.0,0.0,17640.0,42.0,7550.71,133194524.4
2017,Zacatecas,Jalpa,Nochistlán,Nochistlán de Mejía,Primavera-Verano,Riego,Papa,2.0,2.0,0.0,34.88,17.44,3800.0,132544.0
2018,Baja California,Ensenada,Ensenada,Ensenada,Primavera-Verano,Riego,Papa,117.0,117.0,0.0,4212.0,36.0,6200.0,26114400.0
2018,Baja California Sur,Comondú,Comondú,Comondú,Otoño-Invierno,Riego,Papa,1346.0,1346.0,0.0,51148.0,38.0,6799.99,347805888.5
2018,Baja California Sur,Comondú,Comondú,Comondú,Primavera-Verano,Riego,Papa,1000.0,1000.0,0.0,31000.0,31.0,6000.0,186000000.0
2018,Coahuila,Frontera,Ocampo,Ocampo,Primavera-Verano,Riego,Papa,100.0,100.0,0.0,4031.0,40.31,6900.0,27813900.0
2018,Coahuila,Saltillo,Arteaga,Arteaga,Primavera-Verano,Riego,Papa,260.0,260.0,0.0,9139.0,35.15,7394.3,67576507.7
2018,Coahuila,Saltillo,Parras de La Fuente,Parras,Primavera-Verano,Riego,Papa,60.0,60.0,0.0,2136.6,35.61,7400.0,15810840.0
2018,Coahuila,Saltillo,Agua Nueva,Saltillo,Primavera-Verano,Riego,Papa,55.0,55.0,0.0,1867.25,33.95,9792.72,18285456.42
2018,Chiapas,San Cristóbal de las Casas,San Cristóbal de Las Casas,Chamula,Primavera-Verano,Temporal,Papa,388.1,388.1,0.0,7078.94,18.24,7861.73,55652714.97
2018,Chiapas,San Cristóbal de las Casas,San Cristóbal de Las Casas,Larráinzar,Primavera-Verano,Temporal,Papa,319.95,319.95,0.0,5730.3,17.91,7815.47,44784987.74
2018,Chiapas,San Cristóbal de las Casas,San Cristóbal de Las Casas,San Cristóbal de Las Casas,Otoño-Invierno,Riego,Papa,212.75,212.75,0.0,4916.65,23.11,8431.5,41454710.6
2018,Chiapas,San Cristóbal de las Casas,San Cristóbal de Las Casas,San Cristóbal de Las Casas,Primavera-Verano,Temporal,Papa,316.46,316.46,0.0,5848.18,18.48,7880.7,46087752.13
2018,Chiapas,San Cristóbal de las Casas,San Cristóbal de Las Casas,Teopisca,Primavera-Verano,Temporal,Papa,21.1,21.1,0.0,378.53,17.94,7846.13,2969995.59
2018,Chiapas,San Cristóbal de las Casas,San Cristóbal de Las Casas,Zinacantán,Primavera-Verano,Temporal,Papa,40.92,40.92,0.0,742.7,18.15,7844.17,5825865.06
2018,Chiapas,San Cristóbal de las Casas,Chenalhó,Chenalhó,Otoño-Invierno,Riego,Papa,34.85,34.85,0.0,754.26,21.64,8345.78,6294887.22
2018,Chiapas,Motozintla,Amatenango/Motozintla,Motozintla,Primavera-Verano,Temporal,Papa,95.0,95.0,0.0,788.5,8.3,5410.0,4265785.0
2018,Chiapas,Motozintla,Porvenir,Bejucal de Ocampo,Primavera-Verano,Temporal,Papa,135.0,135.0,0.0,1100.25,8.15,5360.0,5897340.0
2018,Chiapas,Motozintla,Porvenir,La Grandeza,Primavera-Verano,Temporal,Papa,30.0,30.0,0.0,247.5,8.25,5400.0,1336500.0
2018,Chiapas,Motozintla,Porvenir,El Porvenir,Primavera-Verano,Temporal,Papa,223.0,223.0,0.0,1848.13,8.29,5320.68,9833316.0
2018,Chiapas,Motozintla,Porvenir,Siltepec,Primavera-Verano,Temporal,Papa,100.0,100.0,0.0,830.0,8.3,5390.0,4473700.0
2018,Chihuahua,Casas Grandes,Nuevo Casas Grandes,Nuevo Casas Grandes,Primavera-Verano,Riego,Papa,340.0,340.0,0.0,11900.0,35.0,6700.0,79730000.0
2018,Chihuahua,Casas Grandes,Janos,Janos,Primavera-Verano,Riego,Papa,260.0,260.0,0.0,9100.0,35.0,6500.0,59150000.0
2018,Chihuahua,Casas Grandes,Ascensión,Ascensión,Primavera-Verano,Riego,Papa,240.0,240.0,0.0,8400.0,35.0,6500.0,54600000.0
2018,Chihuahua,Madera,Soto Máynez,Namiquipa,Primavera-Verano,Riego,Papa,70.0,70.0,0.0,2065.0,29.5,6300.0,13009500.0
2018,Chihuahua,Madera,El Terrero,Namiquipa,Primavera-Verano,Riego,Papa,12.0,12.0,0.0,348.0,29.0,6000.0,2088000.0
2018,Chihuahua,Papigochi,La Junta,Guerrero,Primavera-Verano,Riego,Papa,502.0,502.0,0.0,21510.7,42.85,9467.16,203645238.6
2018,Chihuahua,Papigochi,Guerrero,Guerrero,Primavera-Verano,Riego,Papa,128.0,128.0,0.0,5376.0,42.0,9902.9,53237990.4
2018,Chihuahua,San Juanito,San Juanito,Batopilas,Primavera-Verano,Temporal,Papa,24.0,24.0,0.0,69.6,2.9,9950.0,692520.0
2018,Chihuahua,San Juanito,San Juanito,Bocoyna,Primavera-Verano,Temporal,Papa,36.0,36.0,0.0,83.52,2.32,8980.0,750009.6
2018,Chihuahua,San Juanito,San Juanito,Maguarichi,Primavera-Verano,Temporal,Papa,6.0,6.0,0.0,14.46,2.41,9460.0,136791.6
2018,Chihuahua,San Juanito,San Juanito,Morelos,Primavera-Verano,Temporal,Papa,4.0,4.0,0.0,9.72,2.43,9960.0,96811.2
2018,Chihuahua,San Juanito,Tomochi,Moris,Primavera-Verano,Temporal,Papa,13.0,13.0,0.0,33.15,2.55,10400.0,344760.0
2018,Chihuahua,San Juanito,Tomochi,Ocampo,Primavera-Verano,Temporal,Papa,22.0,22.0,0.0,73.48,3.34,10200.0,749496.0
2018,Chihuahua,San Juanito,Tomochi,Uruachi,Primavera-Verano,Temporal,Papa,12.0,12.0,0.0,42.72,3.56,10300.0,440016.0
2018,Chihuahua,San Juanito,San Rafael,Urique,Primavera-Verano,Temporal,Papa,32.0,32.0,0.0,72.64,2.27,9960.0,723494.4
2018,Chihuahua,Balleza,Balleza,Balleza,Primavera-Verano,Temporal,Papa,40.0,40.0,0.0,192.0,4.8,8050.0,1545600.0
2018,Chihuahua,Balleza,Guachochi,Guachochi,Primavera-Verano,Temporal,Papa,100.0,100.0,0.0,490.0,4.9,8185.31,4010801.9
2018,Chihuahua,Balleza,Guadalupe Y Calvo,Guadalupe Y Calvo,Primavera-Verano,Temporal,Papa,112.0,112.0,0.0,525.0,4.69,8033.33,4217499.0
2018,Ciudad de México,Xochimilco,San Mateo Xalpa,Tlalpan,Primavera-Verano,Temporal,Papa,365.0,365.0,0.0,14183.17,38.86,7256.16,102915350.8
2018,Ciudad de México,Xochimilco,San Antonio Tecómitl,Milpa Alta,Primavera-Verano,Temporal,Papa,245.0,245.0,0.0,4777.5,19.5,8534.18,40772044.95
2018,Durango,El Salto,San Miguel de Cruces,San Dimas,Primavera-Verano,Temporal,Papa,12.5,12.5,0.0,35.12,2.81,7950.0,279204.0
2018,Durango,El Salto,El Salto,Pueblo Nuevo,Primavera-Verano,Temporal,Papa,15.0,15.0,0.0,42.75,2.85,8100.0,346275.0
2018,Durango,El Salto,El Salto,Tamazula,Primavera-Verano,Temporal,Papa,10.9,10.9,0.0,30.52,2.8,8000.0,244160.0
2018,Durango,Villa Ocampo,Guanaceví,Guanaceví,Primavera-Verano,Temporal,Papa,64.0,64.0,0.0,1357.0,21.2,12050.0,16351850.0
2018,Durango,Santiago Papasquiaro,Tepehuanes,Canelas,Primavera-Verano,Temporal,Papa,71.0,71.0,0.0,1843.33,25.96,9000.0,16589970.0
2018,Durango,Santiago Papasquiaro,Tepehuanes,Tepehuanes,Primavera-Verano,Temporal,Papa,48.6,48.6,0.0,1129.12,23.23,9000.0,10162080.0
2018,Durango,Santiago Papasquiaro,Tepehuanes,Topia,Primavera-Verano,Temporal,Papa,54.0,54.0,0.0,1324.0,24.52,9000.0,11916000.0
2018,Durango,Santiago Papasquiaro,Santiago Papasquiaro,Otáez,Primavera-Verano,Temporal,Papa,113.0,113.0,0.0,3486.12,30.85,9000.0,31375080.0
2018,Durango,Santiago Papasquiaro,Santiago Papasquiaro,Santiago Papasquiaro,Primavera-Verano,Temporal,Papa,117.0,117.0,0.0,2994.9,25.6,9000.0,26954100.0
2018,Guanajuato,León,Leon,León,Otoño-Invierno,Riego,Papa,107.0,107.0,0.0,4609.99,43.08,6500.0,29964935.0
2018,Guanajuato,León,San Francisco del Rincón,Purísima del Rincón,Otoño-Invierno,Riego,Papa,251.0,251.0,0.0,10692.6,42.6,7398.41,79108238.77
2018,Guanajuato,León,San Francisco del Rincón,San Francisco del Rincón,Otoño-Invierno,Riego,Papa,346.0,346.0,0.0,14912.6,43.1,7346.82,109560187.9
2018,Hidalgo,Pachuca,Atotonilco,Omitlán de Juárez,Primavera-Verano,Temporal,Papa,22.0,22.0,0.0,308.0,14.0,4000.0,1232000.0
2018,Hidalgo,Pachuca,Apan,Almoloya,Primavera-Verano,Temporal,Papa,8.0,8.0,0.0,152.0,19.0,5000.0,760000.0
2018,Jalisco,Ciudad Guzmán,Zacoalco de Torres,Amacueca,Primavera-Verano,Temporal,Papa,39.0,39.0,0.0,1467.14,37.62,6810.0,9991223.4
2018,Jalisco,Ciudad Guzmán,Tapalpa,Atemajac de Brizuela,Primavera-Verano,Temporal,Papa,85.0,85.0,0.0,2618.0,30.8,9250.0,24216500.0
2018,Jalisco,Ciudad Guzmán,Tapalpa,Tapalpa,Primavera-Verano,Temporal,Papa,1750.0,1750.0,0.0,54600.0,31.2,9453.31,516150726.0
2018,Jalisco,Ciudad Guzmán,Sayula,San Gabriel,Primavera-Verano,Temporal,Papa,19.0,19.0,0.0,760.0,40.0,12000.0,9120000.0
2018,México,Toluca,Almoloya de Juárez,Almoloya de Juárez,Primavera-Verano,Temporal,Papa,70.0,70.0,0.0,1551.2,22.16,10057.14,15600635.57
2018,México,Toluca,Zinacantepec,Zinacantepec,Primavera-Verano,Riego,Papa,155.1,155.1,0.0,4730.55,30.5,5677.98,26859968.29
2018,México,Toluca,Zinacantepec,Zinacantepec,Primavera-Verano,Temporal,Papa,710.15,710.15,0.0,20310.29,28.6,7379.46,149878972.6
2018,México,Toluca,Tenango del Valle,Joquicingo,Primavera-Verano,Temporal,Papa,350.0,350.0,0.0,9345.0,26.7,5580.92,52153697.4
2018,México,Toluca,Tenango del Valle,Tenango del Valle,Primavera-Verano,Temporal,Papa,712.0,712.0,0.0,20292.0,28.5,5577.04,113169295.7
2018,México,Toluca,Toluca,Toluca,Primavera-Verano,Temporal,Papa,30.0,30.0,0.0,633.0,21.1,6570.0,4158810.0
2018,México,Toluca,Santiago Tianguistengo,Capulhuac,Primavera-Verano,Temporal,Papa,60.35,60.35,0.0,1297.52,21.5,6456.38,8377282.18
2018,México,Toluca,Santiago Tianguistengo,Xalatlaco,Primavera-Verano,Temporal,Papa,152.0,152.0,0.0,3652.56,24.03,6393.71,23353409.4
2018,México,Toluca,Santiago Tianguistengo,Tianguistenco,Primavera-Verano,Temporal,Papa,139.5,139.5,0.0,3696.75,26.5,6489.44,23989837.32
2018,México,Toluca,Mexicalzingo,Calimaya,Primavera-Verano,Temporal,Papa,61.0,61.0,0.0,1717.15,28.15,6092.67,10462028.29
2018,México,Texcoco,Chalco,Chalco,Primavera-Verano,Temporal,Papa,10.0,10.0,0.0,265.0,26.5,7190.0,1905350.0
2018,México,Texcoco,Juchitepec,Juchitepec,Primavera-Verano,Temporal,Papa,383.0,383.0,0.0,10176.31,26.57,7201.86,73288359.94
2018,México,Tejupilco,Temascaltepec,Temascaltepec,Otoño-Invierno,Riego,Papa,124.0,124.0,0.0,2234.48,18.02,9886.67,22091566.38
2018,México,Tejupilco,Temascaltepec,Temascaltepec,Primavera-Verano,Temporal,Papa,46.0,46.0,0.0,630.0,13.7,12283.44,7738567.2
2018,México,Atlacomulco,San Felipe del Progreso,San Felipe del Progreso,Primavera-Verano,Temporal,Papa,24.0,24.0,0.0,607.2,25.3,7035.0,4271652.0
2018,México,Atlacomulco,La Trinidad,San José del Rincón,Primavera-Verano,Temporal,Papa,650.0,650.0,0.0,19825.0,30.5,5862.31,116220295.8
2018,México,Atlacomulco,San Bartolo Morelos,Morelos,Primavera-Verano,Temporal,Papa,11.0,11.0,0.0,289.3,26.3,4500.0,1301850.0
2018,México,Atlacomulco,Jiquipilco,Jiquipilco,Primavera-Verano,Riego,Papa,15.0,15.0,0.0,300.0,20.0,4995.42,1498626.0
2018,México,Atlacomulco,Jiquipilco,Jiquipilco,Primavera-Verano,Temporal,Papa,17.0,17.0,0.0,314.5,18.5,4676.39,1470724.66
2018,México,Coatepec Harinas,Coatepec Harinas,Coatepec Harinas,Otoño-Invierno,Riego,Papa,13.0,13.0,0.0,338.0,26.0,7708.46,2605459.48
2018,México,Coatepec Harinas,Coatepec Harinas,Coatepec Harinas,Primavera-Verano,Riego,Papa,22.3,22.3,0.0,412.55,18.5,6395.29,2638376.89
2018,México,Coatepec Harinas,Coatepec Harinas,Coatepec Harinas,Primavera-Verano,Temporal,Papa,11.25,11.25,0.0,206.24,18.33,4187.78,863687.75
2018,México,Coatepec Harinas,Ocuilan,Ocuilan,Primavera-Verano,Temporal,Papa,240.5,240.5,0.0,4930.25,20.5,5013.93,24719928.38
2018,México,Valle de Bravo,Valle de Bravo,Valle de Bravo,Otoño-Invierno,Riego,Papa,96.0,96.0,0.0,2842.99,29.61,5461.11,15525877.65
2018,México,Valle de Bravo,Villa Victoria,Villa Victoria,Primavera-Verano,Temporal,Papa,950.0,950.0,0.0,36793.5,38.73,9607.43,353490975.7
2018,México,Valle de Bravo,Villa de Allende,Villa de Allende,Primavera-Verano,Riego,Papa,5.5,5.5,0.0,58.3,10.6,9530.0,555599.0
2018,México,Valle de Bravo,Villa de Allende,Villa de Allende,Primavera-Verano,Temporal,Papa,400.0,400.0,0.0,14060.0,35.15,9514.0,133766840.0
2018,México,Valle de Bravo,Amanalco,Amanalco,Primavera-Verano,Temporal,Papa,175.5,175.5,0.0,4510.35,25.7,8798.01,39682104.4
2018,México,Valle de Bravo,Donato Guerra,Donato Guerra,Otoño-Invierno,Riego,Papa,52.5,52.5,0.0,1228.5,23.4,7800.0,9582300.0
2018,México,Valle de Bravo,Donato Guerra,Donato Guerra,Primavera-Verano,Temporal,Papa,75.0,75.0,0.0,2325.0,31.0,9419.33,21899942.25
2018,Michoacán,Uruapan,Paracho,Charapan,Primavera-Verano,Temporal,Papa,90.0,90.0,0.0,1980.0,22.0,3800.0,7524000.0
2018,Michoacán,Uruapan,Paracho,Nahuatzen,Primavera-Verano,Temporal,Papa,90.0,90.0,0.0,1900.0,21.11,4794.84,9110196.0
2018,Michoacán,Zamora,Zamora,Tangamandapio,Primavera-Verano,Temporal,Papa,40.0,40.0,0.0,1652.0,41.3,3650.0,6029800.0
2018,Michoacán,Zamora,Tangancícuaro,Tangancícuaro,Otoño-Invierno,Riego,Papa,8.0,8.0,0.0,184.16,23.02,3500.0,644560.0
2018,Michoacán,Zamora,Tangancícuaro,Tangancícuaro,Primavera-Verano,Riego,Papa,80.0,80.0,0.0,1512.0,18.9,3612.14,5461555.68
2018,Michoacán,Zamora,Tangancícuaro,Tangancícuaro,Primavera-Verano,Temporal,Papa,710.0,710.0,0.0,29976.2,42.22,3613.56,108320797.3
2018,Michoacán,Zamora,Reyes Los,Los Reyes,Primavera-Verano,Temporal,Papa,44.0,44.0,0.0,1390.4,31.6,5014.85,6972647.44
2018,Michoacán,La Piedad,Zacapu,Zacapu,Primavera-Verano,Temporal,Papa,30.0,30.0,0.0,500.0,16.67,9500.0,4750000.0
2018,Michoacán,Zitácuaro,Ciudad Hidalgo,Hidalgo,Primavera-Verano,Temporal,Papa,13.1,13.1,0.0,321.11,24.51,6077.0,1951385.47
2018,Nuevo León,Galeana,Galeana,Galeana,Primavera-Verano,Riego,Papa,165.0,165.0,0.0,6220.5,37.7,13114.73,81580177.97
2018,Nuevo León,Galeana,San Rafael,Galeana,Primavera-Verano,Riego,Papa,906.0,906.0,0.0,35877.6,39.6,13791.45,494804126.5
2018,Nuevo León,Galeana,El Potosí,Galeana,Primavera-Verano,Riego,Papa,850.0,850.0,0.0,32555.0,38.3,13646.91,444275155.1
2018,Nuevo León,Galeana,Aramberri,Aramberri,Primavera-Verano,Riego,Papa,590.0,590.0,0.0,23246.0,39.4,12882.58,299468454.7
2018,Oaxaca,Sierra Juárez,Ixtlán,San Miguel Amatlán,Primavera-Verano,Temporal,Papa,37.0,37.0,0.0,368.26,9.95,4221.91,1554760.58
2018,Oaxaca,Sierra Juárez,Ayutla/Mixe,Tamazulápam del Espíritu Santo,Primavera-Verano,Temporal,Papa,19.0,19.0,0.0,193.15,10.17,4728.94,913394.36
2018,Oaxaca,Sierra Juárez,Ayutla/Mixe,San Pedro Y San Pablo Ayutla,Primavera-Verano,Temporal,Papa,7.5,7.5,0.0,76.37,10.18,4666.05,356346.58
2018,Oaxaca,Sierra Juárez,Ayutla/Mixe,Santa María Tlahuitoltepec,Primavera-Verano,Temporal,Papa,20.25,20.25,0.0,177.21,8.75,4699.85,832859.88
2018,Oaxaca,Sierra Juárez,Ayutla/Mixe,Totontepec Villa de Morelos,Primavera-Verano,Temporal,Papa,15.0,15.0,0.0,140.7,9.38,4749.85,668303.9
2018,Puebla,Zacatlán,Zacatlán,Aquixtla,Otoño-Invierno,Riego,Papa,7.3,7.3,0.0,64.02,8.77,4790.0,306655.8
2018,Puebla,Zacatlán,Zacatlán,Aquixtla,Otoño-Invierno,Temporal,Papa,25.0,25.0,0.0,182.5,7.3,4790.0,874175.0
2018,Puebla,Zacatlán,Zacatlán,Aquixtla,Primavera-Verano,Temporal,Papa,8.0,8.0,0.0,56.72,7.09,4980.0,282465.6
2018,Puebla,Zacatlán,Zacatlán,Chignahuapan,Otoño-Invierno,Riego,Papa,1.2,1.2,0.0,10.08,8.4,4770.0,48081.6
2018,Puebla,Zacatlán,Zacatlán,Chignahuapan,Otoño-Invierno,Temporal,Papa,4.75,4.75,0.0,34.2,7.2,4770.0,163134.0
2018,Puebla,Zacatlán,Zacatlán,Chignahuapan,Primavera-Verano,Riego,Papa,2.2,2.2,0.0,30.36,13.8,4960.0,150585.6
2018,Puebla,Zacatlán,Zacatlán,Ixtacamaxtitlán,Otoño-Invierno,Riego,Papa,20.4,20.4,0.0,173.4,8.5,4730.0,820182.0
2018,Puebla,Zacatlán,Zacatlán,Ixtacamaxtitlán,Otoño-Invierno,Temporal,Papa,25.0,25.0,0.0,185.0,7.4,4730.0,875050.0
2018,Puebla,Zacatlán,Zacatlán,Ixtacamaxtitlán,Primavera-Verano,Riego,Papa,39.0,39.0,0.0,526.5,13.5,4780.0,2516670.0
2018,Puebla,Zacatlán,Zacatlán,Ixtacamaxtitlán,Primavera-Verano,Temporal,Papa,107.0,107.0,0.0,1090.48,10.19,4812.64,5248092.94
2018,Puebla,Zacatlán,Zacatlán,Tetela de Ocampo,Otoño-Invierno,Riego,Papa,15.8,15.8,0.0,135.88,8.6,4781.0,649642.28
2018,Puebla,Zacatlán,Zacatlán,Tetela de Ocampo,Otoño-Invierno,Temporal,Papa,19.5,19.5,0.0,141.38,7.25,4782.0,676079.16
2018,Puebla,Zacatlán,Zacatlán,Tetela de Ocampo,Primavera-Verano,Riego,Papa,17.5,17.5,0.0,248.5,14.2,4900.0,1217650.0
2018,Puebla,Zacatlán,Zacatlán,Tetela de Ocampo,Primavera-Verano,Temporal,Papa,6.5,6.5,0.0,45.11,6.94,5030.0,226903.3
2018,Puebla,Zacatlán,Zacatlán,Zacatlán,Otoño-Invierno,Riego,Papa,11.0,11.0,0.0,96.8,8.8,4840.0,468512.0
2018,Puebla,Zacatlán,Zacatlán,Zacatlán,Otoño-Invierno,Temporal,Papa,10.0,10.0,0.0,74.4,7.44,4800.0,357120.0
2018,Puebla,Zacatlán,Zacatlán,Zacatlán,Primavera-Verano,Riego,Papa,10.5,10.5,0.0,151.2,14.4,4840.0,731808.0
2018,Puebla,Zacatlán,Zacatlán,Zacatlán,Primavera-Verano,Temporal,Papa,20.0,20.0,0.0,275.0,13.75,4840.0,1331000.0
2018,Puebla,Teziutlán,Zacapoaxtla,Nauzontla,Otoño-Invierno,Temporal,Papa,60.0,60.0,0.0,1325.0,22.08,9873.21,13082003.25
2018,Puebla,Teziutlán,Zacapoaxtla,Nauzontla,Primavera-Verano,Temporal,Papa,30.0,30.0,0.0,682.0,22.73,7317.15,4990296.3
2018,Puebla,Teziutlán,Zacapoaxtla,Zacapoaxtla,Otoño-Invierno,Riego,Papa,61.0,61.0,0.0,2245.0,36.8,9082.1,20389314.5
2018,Puebla,Teziutlán,Zacapoaxtla,Zacapoaxtla,Otoño-Invierno,Temporal,Papa,350.0,350.0,0.0,7900.0,22.57,8583.34,67808386.0
2018,Puebla,Teziutlán,Zacapoaxtla,Zacapoaxtla,Primavera-Verano,Riego,Papa,27.0,27.0,0.0,836.3,30.97,5992.0,5011109.6
2018,Puebla,Teziutlán,Zacapoaxtla,Zacapoaxtla,Primavera-Verano,Temporal,Papa,653.0,653.0,0.0,15013.0,22.99,7321.0,109910173.0
2018,Puebla,Teziutlán,Tlatlauquitepec,Atempan,Otoño-Invierno,Riego,Papa,47.0,47.0,0.0,1899.5,40.41,7488.67,14224728.67
2018,Puebla,Teziutlán,Tlatlauquitepec,Atempan,Otoño-Invierno,Temporal,Papa,35.0,35.0,0.0,839.55,23.99,7262.0,6096812.1
2018,Puebla,Teziutlán,Tlatlauquitepec,Chignautla,Primavera-Verano,Temporal,Papa,36.0,36.0,0.0,907.0,25.19,7340.15,6657516.05
2018,Puebla,Teziutlán,Tlatlauquitepec,Hueyapan,Otoño-Invierno,Temporal,Papa,52.0,52.0,0.0,1117.43,21.49,7151.09,7990842.5
2018,Puebla,Teziutlán,Tlatlauquitepec,Teteles de Avila Castillo,Otoño-Invierno,Riego,Papa,33.0,33.0,0.0,1349.3,40.89,7500.08,10119857.94
2018,Puebla,Teziutlán,Tlatlauquitepec,Teteles de Avila Castillo,Otoño-Invierno,Temporal,Papa,20.0,20.0,0.0,489.2,24.46,7324.12,3582959.5
2018,Puebla,Teziutlán,Tlatlauquitepec,Tlatlauquitepec,Otoño-Invierno,Riego,Papa,950.0,950.0,0.0,38985.0,41.04,7419.09,289233223.7
2018,Puebla,Teziutlán,Tlatlauquitepec,Tlatlauquitepec,Otoño-Invierno,Temporal,Papa,255.0,255.0,0.0,6502.0,25.5,7552.36,49105444.72
2018,Puebla,Teziutlán,Tlatlauquitepec,Tlatlauquitepec,Primavera-Verano,Riego,Papa,330.0,330.0,0.0,10885.0,32.98,6481.69,70553195.65
2018,Puebla,Teziutlán,Tlatlauquitepec,Tlatlauquitepec,Primavera-Verano,Temporal,Papa,1520.0,1520.0,0.0,35931.0,23.64,7127.9,256112574.9
2018,Puebla,Teziutlán,Tlatlauquitepec,Yaonáhuac,Otoño-Invierno,Temporal,Papa,38.0,38.0,0.0,804.1,21.16,7472.48,6008621.17
2018,Puebla,Teziutlán,Tlatlauquitepec,Zaragoza,Primavera-Verano,Riego,Papa,30.0,30.0,0.0,889.1,29.64,7071.42,6287199.52
2018,Puebla,Teziutlán,Tlatlauquitepec,Zaragoza,Primavera-Verano,Temporal,Papa,120.0,120.0,0.0,2721.0,22.68,7307.42,19883489.82
2018,Puebla,Libres,Libres,Cuyoaco,Primavera-Verano,Riego,Papa,26.0,26.0,0.0,550.0,21.15,8200.0,4510000.0
2018,Puebla,Libres,Libres,Libres,Primavera-Verano,Riego,Papa,55.0,55.0,0.0,1180.0,21.45,8400.0,9912000.0
2018,Puebla,Libres,Libres,Oriental,Primavera-Verano,Riego,Papa,25.0,25.0,0.0,520.0,20.8,8100.0,4212000.0
2018,Puebla,Libres,Guadalupe Victoria,Chichiquila,Primavera-Verano,Temporal,Papa,410.0,410.0,0.0,9700.0,23.66,7017.69,68071593.0
2018,Puebla,Libres,Guadalupe Victoria,Chilchotla,Otoño-Invierno,Temporal,Papa,165.5,165.5,0.0,3750.0,22.66,9044.67,33917512.5
2018,Puebla,Libres,Guadalupe Victoria,Chilchotla,Primavera-Verano,Temporal,Papa,378.0,378.0,0.0,9050.0,23.94,6892.3,62375315.0
2018,Puebla,Libres,Guadalupe Victoria,Guadalupe Victoria,Primavera-Verano,Riego,Papa,390.0,390.0,0.0,11500.0,29.49,4148.9,47712350.0
2018,Puebla,Libres,Guadalupe Victoria,Lafragua,Primavera-Verano,Riego,Papa,30.0,30.0,0.0,800.01,26.67,4180.51,3344449.81
2018,Puebla,Libres,Guadalupe Victoria,Lafragua,Primavera-Verano,Temporal,Papa,180.0,180.0,0.0,4680.0,26.0,8538.35,39959478.0
2018,Puebla,Libres,Guadalupe Victoria,Quimixtlán,Otoño-Invierno,Temporal,Papa,25.5,25.5,0.0,610.0,23.92,7377.34,4500177.4
2018,Puebla,Libres,Guadalupe Victoria,Quimixtlán,Primavera-Verano,Temporal,Papa,113.0,113.0,0.0,2810.0,24.87,6015.3,16902993.0
2018,Puebla,Libres,Ciudad Serdán,Aljojuca,Primavera-Verano,Riego,Papa,5.0,5.0,0.0,152.5,30.5,5203.0,793457.5
2018,Puebla,Libres,Ciudad Serdán,Aljojuca,Primavera-Verano,Temporal,Papa,7.0,7.0,0.0,178.5,25.5,5090.0,908565.0
2018,Puebla,Libres,Ciudad Serdán,Atzitzintla,Otoño-Invierno,Temporal,Papa,29.0,29.0,0.0,480.0,16.55,9500.0,4560000.0
2018,Puebla,Libres,Ciudad Serdán,Atzitzintla,Primavera-Verano,Temporal,Papa,24.0,24.0,0.0,623.5,25.98,4850.0,3023975.0
2018,Puebla,Libres,Ciudad Serdán,Chalchicomula de Sesma,Otoño-Invierno,Riego,Papa,5.0,5.0,0.0,130.0,26.0,9500.0,1235000.0
2018,Puebla,Libres,Ciudad Serdán,Chalchicomula de Sesma,Otoño-Invierno,Temporal,Papa,2.0,2.0,0.0,35.5,17.75,9050.0,321275.0
2018,Puebla,Libres,Ciudad Serdán,San Nicolás Buenos Aires,Otoño-Invierno,Riego,Papa,76.65,76.65,0.0,2050.0,26.74,8199.53,16809028.3
2018,Puebla,Libres,Ciudad Serdán,San Nicolás Buenos Aires,Otoño-Invierno,Temporal,Papa,35.0,35.0,0.0,664.0,18.97,9950.0,6606800.0
2018,Puebla,Libres,Ciudad Serdán,San Nicolás Buenos Aires,Primavera-Verano,Riego,Papa,85.0,85.0,0.0,2518.0,29.62,5420.0,13647560.0
2018,Puebla,Libres,Ciudad Serdán,San Salvador El Seco,Otoño-Invierno,Riego,Papa,39.0,39.0,0.0,1000.0,25.64,9942.49,9942490.06
2018,Puebla,Libres,Ciudad Serdán,San Salvador El Seco,Otoño-Invierno,Temporal,Papa,49.54,49.54,0.0,897.0,18.11,9000.0,8073000.0
2018,Puebla,Libres,Ciudad Serdán,San Salvador El Seco,Primavera-Verano,Riego,Papa,5.7,5.7,0.0,148.5,26.05,5623.0,835015.5
2018,Puebla,Libres,Ciudad Serdán,Tlachichuca,Otoño-Invierno,Riego,Papa,3.0,3.0,0.0,80.0,26.67,9250.12,740009.25
2018,Puebla,Libres,Ciudad Serdán,Tlachichuca,Otoño-Invierno,Temporal,Papa,3.0,3.0,0.0,65.5,21.83,9250.0,605875.0
2018,Puebla,Libres,Ciudad Serdán,Tlachichuca,Primavera-Verano,Riego,Papa,4.0,4.0,0.0,107.62,26.91,5896.0,634527.52
2018,Puebla,Cholula,Texmelucan,Tlahuapan,Primavera-Verano,Temporal,Papa,18.0,18.0,0.0,472.0,26.22,8290.0,3912880.0
2018,Sinaloa,Los Mochis,El Carrizo,Ahome,Otoño-Invierno,Riego,Papa,150.0,150.0,0.0,4275.0,28.5,7907.02,33802510.5
2018,Sinaloa,Los Mochis,San Blas,El Fuerte,Otoño-Invierno,Riego,Papa,55.99,55.99,0.0,1959.65,35.0,9500.0,18616675.0
2018,Sinaloa,Los Mochis,Ahome,Ahome,Otoño-Invierno,Riego,Papa,516.14,516.14,0.0,18064.9,35.0,9500.0,171616550.0
2018,Sinaloa,Los Mochis,Los Mochis,Ahome,Otoño-Invierno,Riego,Papa,6087.0,6087.0,0.0,152175.0,25.0,6800.0,1034790000.0
2018,Sinaloa,Los Mochis,Ruíz Cortinez,Guasave,Otoño-Invierno,Riego,Papa,3393.0,3393.0,0.0,84825.0,25.0,6800.0,576810000.0
2018,Sinaloa,Los Mochis,Ruíz Cortinez,Sinaloa,Otoño-Invierno,Riego,Papa,1248.0,1248.0,0.0,31200.0,25.0,6800.0,212160000.0
2018,Sinaloa,Guasave,El Burrión,Guasave,Otoño-Invierno,Riego,Papa,2800.75,2800.75,0.0,82818.18,29.57,4976.69,412160408.2
2018,Sinaloa,Guasave,Petatlán,Guasave,Otoño-Invierno,Riego,Papa,17.98,17.98,0.0,503.44,28.0,5202.33,2619061.02
2018,Sonora,Caborca,Caborca,Caborca,Primavera-Verano,Riego,Papa,2041.75,2041.75,0.0,85753.5,42.0,6910.74,592620142.6
2018,Sonora,Caborca,Caborca,Pitiquito,Primavera-Verano,Riego,Papa,346.0,346.0,0.0,14532.0,42.0,6872.21,99866955.72
2018,Sonora,Caborca,Atil,Altar,Primavera-Verano,Riego,Papa,1520.18,1520.18,0.0,66887.92,44.0,6832.73,457027097.6
2018,Sonora,Magdalena,Magdalena,Magdalena,Primavera-Verano,Riego,Papa,42.0,42.0,0.0,1000.0,23.81,8310.0,8310000.0
2018,Sonora,Magdalena,Santa Ana,Santa Ana,Otoño-Invierno,Riego,Papa,20.0,20.0,0.0,810.0,40.5,7315.78,5925781.8
2018,Sonora,Magdalena,Santa Ana,Santa Ana,Primavera-Verano,Riego,Papa,42.0,42.0,0.0,1900.0,45.24,8407.51,15974269.0
2018,Sonora,Magdalena,Santa Ana,Trincheras,Primavera-Verano,Riego,Papa,140.0,140.0,0.0,6328.0,45.2,8511.81,53862733.68
2018,Sonora,Agua Prieta,Cananea,Cananea,Primavera-Verano,Riego,Papa,65.0,65.0,0.0,1625.0,25.0,6379.08,10366005.0
2018,Sonora,Hermosillo,Carbó,Hermosillo,Otoño-Invierno,Riego,Papa,36.0,36.0,0.0,1260.0,35.0,8261.9,10409994.0
2018,Sonora,Sahuaripa,Yécora,Yécora,Primavera-Verano,Temporal,Papa,14.0,14.0,0.0,128.94,9.21,11200.0,1444128.0
2018,Sonora,Cajeme,Cd. Obregón,Cajeme,Otoño-Invierno,Riego,Papa,1953.0,1953.0,0.0,68737.79,35.2,8109.15,557405049.8
2018,Sonora,Cajeme,Villa Juárez,Cajeme,Otoño-Invierno,Riego,Papa,50.0,50.0,0.0,1800.0,36.0,7422.78,13361004.0
2018,Sonora,Cajeme,Villa Juárez,Etchojoa,Otoño-Invierno,Riego,Papa,180.0,180.0,0.0,5922.0,32.9,7083.89,41950796.58
2018,Sonora,Cajeme,Villa Juárez,Benito Juárez,Otoño-Invierno,Riego,Papa,190.0,190.0,0.0,6403.0,33.7,7439.0,47631917.0
2018,Sonora,Cajeme,Bácum,Bácum,Otoño-Invierno,Riego,Papa,198.0,198.0,0.0,7543.8,38.1,9056.36,68319368.57
2018,Sonora,Cajeme,Bácum,Cajeme,Otoño-Invierno,Riego,Papa,212.0,212.0,0.0,7886.4,37.2,8866.42,69924134.69
2018,Sonora,Cajeme,Pueblo Yaqui,Bácum,Otoño-Invierno,Riego,Papa,110.0,110.0,0.0,3520.99,32.01,8767.29,30869540.42
2018,Sonora,Cajeme,Pueblo Yaqui,Cajeme,Otoño-Invierno,Riego,Papa,720.0,720.0,0.0,24628.32,34.21,8829.0,217443437.3
2018,Sonora,Navojoa,Navojoa,Navojoa,Otoño-Invierno,Riego,Papa,2324.12,2324.12,0.0,70211.67,30.21,10211.27,716950319.5
2018,Sonora,Navojoa,Etchojoa,Etchojoa,Otoño-Invierno,Riego,Papa,56.29,56.29,0.0,1697.14,30.15,10101.69,17143982.17
2018,Sonora,Navojoa,Huatabampo,Huatabampo,Otoño-Invierno,Riego,Papa,1275.11,1275.11,0.0,39273.39,30.8,10169.0,399371102.9
2018,Tamaulipas,Jaumave,Tula,Tula,Primavera-Verano,Riego,Papa,30.0,30.0,0.0,1075.0,35.83,6000.0,6450000.0
2018,Tlaxcala,Calpulalpan,Calpulalpan,Sanctórum de Lázaro Cárdenas,Primavera-Verano,Temporal,Papa,26.0,26.0,0.0,473.2,18.2,4860.0,2299752.0
2018,Tlaxcala,Calpulalpan,Calpulalpan,Nanacamilpa de Mariano Arista,Primavera-Verano,Temporal,Papa,29.0,29.0,0.0,524.9,18.1,4870.0,2556263.0
2018,Tlaxcala,Calpulalpan,Hueyotlipan,Españita,Primavera-Verano,Temporal,Papa,26.0,26.0,0.0,475.8,18.3,4735.0,2252913.0
2018,Tlaxcala,Calpulalpan,Hueyotlipan,Hueyotlipan,Primavera-Verano,Temporal,Papa,31.0,31.0,0.0,564.2,18.2,4730.0,2668666.0
2018,Tlaxcala,Calpulalpan,Tlaxco,Atlangatepec,Primavera-Verano,Temporal,Papa,19.0,19.0,0.0,345.8,18.2,4715.0,1630447.0
2018,Tlaxcala,Calpulalpan,Tlaxco,Tlaxco,Primavera-Verano,Temporal,Papa,199.0,199.0,0.0,3641.7,18.3,4723.37,17201096.53
2018,Tlaxcala,Huamantla,Huamantla,Huamantla,Primavera-Verano,Riego,Papa,4.0,4.0,0.0,144.0,36.0,4000.0,576000.0
2018,Tlaxcala,Huamantla,Cuapiaxtla,Atltzayanca,Primavera-Verano,Riego,Papa,7.0,7.0,0.0,255.43,36.49,3800.0,970634.0
2018,Tlaxcala,Huamantla,Cuapiaxtla,Atltzayanca,Primavera-Verano,Temporal,Papa,15.0,15.0,0.0,265.5,17.7,5523.54,1466499.87
2018,Tlaxcala,Huamantla,Cuapiaxtla,Cuapiaxtla,Primavera-Verano,Riego,Papa,8.0,8.0,0.0,292.16,36.52,4100.0,1197856.0
2018,Tlaxcala,Huamantla,Teometitlán/Velazco,Terrenate,Primavera-Verano,Temporal,Papa,60.0,60.0,0.0,1045.8,17.43,4716.67,4932693.49
2018,Tlaxcala,Huamantla,Teometitlán/Velazco,Emiliano Zapata,Primavera-Verano,Temporal,Papa,15.0,15.0,0.0,174.0,11.6,5200.0,904800.0
2018,Veracruz,Huayacocotla,Huayacocotla,Huayacocotla,Primavera-Verano,Temporal,Papa,19.0,18.0,1.0,162.0,9.0,7005.0,1134810.0
2018,Veracruz,Martínez de la Torre,Martínez de La Torre,Atzalan,Otoño-Invierno,Temporal,Papa,80.0,80.0,0.0,2160.0,27.0,8795.0,18997200.0
2018,Veracruz,Coatepec,Coatepec,Coatepec,Otoño-Invierno,Temporal,Papa,50.0,50.0,0.0,625.0,12.5,6845.0,4278125.0
2018,Veracruz,Coatepec,Coatepec,Xico,Primavera-Verano,Temporal,Papa,63.0,63.0,0.0,819.0,13.0,5766.17,4722493.23
2018,Veracruz,Coatepec,Coatepec,Tlalnelhuayocan,Otoño-Invierno,Temporal,Papa,50.0,50.0,0.0,615.0,12.3,6994.55,4301648.25
2018,Veracruz,Coatepec,Perote,Altotonga,Primavera-Verano,Riego,Papa,376.0,376.0,0.0,16544.0,44.0,8903.08,147292555.5
2018,Veracruz,Coatepec,Perote,Altotonga,Primavera-Verano,Temporal,Papa,49.0,49.0,0.0,1382.0,28.2,9299.67,12852143.94
2018,Veracruz,Coatepec,Perote,Ayahualulco,Otoño-Invierno,Temporal,Papa,28.0,28.0,0.0,756.0,27.0,7050.88,5330465.28
2018,Veracruz,Coatepec,Perote,Ayahualulco,Primavera-Verano,Temporal,Papa,572.0,572.0,0.0,16588.0,29.0,9283.92,154001665.0
2018,Veracruz,Coatepec,Perote,Ixhuacán de Los Reyes,Otoño-Invierno,Temporal,Papa,25.0,25.0,0.0,312.5,12.5,7150.0,2234375.0
2018,Veracruz,Coatepec,Perote,Jalacingo,Primavera-Verano,Riego,Papa,872.0,872.0,0.0,39240.0,45.0,9337.49,366403107.6
2018,Veracruz,Coatepec,Perote,Jalacingo,Primavera-Verano,Temporal,Papa,433.0,433.0,0.0,12557.0,29.0,9460.46,118794996.2
2018,Veracruz,Coatepec,Perote,Perote,Otoño-Invierno,Temporal,Papa,77.0,77.0,0.0,2233.0,29.0,7076.45,15801712.85
2018,Veracruz,Coatepec,Perote,Perote,Primavera-Verano,Riego,Papa,461.0,461.0,0.0,19362.0,42.0,9225.42,178622582.0
2018,Veracruz,Coatepec,Perote,Perote,Primavera-Verano,Temporal,Papa,145.0,145.0,0.0,4350.0,30.0,8941.04,38893524.0
2018,Veracruz,Coatepec,Perote,Las Vigas de Ramírez,Primavera-Verano,Temporal,Papa,95.0,65.0,30.0,1679.99,25.85,9612.61,16149088.67
2018,Veracruz,Coatepec,Perote,Villa Aldama,Primavera-Verano,Riego,Papa,155.0,155.0,0.0,6045.0,39.0,8922.47,53936331.15
2018,Veracruz,Coatepec,Perote,Villa Aldama,Primavera-Verano,Temporal,Papa,146.0,146.0,0.0,4236.04,29.01,8928.56,37821737.3
2018,Veracruz,Coatepec,Naolinco,Acajete,Otoño-Invierno,Temporal,Papa,17.0,17.0,0.0,187.0,11.0,7922.0,1481414.0
2018,Veracruz,Coatepec,Naolinco,Coacoatzintla,Otoño-Invierno,Temporal,Papa,73.0,73.0,0.0,832.2,11.4,7907.0,6580205.4
2018,Veracruz,Coatepec,Naolinco,Miahuatlán,Otoño-Invierno,Temporal,Papa,14.0,14.0,0.0,156.8,11.2,7422.01,1163771.17
2018,Veracruz,Coatepec,Naolinco,Naolinco,Otoño-Invierno,Temporal,Papa,21.0,21.0,0.0,252.0,12.0,7736.0,1949472.0
2018,Veracruz,Coatepec,Naolinco,Rafael Lucio,Otoño-Invierno,Temporal,Papa,58.0,58.0,0.0,754.0,13.0,7667.0,5780918.0
2018,Veracruz,Coatepec,Naolinco,Tlacolulan,Otoño-Invierno,Temporal,Papa,13.0,13.0,0.0,152.5,11.73,6431.5,980803.75
2018,Veracruz,Coatepec,Naolinco,Tonayán,Otoño-Invierno,Temporal,Papa,37.0,37.0,0.0,444.0,12.0,7712.0,3424128.0
2018,Veracruz,Fortín,Acultzingo,Mariano Escobedo,Otoño-Invierno,Temporal,Papa,348.0,348.0,0.0,3862.8,11.1,6753.17,26086145.08
2018,Veracruz,Fortín,Acultzingo,Mariano Escobedo,Primavera-Verano,Temporal,Papa,290.0,290.0,0.0,3335.0,11.5,9615.84,32068826.4
2018,Veracruz,Fortín,Acultzingo,La Perla,Otoño-Invierno,Temporal,Papa,333.0,333.0,0.0,3663.0,11.0,6377.62,23361222.06
2018,Veracruz,Fortín,Acultzingo,La Perla,Primavera-Verano,Temporal,Papa,380.0,380.0,0.0,4418.0,11.63,9249.88,40865969.84
2018,Veracruz,Fortín,Huatusco,Alpatláhuac,Otoño-Invierno,Temporal,Papa,108.0,108.0,0.0,972.0,9.0,6561.57,6377846.04
2018,Veracruz,Fortín,Huatusco,Alpatláhuac,Primavera-Verano,Temporal,Papa,43.0,43.0,0.0,493.0,11.47,6318.66,3115099.38
2018,Veracruz,Fortín,Huatusco,Calcahualco,Otoño-Invierno,Temporal,Papa,143.0,143.0,0.0,1321.3,9.24,6668.41,8810970.13
2018,Veracruz,Fortín,Huatusco,Calcahualco,Primavera-Verano,Temporal,Papa,45.0,45.0,0.0,495.0,11.0,6398.33,3167173.35
2018,Veracruz,Fortín,Huatusco,Coscomatepec,Otoño-Invierno,Temporal,Papa,434.0,434.0,0.0,3992.8,9.2,7163.45,28602223.16
2018,Veracruz,Fortín,Huatusco,Coscomatepec,Primavera-Verano,Temporal,Papa,79.0,79.0,0.0,889.0,11.25,6455.36,5738815.04
2018,Zacatecas,Zacatecas,Calera,Guadalupe,Primavera-Verano,Riego,Papa,150.0,150.0,0.0,6150.0,41.0,9000.0,55350000.0
2018,Zacatecas,Zacatecas,Villa de Cos,Pánuco,Primavera-Verano,Riego,Papa,187.0,187.0,0.0,8863.8,47.4,10262.03,90960581.51
2018,Zacatecas,Zacatecas,Villa de Cos,Villa de Cos,Primavera-Verano,Riego,Papa,378.0,378.0,0.0,15876.0,42.0,10571.43,167832022.7
2019,Baja California Sur,Comondú,Comondú,Comondú,Otoño-Invierno,Riego,Papa,1350.0,1350.0,0.0,41580.0,30.8,5734.3,238432194.0
2019,Baja California Sur,Comondú,Comondú,Comondú,Primavera-Verano,Riego,Papa,827.0,827.0,0.0,26464.0,32.0,5587.02,147854897.28
2019,Coahuila,Frontera,Ocampo,Ocampo,Primavera-Verano,Riego,Papa,120.0,120.0,0.0,4844.4,40.37,7300.0,35364120.0
2019,Coahuila,Saltillo,Arteaga,Arteaga,Primavera-Verano,Riego,Papa,255.0,255.0,0.0,8861.25,34.75,7960.6,70540866.75
2019,Coahuila,Saltillo,Agua Nueva,Saltillo,Primavera-Verano,Riego,Papa,20.0,20.0,0.0,679.6,33.98,9900.0,6728040.0
2019,Chiapas,San Cristóbal de las Casas,San Cristóbal de Las Casas,Chamula,Primavera-Verano,Temporal,Papa,385.52,385.52,0.0,7525.35,19.52,7732.64,58190822.42
2019,Chiapas,San Cristóbal de las Casas,San Cristóbal de Las Casas,Larráinzar,Primavera-Verano,Temporal,Papa,315.27,315.27,0.0,5756.83,18.26,7751.69,44625161.54
2019,Chiapas,San Cristóbal de las Casas,San Cristóbal de Las Casas,San Cristóbal de Las Casas,Otoño-Invierno,Riego,Papa,213.77,213.77,0.0,4931.67,23.07,9247.13,45603793.61
2019,Chiapas,San Cristóbal de las Casas,San Cristóbal de Las Casas,San Cristóbal de Las Casas,Primavera-Verano,Temporal,Papa,313.11,313.11,0.0,5776.88,18.45,7761.95,44839853.72
2019,Chiapas,San Cristóbal de las Casas,San Cristóbal de Las Casas,Teopisca,Primavera-Verano,Temporal,Papa,18.88,18.88,0.0,347.2,18.39,7734.34,2685362.85
2019,Chiapas,San Cristóbal de las Casas,San Cristóbal de Las Casas,Zinacantán,Primavera-Verano,Temporal,Papa,38.55,38.55,0.0,707.39,18.35,7723.27,5463363.97
2019,Chiapas,San Cristóbal de las Casas,Chenalhó,Chenalhó,Otoño-Invierno,Riego,Papa,33.6,33.6,0.0,717.7,21.36,8969.28,6437252.26
2019,Chiapas,Motozintla,Amatenango/Motozintla,Motozintla,Primavera-Verano,Temporal,Papa,99.0,99.0,0.0,829.62,8.38,5400.0,4479948.0
2019,Chiapas,Motozintla,Porvenir,Bejucal de Ocampo,Primavera-Verano,Temporal,Papa,140.33,140.33,0.0,1136.67,8.1,5370.0,6103917.9
2019,Chiapas,Motozintla,Porvenir,La Grandeza,Primavera-Verano,Temporal,Papa,34.0,34.0,0.0,281.52,8.28,5350.0,1506132.0
2019,Chiapas,Motozintla,Porvenir,El Porvenir,Primavera-Verano,Temporal,Papa,225.0,225.0,0.0,1893.9,8.42,5281.17,10002012.0
2019,Chiapas,Motozintla,Porvenir,Siltepec,Primavera-Verano,Temporal,Papa,107.0,107.0,0.0,875.26,8.18,5365.0,4695769.9
2019,Chihuahua,Casas Grandes,Nuevo Casas Grandes,Nuevo Casas Grandes,Primavera-Verano,Riego,Papa,160.0,160.0,0.0,6485.0,40.53,7000.0,45395000.0
2019,Chihuahua,Casas Grandes,Janos,Janos,Primavera-Verano,Riego,Papa,60.0,60.0,0.0,2640.0,44.0,6700.0,17688000.0
2019,Chihuahua,Casas Grandes,Ascensión,Ascensión,Primavera-Verano,Riego,Papa,60.0,60.0,0.0,2190.0,36.5,7000.0,15330000.0
2019,Chihuahua,Madera,Soto Máynez,Namiquipa,Primavera-Verano,Riego,Papa,120.0,120.0,0.0,4200.0,35.0,7321.43,30750006.0
2019,Chihuahua,Madera,El Terrero,Namiquipa,Primavera-Verano,Riego,Papa,100.0,100.0,0.0,3000.0,30.0,5366.67,16100010.0
2019,Chihuahua,Papigochi,La Junta,Guerrero,Primavera-Verano,Riego,Papa,530.0,530.0,0.0,22260.0,42.0,10000.0,222600000.0
2019,Chihuahua,Papigochi,Guerrero,Guerrero,Primavera-Verano,Riego,Papa,20.0,20.0,0.0,760.0,38.0,10000.0,7600000.0
2019,Chihuahua,San Juanito,San Juanito,Batopilas,Primavera-Verano,Temporal,Papa,23.0,23.0,0.0,57.6,2.5,9850.0,567360.0
2019,Chihuahua,San Juanito,San Juanito,Bocoyna,Primavera-Verano,Temporal,Papa,32.0,32.0,0.0,128.35,4.01,9800.0,1257830.0
2019,Chihuahua,San Juanito,San Juanito,Maguarichi,Primavera-Verano,Temporal,Papa,7.33,7.33,0.0,21.99,3.0,9379.62,206257.84
2019,Chihuahua,San Juanito,San Juanito,Morelos,Primavera-Verano,Temporal,Papa,6.7,6.7,0.0,26.13,3.9,9801.5,256113.2
2019,Chihuahua,San Juanito,Tomochi,Moris,Primavera-Verano,Temporal,Papa,16.67,16.67,0.0,55.0,3.3,10300.0,566500.0
2019,Chihuahua,San Juanito,Tomochi,Ocampo,Primavera-Verano,Temporal,Papa,27.0,27.0,0.0,135.0,5.0,10000.0,1350000.0
2019,Chihuahua,San Juanito,Tomochi,Uruachi,Primavera-Verano,Temporal,Papa,17.33,17.33,0.0,67.07,3.87,10150.0,680760.5
2019,Chihuahua,San Juanito,San Rafael,Urique,Primavera-Verano,Temporal,Papa,36.67,36.67,0.0,117.34,3.2,9860.0,1156972.4
2019,Chihuahua,Balleza,Balleza,Balleza,Primavera-Verano,Temporal,Papa,40.0,40.0,0.0,280.0,7.0,12000.0,3360000.0
2019,Chihuahua,Balleza,Guachochi,Guachochi,Primavera-Verano,Temporal,Papa,95.0,95.0,0.0,494.0,5.2,12000.0,5928000.0
2019,Chihuahua,Balleza,Guadalupe Y Calvo,Guadalupe Y Calvo,Primavera-Verano,Temporal,Papa,97.0,97.0,0.0,485.0,5.0,6927.84,3360000.0
2019,Ciudad de México,Xochimilco,San Mateo Xalpa,Tlalpan,Primavera-Verano,Temporal,Papa,410.0,410.0,0.0,15995.0,39.01,6992.5,111845037.5
2019,Ciudad de México,Xochimilco,San Antonio Tecómitl,Milpa Alta,Primavera-Verano,Temporal,Papa,289.0,289.0,0.0,7225.0,25.0,8671.21,62649492.25
2019,Durango,El Salto,San Miguel de Cruces,San Dimas,Primavera-Verano,Temporal,Papa,11.25,11.25,0.0,34.47,3.06,8125.24,280077.02
2019,Durango,El Salto,El Salto,Pueblo Nuevo,Primavera-Verano,Temporal,Papa,14.0,14.0,0.0,56.24,4.02,8140.0,457793.6
2019,Durango,El Salto,El Salto,Tamazula,Primavera-Verano,Temporal,Papa,13.54,13.54,0.0,47.88,3.54,8020.0,383997.6
2019,Durango,Santiago Papasquiaro,Tepehuanes,Canelas,Primavera-Verano,Temporal,Papa,40.0,40.0,0.0,785.0,19.63,1230.0,965550.0
2019,Durango,Santiago Papasquiaro,Tepehuanes,Tepehuanes,Primavera-Verano,Temporal,Papa,35.0,35.0,0.0,521.99,14.91,10890.0,5684471.1
2019,Durango,Santiago Papasquiaro,Tepehuanes,Topia,Primavera-Verano,Temporal,Papa,30.0,30.0,0.0,575.5,19.18,9870.0,5680185.0
2019,Durango,Santiago Papasquiaro,Santiago Papasquiaro,Otáez,Primavera-Verano,Temporal,Papa,75.0,75.0,0.0,1892.12,25.23,9500.0,17975140.0
2019,Durango,Santiago Papasquiaro,Santiago Papasquiaro,Santiago Papasquiaro,Primavera-Verano,Temporal,Papa,60.0,60.0,0.0,1758.67,29.31,10850.0,19081569.5
2019,Guanajuato,León,Leon,León,Otoño-Invierno,Riego,Papa,110.0,110.0,0.0,5490.1,49.91,8428.97,46275888.2
2019,Guanajuato,León,San Francisco del Rincón,Purísima del Rincón,Otoño-Invierno,Riego,Papa,278.0,278.0,0.0,14456.0,52.0,8394.82,121355517.92
2019,Guanajuato,León,San Francisco del Rincón,San Francisco del Rincón,Otoño-Invierno,Riego,Papa,320.0,320.0,0.0,16640.0,52.0,8456.12,140709836.8
2019,Hidalgo,Pachuca,Atotonilco,Omitlán de Juárez,Primavera-Verano,Temporal,Papa,22.5,22.5,0.0,292.5,13.0,6000.0,1755000.0
2019,Hidalgo,Pachuca,Apan,Almoloya,Primavera-Verano,Temporal,Papa,15.0,15.0,0.0,180.0,12.0,6500.0,1170000.0
2019,Jalisco,Ciudad Guzmán,Zacoalco de Torres,Amacueca,Primavera-Verano,Temporal,Papa,54.0,54.0,0.0,1990.44,36.86,5900.0,11743596.0
2019,Jalisco,Ciudad Guzmán,Tapalpa,Atemajac de Brizuela,Primavera-Verano,Temporal,Papa,33.26,33.26,0.0,987.32,29.68,6060.81,5983958.93
2019,Jalisco,Ciudad Guzmán,Tapalpa,Tapalpa,Primavera-Verano,Temporal,Papa,1794.98,1794.98,0.0,54280.2,30.24,6251.86,339352211.17
2019,Jalisco,Ciudad Guzmán,Sayula,San Gabriel,Primavera-Verano,Temporal,Papa,18.77,18.77,0.0,754.55,40.2,9050.0,6828677.5
2019,México,Toluca,Almoloya de Juárez,Almoloya de Juárez,Primavera-Verano,Temporal,Papa,70.05,70.05,0.0,2100.1,29.98,8153.4,17122955.34
2019,México,Toluca,Zinacantepec,Zinacantepec,Primavera-Verano,Riego,Papa,153.55,153.55,0.0,4620.32,30.09,8311.23,38400542.19
2019,México,Toluca,Zinacantepec,Zinacantepec,Primavera-Verano,Temporal,Papa,703.05,703.05,0.0,19889.28,28.29,5884.31,117034689.2
2019,México,Toluca,Tenango del Valle,Joquicingo,Primavera-Verano,Temporal,Papa,246.0,246.0,0.0,6469.8,26.3,7963.41,51521670.02
2019,México,Toluca,Tenango del Valle,Tenango del Valle,Primavera-Verano,Temporal,Papa,788.0,788.0,0.0,23576.96,29.92,7941.72,187241614.77
2019,México,Toluca,Toluca,Toluca,Primavera-Verano,Temporal,Papa,35.0,35.0,0.0,739.55,21.13,7800.0,5768490.0
2019,México,Toluca,Santiago Tianguistengo,Capulhuac,Primavera-Verano,Temporal,Papa,71.0,71.0,0.0,1991.55,28.05,7971.4,15875441.67
2019,México,Toluca,Santiago Tianguistengo,Xalatlaco,Primavera-Verano,Temporal,Papa,190.0,190.0,0.0,4588.5,24.15,7710.52,35379721.02
2019,México,Toluca,Santiago Tianguistengo,Tianguistenco,Primavera-Verano,Temporal,Papa,155.0,155.0,0.0,3565.0,23.0,7903.23,28175014.95
2019,México,Toluca,Mexicalzingo,Calimaya,Primavera-Verano,Temporal,Papa,61.1,61.1,0.0,1710.8,28.0,7493.91,12820581.23
2019,México,Texcoco,Chalco,Chalco,Primavera-Verano,Temporal,Papa,35.0,35.0,0.0,763.0,21.8,4202.12,3206217.56
2019,México,Texcoco,Juchitepec,Juchitepec,Primavera-Verano,Temporal,Papa,383.01,383.01,0.0,14002.85,36.56,6486.39,90827946.21
2019,México,Tejupilco,Temascaltepec,Temascaltepec,Otoño-Invierno,Riego,Papa,131.0,131.0,0.0,2253.2,17.2,10194.67,22970630.44
2019,México,Tejupilco,Temascaltepec,Temascaltepec,Primavera-Verano,Temporal,Papa,34.17,34.17,0.0,436.69,12.78,9000.0,3930210.0
2019,México,Atlacomulco,San Felipe del Progreso,San Felipe del Progreso,Primavera-Verano,Temporal,Papa,26.0,26.0,0.0,652.6,25.1,5119.23,3340809.5
2019,México,Atlacomulco,La Trinidad,San José del Rincón,Primavera-Verano,Temporal,Papa,660.0,660.0,0.0,18955.2,28.72,5426.36,102857739.07
2019,México,Atlacomulco,San Bartolo Morelos,Morelos,Primavera-Verano,Temporal,Papa,15.0,15.0,0.0,399.45,26.63,4900.0,1957305.0
2019,México,Atlacomulco,Jiquipilco,Jiquipilco,Primavera-Verano,Riego,Papa,11.5,11.5,0.0,247.25,21.5,5147.41,1272697.12
2019,México,Atlacomulco,Jiquipilco,Jiquipilco,Primavera-Verano,Temporal,Papa,18.0,18.0,0.0,289.98,16.11,5200.0,1507896.0
2019,México,Coatepec Harinas,Coatepec Harinas,Coatepec Harinas,Otoño-Invierno,Riego,Papa,13.5,13.5,0.0,352.35,26.1,6559.33,2311179.93
2019,México,Coatepec Harinas,Coatepec Harinas,Coatepec Harinas,Primavera-Verano,Riego,Papa,25.77,25.77,0.0,481.64,18.69,6291.79,3030377.74
2019,México,Coatepec Harinas,Coatepec Harinas,Coatepec Harinas,Primavera-Verano,Temporal,Papa,13.6,13.6,0.0,240.45,17.68,4504.23,1083042.1
2019,México,Coatepec Harinas,Ocuilan,Ocuilan,Primavera-Verano,Temporal,Papa,227.33,227.33,0.0,9138.67,40.2,5249.67,47975001.74
2019,México,Valle de Bravo,Valle de Bravo,Valle de Bravo,Otoño-Invierno,Riego,Papa,90.0,90.0,0.0,2763.0,30.7,6820.44,18844875.72
2019,México,Valle de Bravo,Villa Victoria,Villa Victoria,Primavera-Verano,Temporal,Papa,630.0,630.0,0.0,20941.2,33.24,8295.53,173718352.84
2019,México,Valle de Bravo,Villa de Allende,Villa de Allende,Primavera-Verano,Temporal,Papa,380.0,380.0,0.0,14424.8,37.96,8237.49,118824145.75
2019,México,Valle de Bravo,Amanalco,Amanalco,Primavera-Verano,Temporal,Papa,251.67,251.67,0.0,7293.4,28.98,8190.14,59733967.08
2019,México,Valle de Bravo,Donato Guerra,Donato Guerra,Otoño-Invierno,Riego,Papa,42.0,42.0,0.0,966.0,23.0,9124.76,8814518.16
2019,México,Valle de Bravo,Donato Guerra,Donato Guerra,Primavera-Verano,Temporal,Papa,70.0,70.0,0.0,2240.0,32.0,8161.14,18280953.6
2019,Michoacán,Uruapan,Ziracuaretiro,Tingambato,Primavera-Verano,Temporal,Papa,50.0,50.0,0.0,1250.0,25.0,4740.0,5925000.0
2019,Michoacán,Uruapan,Paracho,Charapan,Primavera-Verano,Temporal,Papa,100.0,100.0,0.0,3000.0,30.0,4900.0,14700000.0
2019,Michoacán,Uruapan,Paracho,Nahuatzen,Primavera-Verano,Temporal,Papa,100.0,100.0,0.0,3050.0,30.5,4585.58,13986019.0
2019,Michoacán,Zamora,Tangancícuaro,Tangancícuaro,Otoño-Invierno,Riego,Papa,10.0,10.0,0.0,231.0,23.1,6400.0,1478400.0
2019,Michoacán,Zamora,Reyes Los,Los Reyes,Primavera-Verano,Temporal,Papa,130.0,130.0,0.0,3000.0,23.08,4000.0,12000000.0
2019,Michoacán,La Piedad,Zacapu,Zacapu,Primavera-Verano,Temporal,Papa,25.0,25.0,0.0,460.0,18.4,5500.0,2530000.0
2019,Michoacán,Zitácuaro,Ciudad Hidalgo,Hidalgo,Primavera-Verano,Temporal,Papa,9.5,9.5,0.0,314.29,33.08,6091.88,1914616.97
2019,Morelos,Zacatepec-Galeana,Yautepec,Huitzilac,Primavera-Verano,Temporal,Papa,100.0,100.0,0.0,2300.0,23.0,6000.0,13800000.0
2019,Nuevo León,Galeana,Galeana,Galeana,Primavera-Verano,Riego,Papa,187.0,187.0,0.0,6563.7,35.1,11584.76,76038889.21
2019,Nuevo León,Galeana,San Rafael,Galeana,Primavera-Verano,Riego,Papa,1398.0,1398.0,0.0,55081.2,39.4,11905.77,655784098.52
2019,Nuevo León,Galeana,El Potosí,Galeana,Primavera-Verano,Riego,Papa,1087.0,1087.0,0.0,43045.2,39.6,12108.8,521225717.76
2019,Nuevo León,Galeana,Aramberri,Aramberri,Primavera-Verano,Riego,Papa,397.0,397.0,0.0,15880.0,40.0,12960.0,205804800.0
2019,Oaxaca,Sierra Juárez,Ixtlán,San Miguel Amatlán,Primavera-Verano,Temporal,Papa,36.25,36.25,0.0,363.59,10.03,4409.02,1603075.58
2019,Oaxaca,Sierra Juárez,Ayutla/Mixe,Tamazulápam del Espíritu Santo,Primavera-Verano,Temporal,Papa,17.0,17.0,0.0,183.6,10.8,5297.91,972696.28
2019,Oaxaca,Sierra Juárez,Ayutla/Mixe,San Pedro Y San Pablo Ayutla,Primavera-Verano,Temporal,Papa,6.5,6.5,0.0,66.37,10.21,5092.35,337979.27
2019,Oaxaca,Sierra Juárez,Ayutla/Mixe,Santa María Tlahuitoltepec,Primavera-Verano,Temporal,Papa,21.5,21.5,0.0,203.39,9.46,4684.74,952829.27
2019,Oaxaca,Sierra Juárez,Ayutla/Mixe,Totontepec Villa de Morelos,Primavera-Verano,Temporal,Papa,15.5,15.5,0.0,146.32,9.44,5038.47,737228.93
2019,Puebla,Zacatlán,Zacatlán,Aquixtla,Otoño-Invierno,Riego,Papa,22.0,22.0,0.0,207.24,9.42,4844.77,1004030.13
2019,Puebla,Zacatlán,Zacatlán,Aquixtla,Otoño-Invierno,Temporal,Papa,12.0,12.0,0.0,90.36,7.53,4810.0,434631.6
2019,Puebla,Zacatlán,Zacatlán,Aquixtla,Primavera-Verano,Riego,Papa,39.0,0.0,39.0,0.0,0.0,0.0,0.0
2019,Puebla,Zacatlán,Zacatlán,Aquixtla,Primavera-Verano,Temporal,Papa,32.75,32.75,0.0,246.0,7.51,6368.96,1566765.0
2019,Puebla,Zacatlán,Zacatlán,Chignahuapan,Otoño-Invierno,Riego,Papa,6.0,6.0,0.0,52.8,8.8,4982.12,263055.94
2019,Puebla,Zacatlán,Zacatlán,Chignahuapan,Otoño-Invierno,Temporal,Papa,8.0,8.0,0.0,60.64,7.58,5589.5,338947.28
2019,Puebla,Zacatlán,Zacatlán,Chignahuapan,Primavera-Verano,Riego,Papa,6.33,6.33,0.0,63.24,9.99,5300.0,335172.0
2019,Puebla,Zacatlán,Zacatlán,Ixtacamaxtitlán,Otoño-Invierno,Riego,Papa,25.0,25.0,0.0,221.0,8.84,5055.07,1117170.47
2019,Puebla,Zacatlán,Zacatlán,Ixtacamaxtitlán,Otoño-Invierno,Temporal,Papa,29.0,29.0,0.0,230.26,7.94,5139.78,1183485.74
2019,Puebla,Zacatlán,Zacatlán,Ixtacamaxtitlán,Primavera-Verano,Riego,Papa,59.0,59.0,0.0,649.59,11.01,5000.0,3247950.0
2019,Puebla,Zacatlán,Zacatlán,Ixtacamaxtitlán,Primavera-Verano,Temporal,Papa,133.0,133.0,0.0,977.29,7.35,4709.49,4602540.87
2019,Puebla,Zacatlán,Zacatlán,Tetela de Ocampo,Otoño-Invierno,Riego,Papa,16.4,16.4,0.0,143.66,8.76,5013.52,720242.28
2019,Puebla,Zacatlán,Zacatlán,Tetela de Ocampo,Otoño-Invierno,Temporal,Papa,16.0,16.0,0.0,121.28,7.58,5292.34,641855.0
2019,Puebla,Zacatlán,Zacatlán,Tetela de Ocampo,Primavera-Verano,Riego,Papa,17.33,17.33,0.0,214.2,12.36,5050.0,1081710.0
2019,Puebla,Zacatlán,Zacatlán,Tetela de Ocampo,Primavera-Verano,Temporal,Papa,18.75,18.75,0.0,136.9,7.3,5108.86,699402.55
2019,Puebla,Zacatlán,Zacatlán,Zacatlán,Otoño-Invierno,Riego,Papa,11.7,11.7,0.0,108.11,9.24,4853.39,524699.99
2019,Puebla,Zacatlán,Zacatlán,Zacatlán,Otoño-Invierno,Temporal,Papa,12.5,12.5,0.0,96.25,7.7,5320.67,512114.49
2019,Puebla,Zacatlán,Zacatlán,Zacatlán,Primavera-Verano,Riego,Papa,14.0,14.0,0.0,225.96,16.14,5120.0,1156915.2
2019,Puebla,Zacatlán,Zacatlán,Zacatlán,Primavera-Verano,Temporal,Papa,15.0,15.0,0.0,198.0,13.2,7120.0,1409760.0
2019,Puebla,Teziutlán,Zacapoaxtla,Nauzontla,Otoño-Invierno,Temporal,Papa,50.0,50.0,0.0,1049.0,20.98,6460.74,6777316.26
2019,Puebla,Teziutlán,Zacapoaxtla,Nauzontla,Primavera-Verano,Temporal,Papa,50.0,50.0,0.0,805.0,16.1,4152.34,3342633.7
2019,Puebla,Teziutlán,Zacapoaxtla,Zacapoaxtla,Otoño-Invierno,Riego,Papa,62.0,62.0,0.0,1889.14,30.47,5552.59,10489619.87
2019,Puebla,Teziutlán,Zacapoaxtla,Zacapoaxtla,Otoño-Invierno,Temporal,Papa,351.0,351.0,0.0,8069.49,22.99,6474.06,52242362.43
2019,Puebla,Teziutlán,Zacapoaxtla,Zacapoaxtla,Primavera-Verano,Riego,Papa,6.67,6.67,0.0,175.62,26.33,4978.0,874236.36
2019,Puebla,Teziutlán,Zacapoaxtla,Zacapoaxtla,Primavera-Verano,Temporal,Papa,350.0,350.0,0.0,5932.5,16.95,4164.22,24704235.15
2019,Puebla,Teziutlán,Tlatlauquitepec,Atempan,Otoño-Invierno,Riego,Papa,40.0,40.0,0.0,1556.0,38.9,5505.99,8567320.44
2019,Puebla,Teziutlán,Tlatlauquitepec,Atempan,Otoño-Invierno,Temporal,Papa,36.0,36.0,0.0,790.56,21.96,7344.36,5806157.24
2019,Puebla,Teziutlán,Tlatlauquitepec,Chignautla,Primavera-Verano,Temporal,Papa,38.17,38.17,0.0,909.97,23.84,4788.27,4357182.05
2019,Puebla,Teziutlán,Tlatlauquitepec,Hueyapan,Otoño-Invierno,Temporal,Papa,20.0,20.0,0.0,499.0,24.95,7330.91,3658124.09
2019,Puebla,Teziutlán,Tlatlauquitepec,Teteles de Avila Castillo,Otoño-Invierno,Riego,Papa,31.0,31.0,0.0,1133.36,36.56,5538.29,6276876.35
2019,Puebla,Teziutlán,Tlatlauquitepec,Teteles de Avila Castillo,Otoño-Invierno,Temporal,Papa,16.0,16.0,0.0,368.16,23.01,7359.29,2709396.21
2019,Puebla,Teziutlán,Tlatlauquitepec,Tlatlauquitepec,Otoño-Invierno,Riego,Papa,980.0,980.0,0.0,37416.4,38.18,5563.01,208147807.36
2019,Puebla,Teziutlán,Tlatlauquitepec,Tlatlauquitepec,Otoño-Invierno,Temporal,Papa,256.0,256.0,0.0,6120.96,23.91,7331.7,44877042.43
2019,Puebla,Teziutlán,Tlatlauquitepec,Tlatlauquitepec,Primavera-Verano,Riego,Papa,374.0,374.0,0.0,11104.06,29.69,4890.94,54309291.22
2019,Puebla,Teziutlán,Tlatlauquitepec,Tlatlauquitepec,Primavera-Verano,Temporal,Papa,1483.41,1483.41,0.0,35008.48,23.6,4649.62,162776128.78
2019,Puebla,Teziutlán,Tlatlauquitepec,Yaonáhuac,Otoño-Invierno,Temporal,Papa,30.0,30.0,0.0,689.1,22.97,7359.21,5071231.61
2019,Puebla,Teziutlán,Tlatlauquitepec,Zaragoza,Primavera-Verano,Riego,Papa,40.0,40.0,0.0,1172.8,29.32,5008.41,5873863.25
2019,Puebla,Teziutlán,Tlatlauquitepec,Zaragoza,Primavera-Verano,Temporal,Papa,125.0,125.0,0.0,2900.0,23.2,4689.8,13600420.0
2019,Puebla,Libres,Libres,Cuyoaco,Primavera-Verano,Riego,Papa,20.0,20.0,0.0,504.0,25.2,4837.68,2438190.72
2019,Puebla,Libres,Libres,Libres,Primavera-Verano,Riego,Papa,40.0,40.0,0.0,988.4,24.71,4436.05,4384591.82
2019,Puebla,Libres,Libres,Oriental,Primavera-Verano,Riego,Papa,30.0,30.0,0.0,770.4,25.68,5053.32,3893077.73
2019,Puebla,Libres,Guadalupe Victoria,Chichiquila,Primavera-Verano,Temporal,Papa,490.0,490.0,0.0,9285.5,18.95,4578.59,42514497.45
2019,Puebla,Libres,Guadalupe Victoria,Chilchotla,Otoño-Invierno,Temporal,Papa,27.0,27.0,0.0,565.11,20.93,7862.0,4442894.82
2019,Puebla,Libres,Guadalupe Victoria,Chilchotla,Primavera-Verano,Temporal,Papa,430.0,430.0,0.0,9675.0,22.5,5952.66,57591985.5
2019,Puebla,Libres,Guadalupe Victoria,Guadalupe Victoria,Primavera-Verano,Riego,Papa,450.0,450.0,0.0,12874.5,28.61,3502.37,45091262.57
2019,Puebla,Libres,Guadalupe Victoria,Guadalupe Victoria,Primavera-Verano,Temporal,Papa,230.0,230.0,0.0,5336.0,23.2,5588.01,29817621.36
2019,Puebla,Libres,Guadalupe Victoria,Lafragua,Primavera-Verano,Riego,Papa,30.0,30.0,0.0,816.3,27.21,3861.76,3152354.69
2019,Puebla,Libres,Guadalupe Victoria,Lafragua,Primavera-Verano,Temporal,Papa,275.0,275.0,0.0,5995.0,21.8,5368.67,32185176.65
2019,Puebla,Libres,Guadalupe Victoria,Quimixtlán,Otoño-Invierno,Temporal,Papa,82.0,82.0,0.0,1680.18,20.49,7225.0,12139300.5
2019,Puebla,Libres,Guadalupe Victoria,Quimixtlán,Primavera-Verano,Temporal,Papa,90.0,90.0,0.0,1935.0,21.5,5897.0,11410695.0
2019,Puebla,Libres,Ciudad Serdán,Aljojuca,Primavera-Verano,Riego,Papa,8.0,8.0,0.0,247.04,30.88,4643.0,1147006.72
2019,Puebla,Libres,Ciudad Serdán,Atzitzintla,Otoño-Invierno,Temporal,Papa,18.0,18.0,0.0,351.0,19.5,9400.0,3299400.0
2019,Puebla,Libres,Ciudad Serdán,Atzitzintla,Primavera-Verano,Temporal,Papa,25.0,25.0,0.0,547.5,21.9,4692.0,2568870.0
2019,Puebla,Libres,Ciudad Serdán,Chalchicomula de Sesma,Otoño-Invierno,Riego,Papa,8.0,8.0,0.0,168.96,21.12,8550.0,1444608.0
2019,Puebla,Libres,Ciudad Serdán,San Nicolás Buenos Aires,Otoño-Invierno,Riego,Papa,55.0,55.0,0.0,1189.1,21.62,8800.0,10464080.0
2019,Puebla,Libres,Ciudad Serdán,San Nicolás Buenos Aires,Otoño-Invierno,Temporal,Papa,22.0,22.0,0.0,451.0,20.5,9800.0,4419800.0
2019,Puebla,Libres,Ciudad Serdán,San Nicolás Buenos Aires,Primavera-Verano,Riego,Papa,174.0,174.0,0.0,4872.0,28.0,4762.0,23200464.0
2019,Puebla,Libres,Ciudad Serdán,San Salvador El Seco,Primavera-Verano,Riego,Papa,48.0,48.0,0.0,1512.0,31.5,5468.0,8267616.0
2019,Puebla,Libres,Ciudad Serdán,Tlachichuca,Otoño-Invierno,Temporal,Papa,12.0,12.0,0.0,249.24,20.77,9650.0,2405166.0
2019,Puebla,Libres,Ciudad Serdán,Tlachichuca,Primavera-Verano,Riego,Papa,14.0,14.0,0.0,460.04,32.86,5387.0,2478235.48
2019,Puebla,Cholula,Texmelucan,Tlahuapan,Primavera-Verano,Temporal,Papa,19.7,19.7,0.0,495.06,25.13,5570.0,2757484.2
2019,San Luis Potosí,Matehuala,Villa de Guadalupe,Villa de Guadalupe,Primavera-Verano,Riego,Papa,70.0,70.0,0.0,1869.0,26.7,7761.84,14506878.96
2019,Sinaloa,Los Mochis,El Carrizo,Ahome,Otoño-Invierno,Riego,Papa,131.0,131.0,0.0,1819.98,13.89,13000.0,23659740.0
2019,Sinaloa,Los Mochis,San Blas,El Fuerte,Otoño-Invierno,Riego,Papa,227.93,227.93,0.0,7635.65,33.5,13000.0,99263450.0
2019,Sinaloa,Los Mochis,Ahome,Ahome,Otoño-Invierno,Riego,Papa,440.0,440.0,0.0,14960.0,34.0,13000.0,194480000.0
2019,Sinaloa,Los Mochis,Los Mochis,Ahome,Otoño-Invierno,Riego,Papa,6890.0,6890.0,0.0,189475.0,27.5,6731.22,1275397909.5
2019,Sinaloa,Los Mochis,Ruíz Cortinez,Guasave,Otoño-Invierno,Riego,Papa,2037.0,2037.0,0.0,68239.5,33.5,12343.64,842323821.78
2019,Sinaloa,Los Mochis,Ruíz Cortinez,Sinaloa,Otoño-Invierno,Riego,Papa,830.0,830.0,0.0,27390.0,33.0,13000.0,356070000.0
2019,Sinaloa,Guasave,La Trinidad,Guasave,Otoño-Invierno,Riego,Papa,55.0,55.0,0.0,2090.0,38.0,5354.07,11190006.3
2019,Sinaloa,Guasave,La Trinidad,Sinaloa,Otoño-Invierno,Riego,Papa,55.0,55.0,0.0,2090.0,38.0,5339.71,11159993.9
2019,Sinaloa,Guasave,El Burrión,Guasave,Otoño-Invierno,Riego,Papa,1516.96,1516.96,0.0,51925.54,34.23,5574.3,289448537.62
2019,Sinaloa,Guasave,Petatlán,Guasave,Otoño-Invierno,Riego,Papa,19.98,19.98,0.0,759.24,38.0,5236.84,3976018.4
2019,Sonora,Caborca,Caborca,Caborca,Primavera-Verano,Riego,Papa,3051.0,3051.0,0.0,129667.5,42.5,6860.32,889560543.6
2019,Sonora,Caborca,Caborca,Pitiquito,Primavera-Verano,Riego,Papa,134.0,134.0,0.0,5649.44,42.16,6860.0,38755158.4
2019,Sonora,Caborca,Atil,Altar,Primavera-Verano,Riego,Papa,1524.8,1524.8,0.0,67700.0,44.4,6885.33,466136841.0
2019,Sonora,Magdalena,Magdalena,Magdalena,Primavera-Verano,Riego,Papa,38.0,38.0,0.0,957.22,25.19,8000.0,7657760.0
2019,Sonora,Magdalena,Santa Ana,Santa Ana,Primavera-Verano,Riego,Papa,35.0,35.0,0.0,1557.5,44.5,8000.0,12460000.0
2019,Sonora,Magdalena,Santa Ana,Trincheras,Primavera-Verano,Riego,Papa,130.0,130.0,0.0,5759.0,44.3,8458.13,48710370.67
2019,Sonora,Agua Prieta,Cananea,Cananea,Primavera-Verano,Riego,Papa,75.0,75.0,0.0,2100.0,28.0,6732.86,14139006.0
2019,Sonora,Sahuaripa,Yécora,Yécora,Primavera-Verano,Temporal,Papa,15.0,15.0,0.0,147.0,9.8,8700.0,1278900.0
2019,Sonora,Cajeme,Cd. Obregón,Cajeme,Otoño-Invierno,Riego,Papa,2200.0,2200.0,0.0,76890.0,34.95,7036.15,541009573.5
2019,Sonora,Cajeme,Villa Juárez,Cajeme,Otoño-Invierno,Riego,Papa,50.0,50.0,0.0,1862.5,37.25,7851.05,14622580.63
2019,Sonora,Cajeme,Villa Juárez,Etchojoa,Otoño-Invierno,Riego,Papa,289.0,289.0,0.0,9912.7,34.3,8146.18,80750638.49
2019,Sonora,Cajeme,Villa Juárez,Benito Juárez,Otoño-Invierno,Riego,Papa,212.0,212.0,0.0,7102.0,33.5,7720.86,54833547.72
2019,Sonora,Cajeme,Bácum,Bácum,Otoño-Invierno,Riego,Papa,488.0,304.0,184.0,11040.16,36.32,6512.45,71898468.45
2019,Sonora,Cajeme,Bácum,Cajeme,Otoño-Invierno,Riego,Papa,119.0,119.0,0.0,4700.5,39.5,6808.86,32005046.43
2019,Sonora,Cajeme,Pueblo Yaqui,Bácum,Otoño-Invierno,Riego,Papa,69.0,69.0,0.0,2221.8,32.2,7736.85,17189733.33
2019,Sonora,Cajeme,Pueblo Yaqui,Cajeme,Otoño-Invierno,Riego,Papa,1070.0,1070.0,0.0,37738.9,35.27,7515.27,283618023.0
2019,Sonora,Navojoa,Navojoa,Navojoa,Otoño-Invierno,Riego,Papa,3111.27,2453.27,658.0,70237.12,28.63,9044.8,635280702.98
2019,Sonora,Navojoa,Etchojoa,Etchojoa,Otoño-Invierno,Riego,Papa,39.0,39.0,0.0,1108.81,28.43,9350.76,10368216.2
2019,Sonora,Navojoa,Huatabampo,Huatabampo,Otoño-Invierno,Riego,Papa,1543.0,1133.0,410.0,33026.95,29.15,9084.24,300024740.27
2019,Tamaulipas,Jaumave,Tula,Tula,Otoño-Invierno,Riego,Papa,25.0,25.0,0.0,862.0,34.48,9500.0,8189000.0
2019,Tamaulipas,Jaumave,Tula,Tula,Primavera-Verano,Riego,Papa,30.0,30.0,0.0,1035.0,34.5,5600.0,5796000.0
2019,Tlaxcala,Calpulalpan,Calpulalpan,Sanctórum de Lázaro Cárdenas,Primavera-Verano,Temporal,Papa,30.0,30.0,0.0,531.3,17.71,4404.67,2340201.17
2019,Tlaxcala,Calpulalpan,Calpulalpan,Nanacamilpa de Mariano Arista,Primavera-Verano,Temporal,Papa,40.0,40.0,0.0,720.0,18.0,4462.25,3212820.0
2019,Tlaxcala,Calpulalpan,Hueyotlipan,Españita,Primavera-Verano,Temporal,Papa,42.0,42.0,0.0,724.5,17.25,4436.42,3214186.29
2019,Tlaxcala,Calpulalpan,Hueyotlipan,Hueyotlipan,Primavera-Verano,Temporal,Papa,38.0,38.0,0.0,668.8,17.6,4496.36,3007165.57
2019,Tlaxcala,Calpulalpan,Tlaxco,Atlangatepec,Primavera-Verano,Temporal,Papa,35.0,35.0,0.0,609.0,17.4,4133.65,2517392.85
2019,Tlaxcala,Calpulalpan,Tlaxco,Tlaxco,Primavera-Verano,Temporal,Papa,215.0,215.0,0.0,3762.5,17.5,4414.75,16610496.88
2019,Tlaxcala,Huamantla,Huamantla,Huamantla,Primavera-Verano,Riego,Papa,5.0,5.0,0.0,182.35,36.47,4200.0,765870.0
2019,Tlaxcala,Huamantla,Cuapiaxtla,Atltzayanca,Primavera-Verano,Riego,Papa,6.0,6.0,0.0,220.44,36.74,4100.0,903804.0
2019,Tlaxcala,Huamantla,Cuapiaxtla,Atltzayanca,Primavera-Verano,Temporal,Papa,16.0,16.0,0.0,273.6,17.1,4129.41,1129806.58
2019,Tlaxcala,Huamantla,Cuapiaxtla,Cuapiaxtla,Primavera-Verano,Riego,Papa,10.0,10.0,0.0,370.0,37.0,4150.0,1535500.0
2019,Tlaxcala,Huamantla,Teometitlán/Velazco,Terrenate,Primavera-Verano,Temporal,Papa,35.0,35.0,0.0,578.9,16.54,4717.06,2730706.03
2019,Tlaxcala,Huamantla,Teometitlán/Velazco,Emiliano Zapata,Primavera-Verano,Temporal,Papa,20.0,20.0,0.0,328.0,16.4,4651.4,1525659.2
2019,Veracruz,Huayacocotla,Huayacocotla,Huayacocotla,Primavera-Verano,Temporal,Papa,16.0,16.0,0.0,143.84,8.99,7015.0,1009037.6
2019,Veracruz,Martínez de la Torre,Martínez de La Torre,Atzalan,Otoño-Invierno,Temporal,Papa,75.0,75.0,0.0,1800.0,24.0,8900.0,16020000.0
2019,Veracruz,Coatepec,Coatepec,Coatepec,Otoño-Invierno,Temporal,Papa,75.0,75.0,0.0,973.0,12.97,5500.0,5351500.0
2019,Veracruz,Coatepec,Coatepec,Xico,Otoño-Invierno,Temporal,Papa,92.0,92.0,0.0,1213.0,13.18,5000.0,6065000.0
2019,Veracruz,Coatepec,Coatepec,Xico,Primavera-Verano,Temporal,Papa,63.0,63.0,0.0,300.0,4.76,3000.0,900000.0
2019,Veracruz,Coatepec,Coatepec,Tlalnelhuayocan,Otoño-Invierno,Temporal,Papa,80.0,80.0,0.0,1043.0,13.04,5000.0,5215000.0
2019,Veracruz,Coatepec,Perote,Altotonga,Primavera-Verano,Riego,Papa,376.0,376.0,0.0,16574.08,44.08,9758.59,161739651.35
2019,Veracruz,Coatepec,Perote,Altotonga,Primavera-Verano,Temporal,Papa,54.0,54.0,0.0,1566.0,29.0,9799.36,15345797.76
2019,Veracruz,Coatepec,Perote,Ayahualulco,Otoño-Invierno,Temporal,Papa,30.0,30.0,0.0,450.0,15.0,9770.15,4396567.5
2019,Veracruz,Coatepec,Perote,Ayahualulco,Primavera-Verano,Temporal,Papa,575.0,575.0,0.0,16962.5,29.5,9788.51,166037600.88
2019,Veracruz,Coatepec,Perote,Jalacingo,Primavera-Verano,Riego,Papa,872.0,872.0,0.0,37583.2,43.1,9819.13,369034326.62
2019,Veracruz,Coatepec,Perote,Jalacingo,Primavera-Verano,Temporal,Papa,438.0,438.0,0.0,12789.6,29.2,9720.86,124325911.06
2019,Veracruz,Coatepec,Perote,Perote,Otoño-Invierno,Temporal,Papa,78.0,78.0,0.0,1220.93,15.65,9791.65,11954919.23
2019,Veracruz,Coatepec,Perote,Perote,Primavera-Verano,Riego,Papa,471.0,471.0,0.0,20017.5,42.5,9182.2,183804688.5
2019,Veracruz,Coatepec,Perote,Perote,Primavera-Verano,Temporal,Papa,150.0,150.0,0.0,4531.5,30.21,9813.77,44471098.76
2019,Veracruz,Coatepec,Perote,Las Vigas de Ramírez,Primavera-Verano,Temporal,Papa,94.0,94.0,0.0,2660.2,28.3,9830.67,26151548.33
2019,Veracruz,Coatepec,Perote,Villa Aldama,Primavera-Verano,Riego,Papa,155.0,155.0,0.0,6094.6,39.32,9807.0,59769742.2
2019,Veracruz,Coatepec,Perote,Villa Aldama,Primavera-Verano,Temporal,Papa,144.0,144.0,0.0,3690.72,25.63,9801.65,36175145.69
2019,Veracruz,Coatepec,Naolinco,Acajete,Otoño-Invierno,Temporal,Papa,17.3,17.3,0.0,188.57,10.9,8529.34,1608377.64
2019,Veracruz,Coatepec,Naolinco,Coacoatzintla,Otoño-Invierno,Temporal,Papa,72.8,72.8,0.0,589.68,8.1,8592.5,5066825.4
2019,Veracruz,Coatepec,Naolinco,Miahuatlán,Otoño-Invierno,Temporal,Papa,14.1,14.1,0.0,156.51,11.1,8564.02,1340354.77
2019,Veracruz,Coatepec,Naolinco,Naolinco,Otoño-Invierno,Temporal,Papa,20.7,20.7,0.0,246.33,11.9,8586.08,2115009.09
2019,Veracruz,Coatepec,Naolinco,Rafael Lucio,Otoño-Invierno,Temporal,Papa,58.4,58.4,0.0,747.52,12.8,8544.39,6387102.41
2019,Veracruz,Coatepec,Naolinco,Tlacolulan,Otoño-Invierno,Temporal,Papa,12.9,12.9,0.0,140.61,10.9,8543.16,1201253.73
2019,Veracruz,Coatepec,Naolinco,Tonayán,Otoño-Invierno,Temporal,Papa,37.6,37.6,0.0,447.44,11.9,8557.03,3828757.5
2019,Veracruz,Fortín,Acultzingo,Mariano Escobedo,Otoño-Invierno,Temporal,Papa,349.0,349.0,0.0,3856.45,11.05,8867.54,34197224.63
2019,Veracruz,Fortín,Acultzingo,Mariano Escobedo,Primavera-Verano,Temporal,Papa,200.0,200.0,0.0,2316.0,11.58,10000.0,23160000.0
2019,Veracruz,Fortín,Acultzingo,La Perla,Otoño-Invierno,Temporal,Papa,335.0,335.0,0.0,3683.0,10.99,8863.44,32644049.52
2019,Veracruz,Fortín,Acultzingo,La Perla,Primavera-Verano,Temporal,Papa,300.0,300.0,0.0,3573.0,11.91,9887.0,35326251.0
2019,Veracruz,Fortín,Huatusco,Alpatláhuac,Otoño-Invierno,Temporal,Papa,110.0,110.0,0.0,991.23,9.01,6659.7,6601294.43
2019,Veracruz,Fortín,Huatusco,Alpatláhuac,Primavera-Verano,Temporal,Papa,48.33,48.33,0.0,485.72,10.05,10120.0,4915486.4
2019,Veracruz,Fortín,Huatusco,Calcahualco,Otoño-Invierno,Temporal,Papa,145.0,145.0,0.0,1490.15,10.28,6663.52,9929644.33
2019,Veracruz,Fortín,Huatusco,Calcahualco,Primavera-Verano,Temporal,Papa,59.67,59.67,0.0,587.75,9.85,9900.0,5818725.0
2019,Veracruz,Fortín,Huatusco,Coscomatepec,Otoño-Invierno,Temporal,Papa,343.0,343.0,0.0,3153.16,9.19,6648.25,20962995.97
2019,Veracruz,Fortín,Huatusco,Coscomatepec,Primavera-Verano,Temporal,Papa,77.67,77.67,0.0,772.82,9.95,10100.0,7805482.0
2019,Zacatecas,Zacatecas,Calera,Guadalupe,Primavera-Verano,Riego,Papa,200.0,200.0,0.0,7600.0,38.0,9050.0,68780000.0
2019,Zacatecas,Zacatecas,Villa de Cos,Pánuco,Primavera-Verano,Riego,Papa,200.0,200.0,0.0,8000.0,40.0,9075.0,72600000.0
2019,Zacatecas,Zacatecas,Villa de Cos,Villa de Cos,Primavera-Verano,Riego,Papa,60.0,60.0,0.0,2340.0,39.0,9166.66,21449984.4
2019,Zacatecas,Jalpa,Nochistlán,Nochistlán de Mejía,Primavera-Verano,Riego,Papa,0.5,0.5,0.0,9.28,18.56,10000.0,92800.0
2020,Baja California Sur,Comondú,Comondú,Comondú,Otoño-Invierno,Riego,Papa,1500.0,1500.0,0.0,43500.0,29.0,5640.85,245376975.0
2020,Baja California Sur,Comondú,Comondú,Comondú,Primavera-Verano,Riego,Papa,750.0,750.0,0.0,24097.5,32.13,6076.55,146429663.63
2020,Coahuila,Frontera,Ocampo,Ocampo,Primavera-Verano,Riego,Papa,60.0,60.0,0.0,2422.8,40.38,7350.0,17807580.0
2020,Coahuila,Saltillo,Arteaga,Arteaga,Primavera-Verano,Riego,Papa,220.0,220.0,0.0,6820.0,31.0,9600.0,65472000.0
2020,Coahuila,Saltillo,Agua Nueva,Saltillo,Primavera-Verano,Riego,Papa,60.0,60.0,0.0,2046.0,34.1,10100.0,20664600.0
2020,Chiapas,San Cristóbal de las Casas,San Cristóbal de Las Casas,Chamula,Primavera-Verano,Temporal,Papa,388.5,388.5,0.0,7051.28,18.15,8200.41,57823387.02
2020,Chiapas,San Cristóbal de las Casas,San Cristóbal de Las Casas,Larráinzar,Primavera-Verano,Temporal,Papa,317.5,317.5,0.0,5715.0,18.0,8231.08,47040622.2
2020,Chiapas,San Cristóbal de las Casas,San Cristóbal de Las Casas,San Cristóbal de Las Casas,Otoño-Invierno,Riego,Papa,213.17,213.17,0.0,4877.33,22.88,8481.71,41368098.63
2020,Chiapas,San Cristóbal de las Casas,San Cristóbal de Las Casas,San Cristóbal de Las Casas,Primavera-Verano,Temporal,Papa,311.0,311.0,0.0,5619.77,18.07,8275.85,46508373.55
2020,Chiapas,San Cristóbal de las Casas,San Cristóbal de Las Casas,Teopisca,Primavera-Verano,Temporal,Papa,17.5,17.5,0.0,307.3,17.56,8279.52,2544296.5
2020,Chiapas,San Cristóbal de las Casas,San Cristóbal de Las Casas,Zinacantán,Primavera-Verano,Temporal,Papa,37.5,37.5,0.0,685.88,18.29,8265.66,5669250.88
2020,Chiapas,San Cristóbal de las Casas,Chenalhó,Chenalhó,Otoño-Invierno,Riego,Papa,35.39,35.39,0.0,772.21,21.82,8078.22,6238082.27
2020,Chiapas,Motozintla,Amatenango/Motozintla,Motozintla,Primavera-Verano,Temporal,Papa,97.0,97.0,0.0,813.83,8.39,5130.0,4174947.9
2020,Chiapas,Motozintla,Porvenir,Bejucal de Ocampo,Primavera-Verano,Temporal,Papa,141.0,141.0,0.0,1136.46,8.06,5412.0,6150521.52
2020,Chiapas,Motozintla,Porvenir,La Grandeza,Primavera-Verano,Temporal,Papa,33.0,33.0,0.0,274.23,8.31,5420.0,1486326.6
2020,Chiapas,Motozintla,Porvenir,El Porvenir,Primavera-Verano,Temporal,Papa,159.5,159.5,0.0,1327.04,8.32,5411.0,7180613.44
2020,Chiapas,Motozintla,Porvenir,Siltepec,Primavera-Verano,Temporal,Papa,106.0,106.0,0.0,870.26,8.21,5410.0,4708106.6
2020,Chihuahua,Casas Grandes,Nuevo Casas Grandes,Nuevo Casas Grandes,Primavera-Verano,Riego,Papa,340.0,340.0,0.0,13940.0,41.0,7300.0,101762000.0
2020,Chihuahua,Madera,Soto Máynez,Namiquipa,Primavera-Verano,Riego,Papa,60.0,60.0,0.0,1880.0,31.33,7200.0,13536000.0
2020,Chihuahua,Madera,El Terrero,Namiquipa,Primavera-Verano,Riego,Papa,60.0,60.0,0.0,1710.0,28.5,7200.0,12312000.0
2020,Chihuahua,Papigochi,La Junta,Guerrero,Primavera-Verano,Riego,Papa,530.0,530.0,0.0,21200.0,40.0,8000.0,169600000.0
2020,Chihuahua,Papigochi,Guerrero,Guerrero,Primavera-Verano,Riego,Papa,85.0,85.0,0.0,2900.0,34.12,8000.0,23200000.0
2020,Chihuahua,San Juanito,San Juanito,Batopilas,Primavera-Verano,Temporal,Papa,20.0,4.0,16.0,11.44,2.86,9500.0,108680.0
2020,Chihuahua,San Juanito,San Juanito,Bocoyna,Primavera-Verano,Temporal,Papa,104.3,20.3,84.0,20.91,1.03,10000.0,209100.0
2020,Chihuahua,San Juanito,San Juanito,Maguarichi,Primavera-Verano,Temporal,Papa,5.0,1.0,4.0,1.4,1.4,10000.0,14000.0
2020,Chihuahua,San Juanito,San Juanito,Morelos,Primavera-Verano,Temporal,Papa,2.2,0.5,1.7,1.4,2.8,10000.0,14000.0
2020,Chihuahua,San Juanito,Tomochi,Moris,Primavera-Verano,Temporal,Papa,10.0,2.0,8.0,5.2,2.6,10000.0,52000.0
2020,Chihuahua,San Juanito,Tomochi,Ocampo,Primavera-Verano,Temporal,Papa,22.0,4.0,18.0,10.0,2.5,10000.0,100000.0
2020,Chihuahua,San Juanito,Tomochi,Uruachi,Primavera-Verano,Temporal,Papa,18.0,4.0,14.0,7.2,1.8,10000.0,72000.0
2020,Chihuahua,San Juanito,San Rafael,Urique,Primavera-Verano,Temporal,Papa,28.0,6.0,22.0,15.0,2.5,10000.0,150000.0
2020,Chihuahua,Balleza,Balleza,Balleza,Primavera-Verano,Temporal,Papa,63.0,17.0,46.0,57.97,3.41,8878.7,514698.24
2020,Chihuahua,Balleza,Guachochi,Guachochi,Primavera-Verano,Temporal,Papa,93.0,19.0,74.0,60.8,3.2,8500.0,516800.0
2020,Chihuahua,Balleza,Guadalupe Y Calvo,Guadalupe Y Calvo,Primavera-Verano,Temporal,Papa,80.6,20.6,60.0,68.09,3.31,9710.99,661221.03
2020,Ciudad de México,Xochimilco,San Mateo Xalpa,Tlalpan,Primavera-Verano,Temporal,Papa,430.0,430.0,0.0,17000.0,39.53,7238.0,123046000.0
2020,Ciudad de México,Xochimilco,San Antonio Tecómitl,Milpa Alta,Primavera-Verano,Temporal,Papa,344.0,344.0,0.0,9975.0,29.0,8423.06,84020023.5
2020,Durango,El Salto,San Miguel de Cruces,San Dimas,Primavera-Verano,Temporal,Papa,13.0,13.0,0.0,45.0,3.46,8080.0,363600.0
2020,Durango,El Salto,El Salto,Pueblo Nuevo,Primavera-Verano,Temporal,Papa,9.5,9.5,0.0,31.25,3.29,8260.0,258125.0
2020,Durango,El Salto,El Salto,Tamazula,Primavera-Verano,Temporal,Papa,13.0,13.0,0.0,32.5,2.5,8100.0,263250.0
2020,Durango,Santiago Papasquiaro,Tepehuanes,Canelas,Primavera-Verano,Temporal,Papa,40.0,40.0,0.0,807.7,20.19,9050.0,7309685.0
2020,Durango,Santiago Papasquiaro,Tepehuanes,Tepehuanes,Primavera-Verano,Temporal,Papa,35.0,35.0,0.0,906.85,25.91,9050.0,8206992.5
2020,Durango,Santiago Papasquiaro,Tepehuanes,Topia,Primavera-Verano,Temporal,Papa,30.0,30.0,0.0,806.0,26.87,9070.0,7310420.0
2020,Durango,Santiago Papasquiaro,Santiago Papasquiaro,Otáez,Primavera-Verano,Temporal,Papa,75.0,75.0,0.0,2994.0,39.92,9050.0,27095700.0
2020,Durango,Santiago Papasquiaro,Santiago Papasquiaro,Santiago Papasquiaro,Primavera-Verano,Temporal,Papa,60.0,60.0,0.0,1098.0,18.3,9050.0,9936900.0
2020,Guanajuato,León,Leon,León,Otoño-Invierno,Riego,Papa,107.0,107.0,0.0,4850.31,45.33,4744.78,23013653.88
2020,Guanajuato,León,San Francisco del Rincón,Purísima del Rincón,Otoño-Invierno,Riego,Papa,200.0,200.0,0.0,9000.0,45.0,4657.46,41917140.0
2020,Guanajuato,León,San Francisco del Rincón,San Francisco del Rincón,Otoño-Invierno,Riego,Papa,236.0,236.0,0.0,10535.04,44.64,6509.71,68580055.24
2020,Hidalgo,Pachuca,Atotonilco,Omitlán de Juárez,Primavera-Verano,Temporal,Papa,17.6,17.6,0.0,167.2,9.5,6700.0,1120240.0
2020,Hidalgo,Pachuca,Apan,Almoloya,Primavera-Verano,Temporal,Papa,14.0,14.0,0.0,238.0,17.0,6450.0,1535100.0
2020,Jalisco,Ciudad Guzmán,Zacoalco de Torres,Amacueca,Primavera-Verano,Temporal,Papa,76.05,76.05,0.0,2547.68,33.5,9300.0,23693424.0
2020,Jalisco,Ciudad Guzmán,Tapalpa,Atemajac de Brizuela,Primavera-Verano,Temporal,Papa,47.17,47.17,0.0,1441.04,30.55,8000.0,11528320.0
2020,Jalisco,Ciudad Guzmán,Tapalpa,Tapalpa,Primavera-Verano,Temporal,Papa,1731.83,1731.83,0.0,52392.19,30.25,8477.25,444141692.68
2020,México,Toluca,Almoloya de Juárez,Almoloya de Juárez,Primavera-Verano,Temporal,Papa,72.0,72.0,0.0,2073.6,28.8,7589.24,15737048.06
2020,México,Toluca,Zinacantepec,Zinacantepec,Primavera-Verano,Riego,Papa,154.0,154.0,0.0,4643.1,30.15,7075.45,32852021.9
2020,México,Toluca,Zinacantepec,Zinacantepec,Primavera-Verano,Temporal,Papa,705.0,705.0,0.0,19986.75,28.35,7347.17,146846050.0
2020,México,Toluca,Tenango del Valle,Joquicingo,Primavera-Verano,Temporal,Papa,246.05,246.05,0.0,6522.79,26.51,7741.01,50492982.62
2020,México,Toluca,Tenango del Valle,Tenango del Valle,Primavera-Verano,Temporal,Papa,778.15,778.15,0.0,23305.59,29.95,6920.8,161293327.27
2020,México,Toluca,Toluca,Toluca,Primavera-Verano,Temporal,Papa,34.5,34.5,0.0,741.75,21.5,7697.39,5709539.03
2020,México,Toluca,Santiago Tianguistengo,Capulhuac,Primavera-Verano,Temporal,Papa,71.05,71.05,0.0,2100.24,29.56,7752.02,16281102.48
2020,México,Toluca,Santiago Tianguistengo,Xalatlaco,Primavera-Verano,Temporal,Papa,190.1,190.1,0.0,3843.82,20.22,7809.34,30017697.28
2020,México,Toluca,Santiago Tianguistengo,Tianguistenco,Primavera-Verano,Temporal,Papa,155.1,155.1,0.0,3846.48,24.8,7783.92,29940692.6
2020,México,Toluca,Mexicalzingo,Calimaya,Primavera-Verano,Temporal,Papa,6.2,6.2,0.0,174.22,28.1,7800.0,1358916.0
2020,México,Texcoco,Chalco,Chalco,Primavera-Verano,Temporal,Papa,36.0,36.0,0.0,960.12,26.67,4321.16,4148832.14
2020,México,Texcoco,Juchitepec,Juchitepec,Primavera-Verano,Temporal,Papa,382.0,382.0,0.0,13671.78,35.79,7136.61,97570161.87
2020,México,Tejupilco,Temascaltepec,Temascaltepec,Otoño-Invierno,Riego,Papa,110.0,110.0,0.0,1969.0,17.9,7329.2,14431194.8
2020,México,Tejupilco,Temascaltepec,Temascaltepec,Primavera-Verano,Temporal,Papa,40.0,40.0,0.0,556.0,13.9,8700.0,4837200.0
2020,México,Atlacomulco,San Felipe del Progreso,San Felipe del Progreso,Primavera-Verano,Temporal,Papa,30.0,30.0,0.0,854.4,28.48,5531.9,4726455.36
2020,México,Atlacomulco,La Trinidad,San José del Rincón,Primavera-Verano,Temporal,Papa,700.0,700.0,0.0,22183.0,31.69,5178.32,114870672.56
2020,México,Atlacomulco,San Bartolo Morelos,Morelos,Primavera-Verano,Temporal,Papa,14.33,14.33,0.0,363.98,25.4,5050.0,1838099.0
2020,México,Atlacomulco,Jiquipilco,Jiquipilco,Primavera-Verano,Riego,Papa,13.0,13.0,0.0,259.35,19.95,5500.0,1426425.0
2020,México,Atlacomulco,Jiquipilco,Jiquipilco,Primavera-Verano,Temporal,Papa,15.0,15.0,0.0,202.5,13.5,5326.67,1078650.68
2020,México,Coatepec Harinas,Coatepec Harinas,Coatepec Harinas,Otoño-Invierno,Riego,Papa,13.2,13.2,0.0,274.56,20.8,7030.0,1930156.8
2020,México,Coatepec Harinas,Coatepec Harinas,Coatepec Harinas,Primavera-Verano,Riego,Papa,23.59,23.59,0.0,438.77,18.6,4143.75,1818153.19
2020,México,Coatepec Harinas,Coatepec Harinas,Coatepec Harinas,Primavera-Verano,Temporal,Papa,12.0,12.0,0.0,220.8,18.4,4656.8,1028221.44
2020,México,Coatepec Harinas,Ocuilan,Ocuilan,Primavera-Verano,Temporal,Papa,235.94,235.94,0.0,7922.87,33.58,5432.47,43040753.59
2020,México,Valle de Bravo,Valle de Bravo,Valle de Bravo,Otoño-Invierno,Riego,Papa,97.0,97.0,0.0,3005.06,30.98,6924.26,20807816.76
2020,México,Valle de Bravo,Villa Victoria,Villa Victoria,Primavera-Verano,Temporal,Papa,560.0,560.0,0.0,20580.0,36.75,8230.63,169386365.4
2020,México,Valle de Bravo,Villa de Allende,Villa de Allende,Primavera-Verano,Temporal,Papa,450.0,450.0,0.0,15799.5,35.11,8373.03,132289687.49
2020,México,Valle de Bravo,Amanalco,Amanalco,Otoño-Invierno,Riego,Papa,80.0,80.0,0.0,1960.0,24.5,8513.79,16687028.4
2020,México,Valle de Bravo,Amanalco,Amanalco,Primavera-Verano,Temporal,Papa,250.0,250.0,0.0,6700.0,26.8,8161.19,54679973.0
2020,México,Valle de Bravo,Donato Guerra,Donato Guerra,Otoño-Invierno,Riego,Papa,68.0,68.0,0.0,1625.2,23.9,8843.57,14372569.96
2020,México,Valle de Bravo,Donato Guerra,Donato Guerra,Primavera-Verano,Temporal,Papa,73.0,73.0,0.0,2098.02,28.74,8122.15,17040433.14
2020,Michoacán,Uruapan,Ziracuaretiro,Tingambato,Primavera-Verano,Temporal,Papa,25.0,25.0,0.0,627.5,25.1,4770.12,2993250.3
2020,Michoacán,Uruapan,Paracho,Charapan,Primavera-Verano,Temporal,Papa,30.0,30.0,0.0,777.0,25.9,5000.0,3885000.0
2020,Michoacán,Uruapan,Paracho,Nahuatzen,Primavera-Verano,Temporal,Papa,25.0,25.0,0.0,763.0,30.52,4799.48,3662003.24
2020,Michoacán,Zamora,Tangancícuaro,Tangancícuaro,Otoño-Invierno,Riego,Papa,20.0,20.0,0.0,464.0,23.2,4500.0,2088000.0
2020,Michoacán,Zamora,Reyes Los,Los Reyes,Primavera-Verano,Temporal,Papa,140.0,140.0,0.0,4438.0,31.7,4100.0,18195800.0
2020,Michoacán,La Piedad,Zacapu,Zacapu,Primavera-Verano,Temporal,Papa,25.0,25.0,0.0,434.0,17.36,6100.0,2647400.0
2020,Morelos,Zacatepec-Galeana,Yautepec,Huitzilac,Primavera-Verano,Temporal,Papa,90.0,90.0,0.0,2160.0,24.0,5554.35,11997396.0
2020,Nuevo León,Galeana,Galeana,Galeana,Primavera-Verano,Riego,Papa,119.0,119.0,0.0,4403.0,37.0,12060.0,53100180.0
2020,Nuevo León,Galeana,San Rafael,Galeana,Primavera-Verano,Riego,Papa,1225.0,1195.0,30.0,46724.0,39.1,12006.08,560972081.92
2020,Nuevo León,Galeana,El Potosí,Galeana,Primavera-Verano,Riego,Papa,1300.0,1010.0,290.0,39390.0,39.0,12000.0,472680000.0
2020,Nuevo León,Galeana,Aramberri,Aramberri,Primavera-Verano,Riego,Papa,497.0,497.0,0.0,18985.0,38.2,12102.69,229769569.65
2020,Oaxaca,Sierra Juárez,Ixtlán,San Miguel Amatlán,Primavera-Verano,Temporal,Papa,37.5,37.5,0.0,367.88,9.81,4473.85,1645839.94
2020,Oaxaca,Sierra Juárez,Ayutla/Mixe,Tamazulápam del Espíritu Santo,Primavera-Verano,Temporal,Papa,20.0,20.0,0.0,197.2,9.86,4933.88,972961.14
2020,Oaxaca,Sierra Juárez,Ayutla/Mixe,San Pedro Y San Pablo Ayutla,Primavera-Verano,Temporal,Papa,8.25,8.25,0.0,84.32,10.22,4725.97,398493.79
2020,Oaxaca,Sierra Juárez,Ayutla/Mixe,Santa María Tlahuitoltepec,Primavera-Verano,Temporal,Papa,22.5,22.5,0.0,207.23,9.21,4858.22,1006768.93
2020,Oaxaca,Sierra Juárez,Ayutla/Mixe,Totontepec Villa de Morelos,Primavera-Verano,Temporal,Papa,17.0,17.0,0.0,159.12,9.36,4810.87,765505.63
2020,Puebla,Zacatlán,Zacatlán,Aquixtla,Otoño-Invierno,Riego,Papa,19.0,19.0,0.0,178.41,9.39,4934.51,880365.93
2020,Puebla,Zacatlán,Zacatlán,Aquixtla,Otoño-Invierno,Temporal,Papa,21.0,21.0,0.0,159.81,7.61,5418.65,865954.46
2020,Puebla,Zacatlán,Zacatlán,Aquixtla,Primavera-Verano,Temporal,Papa,33.4,33.4,0.0,263.95,7.9,5142.29,1357306.44
2020,Puebla,Zacatlán,Zacatlán,Chignahuapan,Otoño-Invierno,Riego,Papa,5.5,5.5,0.0,54.29,9.87,5046.44,273971.23
2020,Puebla,Zacatlán,Zacatlán,Chignahuapan,Otoño-Invierno,Temporal,Papa,5.5,5.5,0.0,40.98,7.45,5381.95,220552.31
2020,Puebla,Zacatlán,Zacatlán,Chignahuapan,Primavera-Verano,Riego,Papa,6.45,6.45,0.0,69.98,10.85,5150.0,360397.0
2020,Puebla,Zacatlán,Zacatlán,Ixtacamaxtitlán,Otoño-Invierno,Riego,Papa,23.0,23.0,0.0,206.54,8.98,5098.09,1052959.51
2020,Puebla,Zacatlán,Zacatlán,Ixtacamaxtitlán,Otoño-Invierno,Temporal,Papa,27.5,27.5,0.0,215.05,7.82,5457.86,1173712.79
2020,Puebla,Zacatlán,Zacatlán,Ixtacamaxtitlán,Primavera-Verano,Riego,Papa,58.3,58.3,0.0,725.25,12.44,5220.0,3785805.0
2020,Puebla,Zacatlán,Zacatlán,Ixtacamaxtitlán,Primavera-Verano,Temporal,Papa,132.5,132.5,0.0,1002.33,7.56,5201.38,5213500.2
2020,Puebla,Zacatlán,Zacatlán,Tetela de Ocampo,Otoño-Invierno,Riego,Papa,16.4,16.4,0.0,145.96,8.9,5019.41,732633.08
2020,Puebla,Zacatlán,Zacatlán,Tetela de Ocampo,Otoño-Invierno,Temporal,Papa,18.0,18.0,0.0,139.5,7.75,5415.42,755451.09
2020,Puebla,Zacatlán,Zacatlán,Tetela de Ocampo,Primavera-Verano,Riego,Papa,17.45,17.45,0.0,214.98,12.32,5135.0,1103922.3
2020,Puebla,Zacatlán,Zacatlán,Tetela de Ocampo,Primavera-Verano,Temporal,Papa,19.15,19.15,0.0,152.08,7.94,5116.9,778178.6
2020,Puebla,Zacatlán,Zacatlán,Zacatlán,Otoño-Invierno,Riego,Papa,12.0,12.0,0.0,106.44,8.87,5044.4,536925.94
2020,Puebla,Zacatlán,Zacatlán,Zacatlán,Otoño-Invierno,Temporal,Papa,11.8,11.8,0.0,88.74,7.52,5448.31,483483.03
2020,Puebla,Zacatlán,Zacatlán,Zacatlán,Primavera-Verano,Riego,Papa,14.36,14.36,0.0,196.44,13.68,5400.0,1060776.0
2020,Puebla,Zacatlán,Zacatlán,Zacatlán,Primavera-Verano,Temporal,Papa,15.7,15.7,0.0,199.39,12.7,5400.0,1076706.0
2020,Puebla,Teziutlán,Zacapoaxtla,Nauzontla,Otoño-Invierno,Temporal,Papa,45.0,45.0,0.0,897.3,19.94,6281.67,5636542.49
2020,Puebla,Teziutlán,Zacapoaxtla,Nauzontla,Primavera-Verano,Temporal,Papa,34.0,34.0,0.0,644.98,18.97,4234.0,2730845.32
2020,Puebla,Teziutlán,Zacapoaxtla,Zacapoaxtla,Otoño-Invierno,Riego,Papa,42.0,42.0,0.0,1315.02,31.31,5804.19,7632625.93
2020,Puebla,Teziutlán,Zacapoaxtla,Zacapoaxtla,Otoño-Invierno,Temporal,Papa,360.0,360.0,0.0,8200.8,22.78,6190.01,50763034.01
2020,Puebla,Teziutlán,Zacapoaxtla,Zacapoaxtla,Primavera-Verano,Riego,Papa,30.0,30.0,0.0,834.0,27.8,7785.0,6492690.0
2020,Puebla,Teziutlán,Zacapoaxtla,Zacapoaxtla,Primavera-Verano,Temporal,Papa,752.0,752.0,0.0,12994.56,17.28,4285.0,55681689.6
2020,Puebla,Teziutlán,Tlatlauquitepec,Atempan,Otoño-Invierno,Riego,Papa,25.0,25.0,0.0,930.0,37.2,5390.4,5013072.0
2020,Puebla,Teziutlán,Tlatlauquitepec,Atempan,Otoño-Invierno,Temporal,Papa,37.0,37.0,0.0,895.03,24.19,4774.75,4273544.49
2020,Puebla,Teziutlán,Tlatlauquitepec,Chignautla,Primavera-Verano,Temporal,Papa,30.0,30.0,0.0,720.9,24.03,5000.69,3604997.42
2020,Puebla,Teziutlán,Tlatlauquitepec,Hueyapan,Otoño-Invierno,Temporal,Papa,32.0,32.0,0.0,785.92,24.56,4678.95,3677280.38
2020,Puebla,Teziutlán,Tlatlauquitepec,Teteles de Avila Castillo,Otoño-Invierno,Riego,Papa,17.0,17.0,0.0,634.95,37.35,5145.61,3267205.07
2020,Puebla,Teziutlán,Tlatlauquitepec,Teteles de Avila Castillo,Otoño-Invierno,Temporal,Papa,18.0,18.0,0.0,442.98,24.61,4493.03,1990322.43
2020,Puebla,Teziutlán,Tlatlauquitepec,Tlatlauquitepec,Otoño-Invierno,Riego,Papa,605.0,605.0,0.0,23002.1,38.02,5287.72,121628664.21
2020,Puebla,Teziutlán,Tlatlauquitepec,Tlatlauquitepec,Otoño-Invierno,Temporal,Papa,260.0,260.0,0.0,6539.0,25.15,4546.63,29730413.57
2020,Puebla,Teziutlán,Tlatlauquitepec,Tlatlauquitepec,Primavera-Verano,Riego,Papa,381.48,381.48,0.0,11211.7,29.39,5291.99,59332204.28
2020,Puebla,Teziutlán,Tlatlauquitepec,Tlatlauquitepec,Primavera-Verano,Temporal,Papa,1003.0,1003.0,0.0,24754.04,24.68,5002.41,123829857.24
2020,Puebla,Teziutlán,Tlatlauquitepec,Yaonáhuac,Otoño-Invierno,Temporal,Papa,36.0,36.0,0.0,766.08,21.28,4877.27,3736379.0
2020,Puebla,Teziutlán,Tlatlauquitepec,Zaragoza,Primavera-Verano,Riego,Papa,40.8,40.8,0.0,1187.28,29.1,5122.07,6081331.27
2020,Puebla,Teziutlán,Tlatlauquitepec,Zaragoza,Primavera-Verano,Temporal,Papa,65.0,65.0,0.0,1558.7,23.98,4982.19,7765739.55
2020,Puebla,Libres,Libres,Cuyoaco,Primavera-Verano,Riego,Papa,18.0,18.0,0.0,457.02,25.39,3879.0,1772780.58
2020,Puebla,Libres,Libres,Libres,Primavera-Verano,Riego,Papa,45.0,45.0,0.0,1152.0,25.6,4187.0,4823424.0
2020,Puebla,Libres,Libres,Oriental,Primavera-Verano,Riego,Papa,18.0,18.0,0.0,464.94,25.83,4096.0,1904394.24
2020,Puebla,Libres,Guadalupe Victoria,Chichiquila,Primavera-Verano,Temporal,Papa,260.0,260.0,0.0,5288.4,20.34,3864.12,20435012.21
2020,Puebla,Libres,Guadalupe Victoria,Chilchotla,Otoño-Invierno,Temporal,Papa,22.0,22.0,0.0,623.04,28.32,4657.74,2901958.33
2020,Puebla,Libres,Guadalupe Victoria,Chilchotla,Primavera-Verano,Temporal,Papa,300.0,300.0,0.0,6015.0,20.05,3890.53,23401537.95
2020,Puebla,Libres,Guadalupe Victoria,Guadalupe Victoria,Primavera-Verano,Riego,Papa,400.0,400.0,0.0,11264.0,28.16,4624.83,52094085.12
2020,Puebla,Libres,Guadalupe Victoria,Guadalupe Victoria,Primavera-Verano,Temporal,Papa,139.0,139.0,0.0,2970.43,21.37,3794.04,11269930.24
2020,Puebla,Libres,Guadalupe Victoria,Lafragua,Primavera-Verano,Riego,Papa,18.0,18.0,0.0,453.96,25.22,4514.69,2049488.67
2020,Puebla,Libres,Guadalupe Victoria,Lafragua,Primavera-Verano,Temporal,Papa,120.0,120.0,0.0,2542.8,21.19,3910.74,9944229.67
2020,Puebla,Libres,Guadalupe Victoria,Quimixtlán,Otoño-Invierno,Temporal,Papa,84.0,84.0,0.0,2376.36,28.29,4427.95,10522403.26
2020,Puebla,Libres,Guadalupe Victoria,Quimixtlán,Primavera-Verano,Temporal,Papa,90.0,90.0,0.0,1827.9,20.31,3761.59,6875810.36
2020,Puebla,Libres,Ciudad Serdán,Atzitzintla,Otoño-Invierno,Temporal,Papa,13.0,13.0,0.0,345.02,26.54,5049.07,1742030.13
2020,Puebla,Libres,Ciudad Serdán,Atzitzintla,Primavera-Verano,Temporal,Papa,10.0,10.0,0.0,165.8,16.58,4955.0,821539.0
2020,Puebla,Libres,Ciudad Serdán,Chalchicomula de Sesma,Otoño-Invierno,Riego,Papa,8.0,8.0,0.0,206.0,25.75,4879.01,1005076.06
2020,Puebla,Libres,Ciudad Serdán,San Nicolás Buenos Aires,Otoño-Invierno,Riego,Papa,20.0,20.0,0.0,568.0,28.4,4845.4,2752187.2
2020,Puebla,Libres,Ciudad Serdán,San Nicolás Buenos Aires,Otoño-Invierno,Temporal,Papa,12.0,12.0,0.0,318.0,26.5,7229.16,2298872.88
2020,Puebla,Libres,Ciudad Serdán,San Nicolás Buenos Aires,Primavera-Verano,Riego,Papa,128.0,128.0,0.0,2576.64,20.13,6875.0,17714400.0
2020,Puebla,Libres,Ciudad Serdán,San Salvador El Seco,Primavera-Verano,Riego,Papa,13.0,13.0,0.0,375.96,28.92,4735.0,1780170.6
2020,Puebla,Libres,Ciudad Serdán,Tlachichuca,Otoño-Invierno,Temporal,Papa,2.0,2.0,0.0,48.6,24.3,7807.41,379440.13
2020,Puebla,Libres,Ciudad Serdán,Tlachichuca,Primavera-Verano,Riego,Papa,4.0,4.0,0.0,98.52,24.63,4628.0,455950.56
2020,Puebla,Cholula,Texmelucan,Tlahuapan,Primavera-Verano,Temporal,Papa,20.0,20.0,0.0,521.0,26.05,8880.0,4626480.0
2020,Sinaloa,Los Mochis,El Carrizo,Ahome,Otoño-Invierno,Riego,Papa,183.5,183.5,0.0,6055.5,33.0,9276.09,56171363.0
2020,Sinaloa,Los Mochis,San Blas,El Fuerte,Otoño-Invierno,Riego,Papa,905.69,905.69,0.0,31012.0,34.24,8948.99,277526077.88
2020,Sinaloa,Los Mochis,Ahome,Ahome,Otoño-Invierno,Riego,Papa,455.22,455.22,0.0,15705.09,34.5,8863.5,139202065.22
2020,Sinaloa,Los Mochis,Los Mochis,Ahome,Otoño-Invierno,Riego,Papa,7067.0,7067.0,0.0,243811.5,34.5,8587.76,2093794647.24
2020,Sinaloa,Los Mochis,Ruíz Cortinez,Guasave,Otoño-Invierno,Riego,Papa,2273.02,2273.02,0.0,79214.86,34.85,8700.71,689225524.55
2020,Sinaloa,Los Mochis,Ruíz Cortinez,Sinaloa,Otoño-Invierno,Riego,Papa,1158.89,1158.89,0.0,39402.26,34.0,8768.44,345496352.67
2020,Sinaloa,Guasave,La Trinidad,Guasave,Otoño-Invierno,Riego,Papa,8.6,8.6,0.0,344.0,40.0,5180.0,1781920.0
2020,Sinaloa,Guasave,El Burrión,Guasave,Otoño-Invierno,Riego,Papa,1179.62,1179.62,0.0,45830.0,38.85,6638.92,304261703.6
2020,Sinaloa,Guasave,Petatlán,Guasave,Otoño-Invierno,Riego,Papa,17.98,17.98,0.0,719.2,40.0,5221.0,3754943.2
2020,Sonora,Caborca,Caborca,Caborca,Otoño-Invierno,Riego,Papa,8.0,8.0,0.0,304.0,38.0,6300.0,1915200.0
2020,Sonora,Caborca,Caborca,Caborca,Primavera-Verano,Riego,Papa,2500.0,2500.0,0.0,110000.0,44.0,7067.72,777449200.0
2020,Sonora,Caborca,Caborca,Pitiquito,Primavera-Verano,Riego,Papa,100.0,100.0,0.0,4300.0,43.0,7100.0,30530000.0
2020,Sonora,Caborca,Atil,Altar,Primavera-Verano,Riego,Papa,1352.0,1352.0,0.0,60000.0,44.38,7100.0,426000000.0
2020,Sonora,Magdalena,Magdalena,Cucurpe,Primavera-Verano,Riego,Papa,141.0,141.0,0.0,5942.0,42.14,7925.96,47096054.32
2020,Sonora,Magdalena,Magdalena,Magdalena,Primavera-Verano,Riego,Papa,128.0,128.0,0.0,5376.0,42.0,7768.91,41765660.16
2020,Sonora,Magdalena,Santa Ana,Benjamín Hill,Primavera-Verano,Riego,Papa,110.0,110.0,0.0,4510.0,41.0,8020.47,36172319.7
2020,Sonora,Magdalena,Santa Ana,Santa Ana,Primavera-Verano,Riego,Papa,15.0,15.0,0.0,650.0,43.33,7986.92,5191498.0
2020,Sonora,Magdalena,Santa Ana,Trincheras,Primavera-Verano,Riego,Papa,140.0,140.0,0.0,6010.0,42.93,8250.0,49582500.0
2020,Sonora,Agua Prieta,Cananea,Cananea,Primavera-Verano,Riego,Papa,41.0,41.0,0.0,1160.0,28.29,7094.16,8229225.6
2020,Sonora,Sahuaripa,Yécora,Yécora,Primavera-Verano,Temporal,Papa,18.0,8.0,10.0,64.0,8.0,7500.0,480000.0
2020,Sonora,Cajeme,Cd. Obregón,Cajeme,Otoño-Invierno,Riego,Papa,2450.0,2450.0,0.0,84167.23,34.35,6215.18,523114484.55
2020,Sonora,Cajeme,Villa Juárez,Cajeme,Otoño-Invierno,Riego,Papa,200.0,200.0,0.0,6600.0,33.0,7663.86,50581476.0
2020,Sonora,Cajeme,Villa Juárez,Etchojoa,Otoño-Invierno,Riego,Papa,160.0,160.0,0.0,5600.0,35.0,8236.79,46126024.0
2020,Sonora,Cajeme,Villa Juárez,Benito Juárez,Otoño-Invierno,Riego,Papa,358.0,358.0,0.0,11728.65,32.76,7347.31,86174027.43
2020,Sonora,Cajeme,Bácum,Bácum,Otoño-Invierno,Riego,Papa,250.0,250.0,0.0,9337.99,37.35,6560.53,61262163.53
2020,Sonora,Cajeme,Bácum,San Ignacio Río Muerto,Otoño-Invierno,Riego,Papa,60.0,60.0,0.0,2220.0,37.0,6200.0,13764000.0
2020,Sonora,Cajeme,Pueblo Yaqui,Bácum,Otoño-Invierno,Riego,Papa,320.0,320.0,0.0,10379.91,32.44,6730.83,69865409.63
2020,Sonora,Cajeme,Pueblo Yaqui,Cajeme,Otoño-Invierno,Riego,Papa,1200.0,1200.0,0.0,40104.21,33.42,7046.25,282584289.71
2020,Sonora,Navojoa,Navojoa,Navojoa,Otoño-Invierno,Riego,Papa,2971.82,2971.82,0.0,89154.6,30.0,8583.1,765222847.26
2020,Sonora,Navojoa,Etchojoa,Etchojoa,Otoño-Invierno,Riego,Papa,32.0,32.0,0.0,998.4,31.2,8493.13,8479540.99
2020,Sonora,Navojoa,Huatabampo,Huatabampo,Otoño-Invierno,Riego,Papa,1603.39,1603.39,0.0,47300.01,29.5,8535.91,403748628.36
2020,Tamaulipas,Jaumave,Tula,Tula,Primavera-Verano,Riego,Papa,30.0,30.0,0.0,1110.0,37.0,8220.0,9124200.0
2020,Tlaxcala,Calpulalpan,Calpulalpan,Sanctórum de Lázaro Cárdenas,Primavera-Verano,Temporal,Papa,39.0,39.0,0.0,744.9,19.1,4452.31,3316525.72
2020,Tlaxcala,Calpulalpan,Calpulalpan,Nanacamilpa de Mariano Arista,Primavera-Verano,Temporal,Papa,49.0,49.0,0.0,945.7,19.3,4490.98,4247119.79
2020,Tlaxcala,Calpulalpan,Hueyotlipan,Españita,Primavera-Verano,Temporal,Papa,46.0,46.0,0.0,837.2,18.2,4402.28,3685588.82
2020,Tlaxcala,Calpulalpan,Hueyotlipan,Hueyotlipan,Primavera-Verano,Temporal,Papa,58.0,58.0,0.0,1061.4,18.3,4462.93,4736953.9
2020,Tlaxcala,Calpulalpan,Tlaxco,Atlangatepec,Primavera-Verano,Temporal,Papa,29.0,29.0,0.0,536.5,18.5,4482.59,2404909.54
2020,Tlaxcala,Calpulalpan,Tlaxco,Tlaxco,Primavera-Verano,Temporal,Papa,229.0,229.0,0.0,4259.4,18.6,4432.71,18880684.97
2020,Tlaxcala,Huamantla,Huamantla,Huamantla,Primavera-Verano,Riego,Papa,6.0,6.0,0.0,218.4,36.4,4220.0,921648.0
2020,Tlaxcala,Huamantla,Cuapiaxtla,Atltzayanca,Primavera-Verano,Riego,Papa,6.0,6.0,0.0,220.2,36.7,4120.0,907224.0
2020,Tlaxcala,Huamantla,Cuapiaxtla,Atltzayanca,Primavera-Verano,Temporal,Papa,16.0,16.0,0.0,278.4,17.4,4180.0,1163712.0
2020,Tlaxcala,Huamantla,Cuapiaxtla,Cuapiaxtla,Primavera-Verano,Riego,Papa,12.0,12.0,0.0,443.04,36.92,4170.0,1847476.8
2020,Tlaxcala,Huamantla,Teometitlán/Velazco,Terrenate,Primavera-Verano,Temporal,Papa,31.0,31.0,0.0,530.72,17.12,5075.81,2693833.88
2020,Tlaxcala,Huamantla,Teometitlán/Velazco,Emiliano Zapata,Primavera-Verano,Temporal,Papa,18.0,18.0,0.0,307.8,17.1,4112.78,1265913.68
2020,Veracruz,Huayacocotla,Huayacocotla,Huayacocotla,Primavera-Verano,Temporal,Papa,18.0,18.0,0.0,165.0,9.17,7007.65,1156262.25
2020,Veracruz,Martínez de la Torre,Martínez de La Torre,Atzalan,Otoño-Invierno,Temporal,Papa,70.0,70.0,0.0,1640.1,23.43,8800.0,14432880.0
2020,Veracruz,Coatepec,Coatepec,Coatepec,Otoño-Invierno,Temporal,Papa,75.0,75.0,0.0,900.0,12.0,8400.0,7560000.0
2020,Veracruz,Coatepec,Coatepec,Xico,Otoño-Invierno,Temporal,Papa,92.0,92.0,0.0,1080.0,11.74,8800.0,9504000.0
2020,Veracruz,Coatepec,Coatepec,Xico,Primavera-Verano,Temporal,Papa,70.0,70.0,0.0,621.6,8.88,3869.09,2405026.34
2020,Veracruz,Coatepec,Coatepec,Tlalnelhuayocan,Otoño-Invierno,Temporal,Papa,80.0,80.0,0.0,850.0,10.63,8600.0,7310000.0
2020,Veracruz,Coatepec,Perote,Altotonga,Primavera-Verano,Riego,Papa,376.0,376.0,0.0,15792.0,42.0,9144.47,144409470.24
2020,Veracruz,Coatepec,Perote,Altotonga,Primavera-Verano,Temporal,Papa,54.0,54.0,0.0,1674.0,31.0,8886.61,14876185.14
2020,Veracruz,Coatepec,Perote,Ayahualulco,Otoño-Invierno,Temporal,Papa,30.0,30.0,0.0,289.0,9.63,9226.4,2666429.6
2020,Veracruz,Coatepec,Perote,Ayahualulco,Primavera-Verano,Temporal,Papa,575.0,575.0,0.0,17825.0,31.0,9577.36,170716442.0
2020,Veracruz,Coatepec,Perote,Ixhuacán de Los Reyes,Otoño-Invierno,Temporal,Papa,40.0,40.0,0.0,512.0,12.8,9000.0,4608000.0
2020,Veracruz,Coatepec,Perote,Jalacingo,Primavera-Verano,Riego,Papa,1665.0,1665.0,0.0,69950.0,42.01,9135.45,639024727.5
2020,Veracruz,Coatepec,Perote,Jalacingo,Primavera-Verano,Temporal,Papa,438.0,438.0,0.0,13578.0,31.0,9559.6,129800248.8
2020,Veracruz,Coatepec,Perote,Las Minas,Primavera-Verano,Temporal,Papa,438.0,438.0,0.0,13578.0,31.0,8550.09,116093122.02
2020,Veracruz,Coatepec,Perote,Perote,Otoño-Invierno,Temporal,Papa,77.0,77.0,0.0,1232.0,16.0,9258.7,11406718.4
2020,Veracruz,Coatepec,Perote,Perote,Primavera-Verano,Riego,Papa,935.0,935.0,0.0,40000.0,42.78,7926.61,317064400.0
2020,Veracruz,Coatepec,Perote,Perote,Primavera-Verano,Temporal,Papa,150.0,150.0,0.0,4650.0,31.0,10248.11,47653711.5
2020,Veracruz,Coatepec,Perote,Las Vigas de Ramírez,Primavera-Verano,Temporal,Papa,94.0,94.0,0.0,2820.0,30.0,8918.53,25150254.6
2020,Veracruz,Coatepec,Perote,Villa Aldama,Primavera-Verano,Riego,Papa,310.0,310.0,0.0,12500.0,40.32,8070.26,100878250.0
2020,Veracruz,Coatepec,Perote,Villa Aldama,Primavera-Verano,Temporal,Papa,144.0,144.0,0.0,4305.6,29.9,9374.27,40361856.91
2020,Veracruz,Coatepec,Naolinco,Acajete,Otoño-Invierno,Temporal,Papa,17.35,17.35,0.0,189.98,10.95,6934.86,1317484.7
2020,Veracruz,Coatepec,Naolinco,Coacoatzintla,Otoño-Invierno,Temporal,Papa,72.85,72.85,0.0,593.73,8.15,6935.02,4117529.42
2020,Veracruz,Coatepec,Naolinco,Miahuatlán,Otoño-Invierno,Temporal,Papa,14.15,14.15,0.0,157.77,11.15,6934.96,1094128.64
2020,Veracruz,Coatepec,Naolinco,Naolinco,Otoño-Invierno,Temporal,Papa,20.75,20.75,0.0,247.96,11.95,6935.04,1719612.52
2020,Veracruz,Coatepec,Naolinco,Rafael Lucio,Otoño-Invierno,Temporal,Papa,58.45,58.45,0.0,748.74,12.81,6935.07,5192564.31
2020,Veracruz,Coatepec,Naolinco,Tlacolulan,Otoño-Invierno,Temporal,Papa,12.95,12.95,0.0,141.8,10.95,6934.99,983381.58
2020,Veracruz,Coatepec,Naolinco,Tonayán,Otoño-Invierno,Temporal,Papa,37.65,37.65,0.0,449.92,11.95,6935.05,3120217.7
2020,Veracruz,Fortín,Acultzingo,Mariano Escobedo,Otoño-Invierno,Temporal,Papa,247.0,247.0,0.0,2744.17,11.11,9609.52,26370156.5
2020,Veracruz,Fortín,Acultzingo,Mariano Escobedo,Primavera-Verano,Temporal,Papa,291.0,291.0,0.0,3375.0,11.6,9427.15,31816631.25
2020,Veracruz,Fortín,Acultzingo,La Perla,Otoño-Invierno,Temporal,Papa,334.0,334.0,0.0,3677.34,11.01,9428.42,34671506.0
2020,Veracruz,Fortín,Acultzingo,La Perla,Primavera-Verano,Temporal,Papa,391.0,391.0,0.0,4301.0,11.0,9235.29,39720982.29
2020,Veracruz,Fortín,Huatusco,Alpatláhuac,Otoño-Invierno,Temporal,Papa,107.0,107.0,0.0,984.4,9.2,6716.44,6611663.54
2020,Veracruz,Fortín,Huatusco,Alpatláhuac,Primavera-Verano,Temporal,Papa,51.0,51.0,0.0,484.0,9.49,9235.95,4470199.8
2020,Veracruz,Fortín,Huatusco,Calcahualco,Otoño-Invierno,Temporal,Papa,139.0,139.0,0.0,1255.17,9.03,6765.41,8491739.67
2020,Veracruz,Fortín,Huatusco,Calcahualco,Primavera-Verano,Temporal,Papa,63.0,63.0,0.0,617.0,9.79,9435.99,5822005.83
2020,Veracruz,Fortín,Huatusco,Coscomatepec,Otoño-Invierno,Temporal,Papa,339.0,339.0,0.0,3152.7,9.3,6637.78,20926929.01
2020,Veracruz,Fortín,Huatusco,Coscomatepec,Primavera-Verano,Temporal,Papa,80.5,80.5,0.0,788.0,9.79,9355.33,7372000.04
2020,Zacatecas,Zacatecas,Calera,Guadalupe,Primavera-Verano,Riego,Papa,186.0,186.0,0.0,8928.0,48.0,4900.0,43747200.0
2020,Zacatecas,Zacatecas,Villa de Cos,Pánuco,Primavera-Verano,Riego,Papa,278.0,278.0,0.0,12510.0,45.0,5062.59,63333000.9
2020,Zacatecas,Zacatecas,Villa de Cos,Villa de Cos,Primavera-Verano,Riego,Papa,404.0,404.0,0.0,17776.0,44.0,4960.91,88185136.16
2020,Zacatecas,Jalpa,Nochistlán,Nochistlán de Mejía,Primavera-Verano,Riego,Papa,2.0,2.0,0.0,37.0,18.5,8500.0,314500.0
2021,Baja California Sur,Comondú,Comondú,Comondú,Otoño-Invierno,Riego,Papa,1680.0,1680.0,0.0,49005.6,29.17,6354.3,311396284.1
2021,Baja California Sur,Comondú,Comondú,Comondú,Primavera-Verano,Riego,Papa,775.0,775.0,0.0,25032.5,32.3,6025.61,150836082.3
2021,Coahuila,Frontera,Ocampo,Ocampo,Primavera-Verano,Riego,Papa,65.0,65.0,0.0,2626.0,40.4,7500.0,19695000.0
2021,Coahuila,Saltillo,Arteaga,Arteaga,Primavera-Verano,Riego,Papa,215.0,215.0,0.0,6901.5,32.1,10700.0,73846050.0
2021,Coahuila,Saltillo,Agua Nueva,Saltillo,Primavera-Verano,Riego,Papa,30.0,30.0,0.0,1026.0,34.2,10800.0,11080800.0
2021,Chiapas,San Cristóbal de las Casas,San Cristóbal de Las Casas,Chamula,Primavera-Verano,Temporal,Papa,392.2,392.2,0.0,7141.96,18.21,8337.4,59545377.3
2021,Chiapas,San Cristóbal de las Casas,San Cristóbal de Las Casas,Larráinzar,Primavera-Verano,Temporal,Papa,319.3,319.3,0.0,5763.37,18.05,8396.38,48391444.6
2021,Chiapas,San Cristóbal de las Casas,San Cristóbal de Las Casas,San Cristóbal de Las Casas,Otoño-Invierno,Riego,Papa,215.5,215.5,0.0,5064.25,23.5,9505.62,48138836.09
2021,Chiapas,San Cristóbal de las Casas,San Cristóbal de Las Casas,San Cristóbal de Las Casas,Primavera-Verano,Temporal,Papa,313.6,313.6,0.0,5742.02,18.31,8412.34,48303824.53
2021,Chiapas,San Cristóbal de las Casas,San Cristóbal de Las Casas,Teopisca,Primavera-Verano,Temporal,Papa,18.35,18.35,0.0,325.71,17.75,8377.94,2728778.84
2021,Chiapas,San Cristóbal de las Casas,San Cristóbal de Las Casas,Zinacantán,Primavera-Verano,Temporal,Papa,39.97,39.97,0.0,733.85,18.36,8396.11,6161485.32
2021,Chiapas,San Cristóbal de las Casas,Chenalhó,Chenalhó,Otoño-Invierno,Riego,Papa,36.2,36.2,0.0,792.06,21.88,9458.31,7491549.02
2021,Chiapas,Motozintla,Amatenango/Motozintla,Motozintla,Primavera-Verano,Temporal,Papa,94.0,94.0,0.0,784.9,8.35,5500.0,4316950.0
2021,Chiapas,Motozintla,Porvenir,Bejucal de Ocampo,Primavera-Verano,Temporal,Papa,140.0,140.0,0.0,1132.6,8.09,5503.0,6232697.8
2021,Chiapas,Motozintla,Porvenir,La Grandeza,Primavera-Verano,Temporal,Papa,31.0,31.0,0.0,256.37,8.27,5502.0,1410547.74
2021,Chiapas,Motozintla,Porvenir,El Porvenir,Primavera-Verano,Temporal,Papa,216.0,216.0,0.0,1795.99,8.31,5423.19,9739999.36
2021,Chiapas,Motozintla,Porvenir,Siltepec,Primavera-Verano,Temporal,Papa,104.0,104.0,0.0,852.8,8.2,5503.0,4692958.4
2021,Chihuahua,Casas Grandes,Nuevo Casas Grandes,Nuevo Casas Grandes,Primavera-Verano,Riego,Papa,210.0,210.0,0.0,8400.0,40.0,7600.0,63840000.0
2021,Chihuahua,Madera,Soto Máynez,Namiquipa,Primavera-Verano,Riego,Papa,120.0,120.0,0.0,4320.0,36.0,9549.07,41251982.4
2021,Chihuahua,Madera,El Terrero,Namiquipa,Primavera-Verano,Riego,Papa,110.0,110.0,0.0,3740.0,34.0,9454.55,35360017.0
2021,Chihuahua,Papigochi,La Junta,Guerrero,Primavera-Verano,Riego,Papa,520.0,520.0,0.0,19760.0,38.0,10346.15,204439924.0
2021,Chihuahua,Papigochi,Guerrero,Guerrero,Primavera-Verano,Riego,Papa,140.0,140.0,0.0,5390.0,38.5,10374.4,55918016.0
2021,Chihuahua,San Juanito,San Juanito,Batopilas,Primavera-Verano,Temporal,Papa,23.0,23.0,0.0,78.2,3.4,14000.0,1094800.0
2021,Chihuahua,San Juanito,San Juanito,Bocoyna,Primavera-Verano,Temporal,Papa,39.0,39.0,0.0,141.18,3.62,13000.0,1835340.0
2021,Chihuahua,San Juanito,San Juanito,Maguarichi,Primavera-Verano,Temporal,Papa,8.0,8.0,0.0,25.44,3.18,14000.0,356160.0
2021,Chihuahua,San Juanito,San Juanito,Morelos,Primavera-Verano,Temporal,Papa,6.8,6.8,0.0,24.48,3.6,13000.0,318240.0
2021,Chihuahua,San Juanito,Tomochi,Moris,Primavera-Verano,Temporal,Papa,20.0,20.0,0.0,66.8,3.34,13000.0,868400.0
2021,Chihuahua,San Juanito,Tomochi,Ocampo,Primavera-Verano,Temporal,Papa,28.0,28.0,0.0,117.6,4.2,13000.0,1528800.0
2021,Chihuahua,San Juanito,Tomochi,Uruachi,Primavera-Verano,Temporal,Papa,17.0,17.0,0.0,57.8,3.4,13200.0,762960.0
2021,Chihuahua,San Juanito,San Rafael,Urique,Primavera-Verano,Temporal,Papa,34.0,34.0,0.0,112.2,3.3,13000.0,1458600.0
2021,Chihuahua,Balleza,Balleza,Balleza,Primavera-Verano,Temporal,Papa,52.0,52.0,0.0,260.0,5.0,8500.0,2210000.0
2021,Chihuahua,Balleza,Guachochi,Guachochi,Primavera-Verano,Temporal,Papa,137.0,137.0,0.0,548.0,4.0,8387.88,4596558.24
2021,Chihuahua,Balleza,Guadalupe Y Calvo,Guadalupe Y Calvo,Primavera-Verano,Temporal,Papa,68.0,68.0,0.0,301.24,4.43,10000.0,3012400.0
2021,Ciudad de México,Xochimilco,San Mateo Xalpa,Tlalpan,Primavera-Verano,Temporal,Papa,435.0,435.0,0.0,16521.3,37.98,8361.26,138138884.8
2021,Ciudad de México,Xochimilco,San Antonio Tecómitl,Milpa Alta,Primavera-Verano,Temporal,Papa,350.0,350.0,0.0,12498.5,35.71,8946.4,111816580.4
2021,Durango,El Salto,San Miguel de Cruces,San Dimas,Primavera-Verano,Temporal,Papa,20.0,20.0,0.0,81.0,4.05,8120.0,657720.0
2021,Durango,El Salto,El Salto,Pueblo Nuevo,Primavera-Verano,Temporal,Papa,22.0,22.0,0.0,78.1,3.55,8220.0,641982.0
2021,Durango,El Salto,El Salto,Tamazula,Primavera-Verano,Temporal,Papa,29.0,29.0,0.0,89.9,3.1,8140.0,731786.0
2021,Durango,Villa Ocampo,Guanaceví,Guanaceví,Primavera-Verano,Temporal,Papa,42.0,42.0,0.0,784.14,18.67,10680.0,8374615.2
2021,Durango,Santiago Papasquiaro,Tepehuanes,Tepehuanes,Primavera-Verano,Temporal,Papa,35.0,35.0,0.0,743.05,21.23,9080.0,6746894.0
2021,Durango,Santiago Papasquiaro,Tepehuanes,Topia,Primavera-Verano,Temporal,Papa,30.0,30.0,0.0,647.1,21.57,9100.0,5888610.0
2021,Durango,Santiago Papasquiaro,Santiago Papasquiaro,Santiago Papasquiaro,Primavera-Verano,Temporal,Papa,60.0,60.0,0.0,1314.0,21.9,9070.0,11917980.0
2021,Guanajuato,León,Leon,León,Otoño-Invierno,Riego,Papa,100.0,100.0,0.0,4100.0,41.0,7200.0,29520000.0
2021,Guanajuato,León,San Francisco del Rincón,Purísima del Rincón,Otoño-Invierno,Riego,Papa,210.0,210.0,0.0,9019.5,42.95,7200.0,64940400.0
2021,Guanajuato,León,San Francisco del Rincón,San Francisco del Rincón,Otoño-Invierno,Riego,Papa,269.0,269.0,0.0,10942.92,40.68,6900.0,75506148.0
2021,Hidalgo,Pachuca,Atotonilco,Omitlán de Juárez,Primavera-Verano,Temporal,Papa,16.56,16.56,0.0,208.66,12.6,6500.0,1356290.0
2021,Hidalgo,Pachuca,Apan,Almoloya,Primavera-Verano,Temporal,Papa,13.72,13.72,0.0,241.2,17.58,6450.0,1555740.0
2021,Jalisco,Ciudad Guzmán,Zacoalco de Torres,Amacueca,Primavera-Verano,Temporal,Papa,56.5,56.5,0.0,1901.79,33.66,7680.0,14605747.2
2021,Jalisco,Ciudad Guzmán,Tapalpa,Atemajac de Brizuela,Primavera-Verano,Temporal,Papa,48.0,48.0,0.0,1463.04,30.48,7500.0,10972800.0
2021,Jalisco,Ciudad Guzmán,Tapalpa,Tapalpa,Primavera-Verano,Temporal,Papa,1744.0,1744.0,0.0,52686.24,30.21,7530.27,396741612.5
2021,México,Toluca,Zinacantepec,Zinacantepec,Primavera-Verano,Riego,Papa,93.0,93.0,0.0,2829.99,30.43,5188.9,14684535.11
2021,México,Toluca,Zinacantepec,Zinacantepec,Primavera-Verano,Temporal,Papa,248.5,248.5,0.0,7059.89,28.41,5876.73,41489067.36
2021,México,Toluca,Tenango del Valle,Joquicingo,Primavera-Verano,Temporal,Papa,247.0,247.0,0.0,6585.02,26.66,5604.88,36908246.9
2021,México,Toluca,Tenango del Valle,Tenango del Valle,Primavera-Verano,Temporal,Papa,546.0,546.0,0.0,14796.6,27.1,5457.69,80755255.85
2021,México,Toluca,Toluca,Toluca,Primavera-Verano,Temporal,Papa,9.0,9.0,0.0,194.04,21.56,8077.93,1567441.54
2021,México,Toluca,Santiago Tianguistengo,Capulhuac,Primavera-Verano,Temporal,Papa,54.0,54.0,0.0,1199.88,22.22,8174.43,9808335.07
2021,México,Toluca,Santiago Tianguistengo,Xalatlaco,Primavera-Verano,Temporal,Papa,140.0,140.0,0.0,2986.2,21.33,8067.72,24091825.46
2021,México,Toluca,Santiago Tianguistengo,Tianguistenco,Primavera-Verano,Temporal,Papa,120.0,120.0,0.0,2654.4,22.12,8111.18,21530316.19
2021,México,Toluca,Mexicalzingo,Calimaya,Primavera-Verano,Temporal,Papa,7.0,7.0,0.0,198.03,28.29,7963.0,1576912.89
2021,México,Texcoco,Chalco,Chalco,Primavera-Verano,Temporal,Papa,20.8,20.8,0.0,539.97,25.96,5200.0,2807844.0
2021,México,Texcoco,Juchitepec,Juchitepec,Primavera-Verano,Temporal,Papa,383.0,383.0,0.0,13711.4,35.8,5966.54,81809616.56
2021,México,Tejupilco,Temascaltepec,Temascaltepec,Otoño-Invierno,Riego,Papa,107.06,107.06,0.0,1970.97,18.41,9134.9,18004613.85
2021,México,Tejupilco,Temascaltepec,Temascaltepec,Primavera-Verano,Temporal,Papa,40.06,40.06,0.0,447.87,11.18,8600.0,3851682.0
2021,México,Atlacomulco,San Felipe del Progreso,San Felipe del Progreso,Primavera-Verano,Temporal,Papa,5.0,5.0,0.0,126.25,25.25,4850.0,612312.5
2021,México,Atlacomulco,La Trinidad,San José del Rincón,Primavera-Verano,Temporal,Papa,675.0,675.0,0.0,20628.0,30.56,5166.83,106581369.2
2021,México,Atlacomulco,San Bartolo Morelos,Morelos,Primavera-Verano,Temporal,Papa,8.0,8.0,0.0,206.4,25.8,4800.0,990720.0
2021,México,Atlacomulco,Jiquipilco,Jiquipilco,Primavera-Verano,Riego,Papa,14.5,14.5,0.0,292.47,20.17,5047.1,1476125.34
2021,México,Atlacomulco,Jiquipilco,Jiquipilco,Primavera-Verano,Temporal,Papa,19.4,19.4,0.0,274.51,14.15,5262.37,1444573.19
2021,México,Coatepec Harinas,Coatepec Harinas,Coatepec Harinas,Otoño-Invierno,Riego,Papa,15.99,15.99,0.0,332.75,20.81,5701.19,1897070.97
2021,México,Coatepec Harinas,Coatepec Harinas,Coatepec Harinas,Primavera-Verano,Riego,Papa,23.79,23.79,0.0,445.11,18.71,3245.0,1444381.95
2021,México,Coatepec Harinas,Coatepec Harinas,Coatepec Harinas,Primavera-Verano,Temporal,Papa,12.1,12.1,0.0,220.83,18.25,4630.35,1022520.19
2021,México,Coatepec Harinas,Ocuilan,Ocuilan,Primavera-Verano,Temporal,Papa,234.6,234.6,0.0,6559.42,27.96,5733.67,37609549.67
2021,México,Valle de Bravo,Valle de Bravo,Valle de Bravo,Otoño-Invierno,Riego,Papa,85.0,85.0,0.0,2650.3,31.18,6155.0,16312596.5
2021,México,Valle de Bravo,Villa Victoria,Villa Victoria,Primavera-Verano,Temporal,Papa,563.0,563.0,0.0,20718.4,36.8,8193.58,169757867.9
2021,México,Valle de Bravo,Villa de Allende,Villa de Allende,Primavera-Verano,Temporal,Papa,452.0,452.0,0.0,15914.92,35.21,8292.15,131968903.9
2021,México,Valle de Bravo,Amanalco,Amanalco,Otoño-Invierno,Riego,Papa,85.0,85.0,0.0,1870.0,22.0,8482.11,15861545.7
2021,México,Valle de Bravo,Amanalco,Amanalco,Primavera-Verano,Temporal,Papa,251.0,251.0,0.0,6769.47,26.97,8069.0,54622853.43
2021,México,Valle de Bravo,Donato Guerra,Donato Guerra,Otoño-Invierno,Riego,Papa,50.0,50.0,0.0,1182.0,23.64,8213.39,9708226.98
2021,México,Valle de Bravo,Donato Guerra,Donato Guerra,Primavera-Verano,Temporal,Papa,73.5,73.5,0.0,2119.74,28.84,8124.62,17222082.0
2021,Michoacán,Uruapan,Ziracuaretiro,Tingambato,Primavera-Verano,Temporal,Papa,125.0,125.0,0.0,3250.0,26.0,7500.0,24375000.0
2021,Michoacán,Uruapan,Paracho,Charapan,Primavera-Verano,Temporal,Papa,160.0,160.0,0.0,4816.0,30.1,7500.0,36120000.0
2021,Michoacán,Uruapan,Paracho,Nahuatzen,Primavera-Verano,Temporal,Papa,125.0,125.0,0.0,3762.5,30.1,7500.0,28218750.0
2021,Michoacán,Zamora,Zamora,Zamora,Otoño-Invierno,Riego,Papa,70.0,70.0,0.0,1855.0,26.5,9500.0,17622500.0
2021,Michoacán,Zamora,Tangancícuaro,Tangancícuaro,Primavera-Verano,Temporal,Papa,1120.0,1120.0,0.0,35840.0,32.0,7733.59,277171865.6
2021,Michoacán,Zamora,Reyes Los,Los Reyes,Primavera-Verano,Temporal,Papa,75.0,75.0,0.0,2145.0,28.6,8500.0,18232500.0
2021,Michoacán,La Piedad,Zacapu,Zacapu,Primavera-Verano,Temporal,Papa,25.0,25.0,0.0,434.0,17.36,8217.97,3566598.98
2021,Morelos,Zacatepec-Galeana,Yautepec,Huitzilac,Primavera-Verano,Temporal,Papa,93.0,93.0,0.0,2185.5,23.5,5546.12,12121045.26
2021,Nuevo León,Galeana,Galeana,Galeana,Primavera-Verano,Riego,Papa,321.0,321.0,0.0,12262.2,38.2,11486.38,140848288.8
2021,Nuevo León,Galeana,San Rafael,Galeana,Primavera-Verano,Riego,Papa,1500.0,1500.0,0.0,60300.0,40.2,11561.33,697148199.0
2021,Nuevo León,Galeana,El Potosí,Galeana,Primavera-Verano,Riego,Papa,614.0,614.0,0.0,23393.4,38.1,11197.56,261949000.1
2021,Nuevo León,Galeana,Aramberri,Aramberri,Primavera-Verano,Riego,Papa,400.0,400.0,0.0,17800.0,44.5,10674.16,190000048.0
2021,Oaxaca,Sierra Juárez,Ixtlán,San Miguel Amatlán,Primavera-Verano,Temporal,Papa,35.5,35.5,0.0,356.78,10.05,4420.7,1577217.35
2021,Oaxaca,Sierra Juárez,Ayutla/Mixe,Tamazulápam del Espíritu Santo,Primavera-Verano,Temporal,Papa,15.0,15.0,0.0,157.5,10.5,4913.63,773896.73
2021,Oaxaca,Sierra Juárez,Ayutla/Mixe,San Pedro Y San Pablo Ayutla,Primavera-Verano,Temporal,Papa,22.0,22.0,0.0,225.06,10.23,4706.87,1059328.16
2021,Oaxaca,Sierra Juárez,Ayutla/Mixe,Santa María Tlahuitoltepec,Primavera-Verano,Temporal,Papa,16.5,16.5,0.0,158.07,9.58,4836.88,764565.62
2021,Oaxaca,Sierra Juárez,Ayutla/Mixe,Totontepec Villa de Morelos,Primavera-Verano,Temporal,Papa,61.0,61.0,0.0,575.23,9.43,4787.87,2754126.46
2021,Puebla,Zacatlán,Zacatlán,Aquixtla,Otoño-Invierno,Riego,Papa,21.0,21.0,0.0,264.18,12.58,5037.77,1330878.08
2021,Puebla,Zacatlán,Zacatlán,Aquixtla,Otoño-Invierno,Temporal,Papa,23.0,23.0,0.0,214.36,9.32,4891.5,1048541.94
2021,Puebla,Zacatlán,Zacatlán,Aquixtla,Primavera-Verano,Temporal,Papa,32.0,32.0,0.0,257.36,8.04,5171.81,1331016.26
2021,Puebla,Zacatlán,Zacatlán,Chignahuapan,Otoño-Invierno,Riego,Papa,6.0,6.0,0.0,73.8,12.3,4977.84,367364.59
2021,Puebla,Zacatlán,Zacatlán,Chignahuapan,Otoño-Invierno,Temporal,Papa,8.5,8.5,0.0,82.45,9.7,4830.42,398268.13
2021,Puebla,Zacatlán,Zacatlán,Chignahuapan,Primavera-Verano,Riego,Papa,6.0,6.0,0.0,63.0,10.5,5325.0,335475.0
2021,Puebla,Zacatlán,Zacatlán,Ixtacamaxtitlán,Otoño-Invierno,Riego,Papa,24.0,24.0,0.0,300.72,12.53,4979.68,1497489.37
2021,Puebla,Zacatlán,Zacatlán,Ixtacamaxtitlán,Otoño-Invierno,Temporal,Papa,28.0,28.0,0.0,273.0,9.75,4871.58,1329941.34
2021,Puebla,Zacatlán,Zacatlán,Ixtacamaxtitlán,Primavera-Verano,Riego,Papa,55.0,55.0,0.0,654.5,11.9,5384.0,3523828.0
2021,Puebla,Zacatlán,Zacatlán,Ixtacamaxtitlán,Primavera-Verano,Temporal,Papa,125.0,125.0,0.0,947.3,7.58,5244.76,4968357.83
2021,Puebla,Zacatlán,Zacatlán,Tetela de Ocampo,Otoño-Invierno,Riego,Papa,18.0,18.0,0.0,196.56,10.92,4899.1,962967.1
2021,Puebla,Zacatlán,Zacatlán,Tetela de Ocampo,Otoño-Invierno,Temporal,Papa,19.0,19.0,0.0,174.42,9.18,4830.98,842619.53
2021,Puebla,Zacatlán,Zacatlán,Tetela de Ocampo,Primavera-Verano,Riego,Papa,19.0,19.0,0.0,237.5,12.5,5344.0,1269200.0
2021,Puebla,Zacatlán,Zacatlán,Tetela de Ocampo,Primavera-Verano,Temporal,Papa,18.0,18.0,0.0,139.8,7.77,5217.85,729454.8
2021,Puebla,Zacatlán,Zacatlán,Zacatlán,Otoño-Invierno,Riego,Papa,11.0,11.0,0.0,127.93,11.63,4938.66,631802.77
2021,Puebla,Zacatlán,Zacatlán,Zacatlán,Otoño-Invierno,Temporal,Papa,12.0,12.0,0.0,113.04,9.42,4886.9,552415.18
2021,Puebla,Zacatlán,Zacatlán,Zacatlán,Primavera-Verano,Riego,Papa,13.0,13.0,0.0,190.19,14.63,5327.0,1013142.13
2021,Puebla,Zacatlán,Zacatlán,Zacatlán,Primavera-Verano,Temporal,Papa,14.0,14.0,0.0,165.06,11.79,5327.0,879274.62
2021,Puebla,Teziutlán,Zacapoaxtla,Nauzontla,Otoño-Invierno,Temporal,Papa,35.0,35.0,0.0,813.05,23.23,5768.98,4690469.19
2021,Puebla,Teziutlán,Zacapoaxtla,Nauzontla,Primavera-Verano,Temporal,Papa,60.0,60.0,0.0,1420.8,23.68,4126.93,5863542.14
2021,Puebla,Teziutlán,Zacapoaxtla,Zacapoaxtla,Otoño-Invierno,Riego,Papa,5.75,5.75,0.0,226.67,39.42,6379.0,1445927.93
2021,Puebla,Teziutlán,Zacapoaxtla,Zacapoaxtla,Otoño-Invierno,Temporal,Papa,78.0,78.0,0.0,1804.92,23.14,6008.35,10844591.08
2021,Puebla,Teziutlán,Zacapoaxtla,Zacapoaxtla,Primavera-Verano,Riego,Papa,38.0,38.0,0.0,999.02,26.29,4142.0,4137940.84
2021,Puebla,Teziutlán,Zacapoaxtla,Zacapoaxtla,Primavera-Verano,Temporal,Papa,760.0,760.0,0.0,18323.6,24.11,4132.15,75715863.74
2021,Puebla,Teziutlán,Tlatlauquitepec,Atempan,Otoño-Invierno,Riego,Papa,35.0,35.0,0.0,1396.85,39.91,5370.0,7501084.5
2021,Puebla,Teziutlán,Tlatlauquitepec,Atempan,Otoño-Invierno,Temporal,Papa,40.0,40.0,0.0,1125.2,28.13,6775.14,7623387.53
2021,Puebla,Teziutlán,Tlatlauquitepec,Chignautla,Primavera-Verano,Temporal,Papa,32.0,32.0,0.0,758.72,23.71,4768.0,3617576.96
2021,Puebla,Teziutlán,Tlatlauquitepec,Hueyapan,Otoño-Invierno,Temporal,Papa,28.0,28.0,0.0,764.96,27.32,6103.76,4669132.25
2021,Puebla,Teziutlán,Tlatlauquitepec,Teteles de Avila Castillo,Otoño-Invierno,Riego,Papa,26.0,26.0,0.0,1165.84,44.84,5460.0,6365486.4
2021,Puebla,Teziutlán,Tlatlauquitepec,Teteles de Avila Castillo,Otoño-Invierno,Temporal,Papa,14.0,14.0,0.0,412.02,29.43,6073.25,2502300.47
2021,Puebla,Teziutlán,Tlatlauquitepec,Tlatlauquitepec,Otoño-Invierno,Riego,Papa,995.0,995.0,0.0,42068.6,42.28,5587.0,235037268.2
2021,Puebla,Teziutlán,Tlatlauquitepec,Tlatlauquitepec,Otoño-Invierno,Temporal,Papa,275.0,275.0,0.0,7807.25,28.39,5714.91,44617731.1
2021,Puebla,Teziutlán,Tlatlauquitepec,Tlatlauquitepec,Primavera-Verano,Riego,Papa,385.0,385.0,0.0,11476.85,29.81,5988.92,68733936.5
2021,Puebla,Teziutlán,Tlatlauquitepec,Tlatlauquitepec,Primavera-Verano,Temporal,Papa,1000.0,1000.0,0.0,22770.0,22.77,5010.83,114096599.1
2021,Puebla,Teziutlán,Tlatlauquitepec,Yaonáhuac,Otoño-Invierno,Temporal,Papa,32.0,32.0,0.0,848.0,26.5,6128.24,5196747.52
2021,Puebla,Teziutlán,Tlatlauquitepec,Zaragoza,Primavera-Verano,Riego,Papa,42.0,42.0,0.0,1228.08,29.24,6448.6,7919396.69
2021,Puebla,Teziutlán,Tlatlauquitepec,Zaragoza,Primavera-Verano,Temporal,Papa,68.0,68.0,0.0,1651.04,24.28,4879.0,8055424.16
2021,Puebla,Libres,Libres,Cuyoaco,Primavera-Verano,Riego,Papa,18.0,18.0,0.0,418.5,23.25,6290.0,2632365.0
2021,Puebla,Libres,Libres,Libres,Primavera-Verano,Riego,Papa,45.0,45.0,0.0,999.9,22.22,6140.0,6139386.0
2021,Puebla,Libres,Libres,Oriental,Primavera-Verano,Riego,Papa,16.0,16.0,0.0,370.72,23.17,6070.0,2250270.4
2021,Puebla,Libres,Guadalupe Victoria,Chichiquila,Primavera-Verano,Temporal,Papa,365.0,365.0,0.0,8146.8,22.32,5520.07,44970906.28
2021,Puebla,Libres,Guadalupe Victoria,Chilchotla,Otoño-Invierno,Temporal,Papa,20.0,20.0,0.0,487.6,24.38,4536.0,2211753.6
2021,Puebla,Libres,Guadalupe Victoria,Chilchotla,Primavera-Verano,Temporal,Papa,320.0,320.0,0.0,7177.6,22.43,5772.36,41431691.14
2021,Puebla,Libres,Guadalupe Victoria,Guadalupe Victoria,Primavera-Verano,Riego,Papa,380.0,380.0,0.0,10263.8,27.01,6519.37,66913509.81
2021,Puebla,Libres,Guadalupe Victoria,Guadalupe Victoria,Primavera-Verano,Temporal,Papa,165.0,165.0,0.0,3507.9,21.26,5132.2,18003244.38
2021,Puebla,Libres,Guadalupe Victoria,Lafragua,Primavera-Verano,Riego,Papa,13.0,13.0,0.0,353.99,27.23,6354.0,2249252.46
2021,Puebla,Libres,Guadalupe Victoria,Lafragua,Primavera-Verano,Temporal,Papa,140.0,140.0,0.0,2906.4,20.76,5151.05,14971011.72
2021,Puebla,Libres,Guadalupe Victoria,Quimixtlán,Otoño-Invierno,Temporal,Papa,70.0,70.0,0.0,1723.4,24.62,4425.0,7626045.0
2021,Puebla,Libres,Guadalupe Victoria,Quimixtlán,Primavera-Verano,Temporal,Papa,120.0,120.0,0.0,2476.8,20.64,5158.96,12777712.13
2021,Puebla,Libres,Ciudad Serdán,Aljojuca,Primavera-Verano,Riego,Papa,2.0,2.0,0.0,38.68,19.34,5980.0,231306.4
2021,Puebla,Libres,Ciudad Serdán,Atzitzintla,Otoño-Invierno,Temporal,Papa,12.0,12.0,0.0,304.68,25.39,4650.0,1416762.0
2021,Puebla,Libres,Ciudad Serdán,Atzitzintla,Primavera-Verano,Temporal,Papa,12.0,12.0,0.0,190.68,15.89,4570.0,871407.6
2021,Puebla,Libres,Ciudad Serdán,Chalchicomula de Sesma,Otoño-Invierno,Riego,Papa,5.0,5.0,0.0,132.25,26.45,4860.0,642735.0
2021,Puebla,Libres,Ciudad Serdán,San Nicolás Buenos Aires,Otoño-Invierno,Riego,Papa,17.0,17.0,0.0,470.39,27.67,4970.0,2337838.3
2021,Puebla,Libres,Ciudad Serdán,San Nicolás Buenos Aires,Otoño-Invierno,Temporal,Papa,6.0,6.0,0.0,140.7,23.45,4750.0,668325.0
2021,Puebla,Libres,Ciudad Serdán,San Nicolás Buenos Aires,Primavera-Verano,Riego,Papa,125.0,125.0,0.0,2455.0,19.64,5864.0,14396120.0
2021,Puebla,Libres,Ciudad Serdán,San Salvador El Seco,Primavera-Verano,Riego,Papa,8.0,8.0,0.0,216.72,27.09,5360.0,1161619.2
2021,Puebla,Libres,Ciudad Serdán,Tlachichuca,Primavera-Verano,Riego,Papa,3.0,3.0,0.0,85.68,28.56,5260.0,450676.8
2021,Puebla,Cholula,Texmelucan,Tlahuapan,Primavera-Verano,Temporal,Papa,17.0,17.0,0.0,429.08,25.24,9129.0,3917071.32
2021,San Luis Potosí,Matehuala,Villa de Guadalupe,Villa de Guadalupe,Primavera-Verano,Riego,Papa,35.0,35.0,0.0,857.5,24.5,8100.0,6945750.0
2021,Sinaloa,Los Mochis,El Carrizo,Ahome,Otoño-Invierno,Riego,Papa,110.0,110.0,0.0,3613.5,32.85,12000.0,43362000.0
2021,Sinaloa,Los Mochis,San Blas,El Fuerte,Otoño-Invierno,Riego,Papa,918.42,918.42,0.0,30445.62,33.15,12672.92,385834906.6
2021,Sinaloa,Los Mochis,Ahome,Ahome,Otoño-Invierno,Riego,Papa,554.0,554.0,0.0,18836.0,34.0,12000.0,226032000.0
2021,Sinaloa,Los Mochis,Los Mochis,Ahome,Otoño-Invierno,Riego,Papa,7137.55,7137.55,0.0,244104.21,34.2,12000.0,2929250520.0
2021,Sinaloa,Los Mochis,Ruíz Cortinez,Guasave,Otoño-Invierno,Riego,Papa,2196.7,2196.7,0.0,77982.85,35.5,11305.62,881644468.6
2021,Sinaloa,Los Mochis,Ruíz Cortinez,Sinaloa,Otoño-Invierno,Riego,Papa,1189.1,1189.1,0.0,38836.01,32.66,11029.12,428327014.6
2021,Sinaloa,Guasave,La Trinidad,Guasave,Otoño-Invierno,Riego,Papa,29.0,29.0,0.0,1174.5,40.5,6141.7,7213426.65
2021,Sinaloa,Guasave,El Burrión,Guasave,Otoño-Invierno,Riego,Papa,1191.18,1191.18,0.0,50029.56,42.0,6170.98,308731414.2
2021,Sinaloa,Guasave,Petatlán,Guasave,Otoño-Invierno,Riego,Papa,36.31,36.31,0.0,1525.02,42.0,6214.99,9477984.05
2021,Sonora,Caborca,Caborca,Caborca,Primavera-Verano,Riego,Papa,1078.0,1078.0,0.0,45276.0,42.0,7300.0,330514800.0
2021,Sonora,Caborca,Caborca,Pitiquito,Primavera-Verano,Riego,Papa,130.0,130.0,0.0,5605.6,43.12,7378.07,41358509.19
2021,Sonora,Caborca,Atil,Altar,Primavera-Verano,Riego,Papa,2948.0,2948.0,0.0,129770.96,44.02,7622.46,989173951.8
2021,Sonora,Magdalena,Magdalena,Magdalena,Primavera-Verano,Riego,Papa,130.0,130.0,0.0,4950.4,38.08,8181.82,40503281.73
2021,Sonora,Magdalena,Santa Ana,Trincheras,Primavera-Verano,Riego,Papa,644.0,644.0,0.0,26990.04,41.91,8947.64,241497161.5
2021,Sonora,Agua Prieta,Cananea,Cananea,Primavera-Verano,Riego,Papa,35.0,35.0,0.0,1019.9,29.14,7465.2,7613757.48
2021,Sonora,Sahuaripa,Yécora,Yécora,Primavera-Verano,Temporal,Papa,8.0,8.0,0.0,72.0,9.0,8100.0,583200.0
2021,Sonora,Guaymas,Guaymas D.D.R.,Guaymas,Otoño-Invierno,Riego,Papa,60.0,60.0,0.0,1890.0,31.5,7317.99,13831001.1
2021,Sonora,Cajeme,Cd. Obregón,Cajeme,Otoño-Invierno,Riego,Papa,2040.0,2040.0,0.0,72012.0,35.3,7062.81,508607073.7
2021,Sonora,Cajeme,Villa Juárez,Cajeme,Otoño-Invierno,Riego,Papa,91.0,91.0,0.0,3148.6,34.6,7518.42,23672497.21
2021,Sonora,Cajeme,Villa Juárez,Etchojoa,Otoño-Invierno,Riego,Papa,90.0,90.0,0.0,3060.0,34.0,6819.61,20868006.6
2021,Sonora,Cajeme,Villa Juárez,Navojoa,Otoño-Invierno,Riego,Papa,29.0,29.0,0.0,928.0,32.0,7590.52,7044002.56
2021,Sonora,Cajeme,Villa Juárez,Benito Juárez,Otoño-Invierno,Riego,Papa,595.0,595.0,0.0,19040.0,32.0,7593.49,144580049.6
2021,Sonora,Cajeme,Bácum,Bácum,Otoño-Invierno,Riego,Papa,264.0,264.0,0.0,9768.0,37.0,7255.59,70872603.12
2021,Sonora,Cajeme,Bácum,Cajeme,Otoño-Invierno,Riego,Papa,200.0,200.0,0.0,6600.0,33.0,7704.09,50846994.0
2021,Sonora,Cajeme,Pueblo Yaqui,Bácum,Otoño-Invierno,Riego,Papa,257.0,257.0,0.0,8609.5,33.5,7179.47,61811646.97
2021,Sonora,Cajeme,Pueblo Yaqui,Cajeme,Otoño-Invierno,Riego,Papa,1413.0,1413.0,0.0,47335.5,33.5,7177.06,339729723.6
2021,Sonora,Navojoa,Navojoa,Navojoa,Otoño-Invierno,Riego,Papa,1500.0,1500.0,0.0,46500.0,31.0,8278.81,384964665.0
2021,Sonora,Navojoa,Etchojoa,Etchojoa,Otoño-Invierno,Riego,Papa,942.0,942.0,0.0,28919.4,30.7,8243.38,238393603.6
2021,Sonora,Navojoa,Huatabampo,Huatabampo,Otoño-Invierno,Riego,Papa,2358.0,2358.0,0.0,69796.8,29.6,8200.78,572388201.5
2021,Tamaulipas,Jaumave,Tula,Tula,Otoño-Invierno,Riego,Papa,60.0,60.0,0.0,2075.4,34.59,9089.14,18863601.16
2021,Tamaulipas,Jaumave,Tula,Tula,Primavera-Verano,Riego,Papa,45.0,45.0,0.0,1579.95,35.11,9999.37,15798504.63
2021,Tlaxcala,Calpulalpan,Calpulalpan,Sanctórum de Lázaro Cárdenas,Primavera-Verano,Temporal,Papa,35.0,35.0,0.0,647.5,18.5,4460.0,2887850.0
2021,Tlaxcala,Calpulalpan,Calpulalpan,Nanacamilpa de Mariano Arista,Primavera-Verano,Temporal,Papa,43.0,43.0,0.0,740.03,17.21,4500.0,3330135.0
2021,Tlaxcala,Calpulalpan,Hueyotlipan,Españita,Primavera-Verano,Temporal,Papa,40.0,40.0,0.0,720.0,18.0,4410.9,3175848.0
2021,Tlaxcala,Calpulalpan,Hueyotlipan,Hueyotlipan,Primavera-Verano,Temporal,Papa,50.0,50.0,0.0,900.0,18.0,4470.0,4023000.0
2021,Tlaxcala,Calpulalpan,Tlaxco,Atlangatepec,Primavera-Verano,Temporal,Papa,25.0,25.0,0.0,465.0,18.6,4485.96,2085971.4
2021,Tlaxcala,Calpulalpan,Tlaxco,Tlaxco,Primavera-Verano,Temporal,Papa,225.0,225.0,0.0,4162.5,18.5,4436.09,18465224.63
2021,Tlaxcala,Huamantla,Huamantla,Huamantla,Primavera-Verano,Riego,Papa,7.0,7.0,0.0,254.1,36.3,4225.0,1073572.5
2021,Tlaxcala,Huamantla,Cuapiaxtla,Atltzayanca,Primavera-Verano,Riego,Papa,5.0,5.0,0.0,183.0,36.6,4130.0,755790.0
2021,Tlaxcala,Huamantla,Cuapiaxtla,Atltzayanca,Primavera-Verano,Temporal,Papa,18.0,18.0,0.0,317.52,17.64,4190.0,1330408.8
2021,Tlaxcala,Huamantla,Cuapiaxtla,Cuapiaxtla,Primavera-Verano,Riego,Papa,13.0,13.0,0.0,478.4,36.8,4175.0,1997320.0
2021,Tlaxcala,Huamantla,Teometitlán/Velazco,Terrenate,Primavera-Verano,Temporal,Papa,36.0,36.0,0.0,619.2,17.2,4983.27,3085640.78
2021,Tlaxcala,Huamantla,Teometitlán/Velazco,Emiliano Zapata,Primavera-Verano,Temporal,Papa,19.0,19.0,0.0,326.8,17.2,4117.58,1345625.14
2021,Veracruz,Huayacocotla,Huayacocotla,Huayacocotla,Primavera-Verano,Temporal,Papa,17.0,17.0,0.0,136.0,8.0,7500.0,1020000.0
2021,Veracruz,Martínez de la Torre,Martínez de La Torre,Atzalan,Otoño-Invierno,Temporal,Papa,77.0,77.0,0.0,1848.0,24.0,8200.0,15153600.0
2021,Veracruz,Coatepec,Coatepec,Coatepec,Otoño-Invierno,Temporal,Papa,71.0,71.0,0.0,1099.08,15.48,9000.0,9891720.0
2021,Veracruz,Coatepec,Coatepec,Xico,Otoño-Invierno,Temporal,Papa,92.0,92.0,0.0,1361.6,14.8,7500.0,10212000.0
2021,Veracruz,Coatepec,Coatepec,Xico,Primavera-Verano,Temporal,Papa,60.0,60.0,0.0,750.0,12.5,6500.0,4875000.0
2021,Veracruz,Coatepec,Coatepec,Tlalnelhuayocan,Otoño-Invierno,Temporal,Papa,83.0,83.0,0.0,1145.4,13.8,7800.0,8934120.0
2021,Veracruz,Coatepec,Perote,Altotonga,Primavera-Verano,Riego,Papa,380.0,380.0,0.0,16150.0,42.5,6500.0,104975000.0
2021,Veracruz,Coatepec,Perote,Altotonga,Primavera-Verano,Temporal,Papa,52.0,52.0,0.0,1456.0,28.0,6000.0,8736000.0
2021,Veracruz,Coatepec,Perote,Ayahualulco,Otoño-Invierno,Temporal,Papa,32.0,32.0,0.0,544.96,17.03,6500.0,3542240.0
2021,Veracruz,Coatepec,Perote,Ayahualulco,Primavera-Verano,Temporal,Papa,560.0,560.0,0.0,16777.6,29.96,6763.59,113476807.6
2021,Veracruz,Coatepec,Perote,Ixhuacán de Los Reyes,Otoño-Invierno,Temporal,Papa,42.0,42.0,0.0,630.0,15.0,6900.0,4347000.0
2021,Veracruz,Coatepec,Perote,Jalacingo,Primavera-Verano,Riego,Papa,850.0,850.0,0.0,37391.5,43.99,6582.01,246111226.9
2021,Veracruz,Coatepec,Perote,Jalacingo,Primavera-Verano,Temporal,Papa,440.0,440.0,0.0,13200.0,30.0,6623.41,87429012.0
2021,Veracruz,Coatepec,Perote,Perote,Otoño-Invierno,Temporal,Papa,79.0,79.0,0.0,1264.0,16.0,6500.0,8216000.0
2021,Veracruz,Coatepec,Perote,Perote,Primavera-Verano,Riego,Papa,550.0,550.0,0.0,23100.0,42.0,6508.75,150352125.0
2021,Veracruz,Coatepec,Perote,Perote,Primavera-Verano,Temporal,Papa,148.0,148.0,0.0,4440.0,30.0,6749.32,29966980.8
2021,Veracruz,Coatepec,Perote,Las Vigas de Ramírez,Primavera-Verano,Temporal,Papa,93.0,93.0,0.0,2697.0,29.0,6000.0,16182000.0
2021,Veracruz,Coatepec,Perote,Villa Aldama,Primavera-Verano,Riego,Papa,160.0,160.0,0.0,6400.0,40.0,6911.25,44232000.0
2021,Veracruz,Coatepec,Perote,Villa Aldama,Primavera-Verano,Temporal,Papa,150.0,150.0,0.0,4500.0,30.0,6500.0,29250000.0
2021,Veracruz,Coatepec,Naolinco,Acajete,Otoño-Invierno,Temporal,Papa,20.0,20.0,0.0,212.0,10.6,6500.0,1378000.0
2021,Veracruz,Coatepec,Naolinco,Coacoatzintla,Otoño-Invierno,Temporal,Papa,73.0,73.0,0.0,876.0,12.0,7000.0,6132000.0
2021,Veracruz,Coatepec,Naolinco,Miahuatlán,Otoño-Invierno,Temporal,Papa,16.0,16.0,0.0,160.0,10.0,7200.0,1152000.0
2021,Veracruz,Coatepec,Naolinco,Naolinco,Otoño-Invierno,Temporal,Papa,30.0,30.0,0.0,329.1,10.97,6900.0,2270790.0
2021,Veracruz,Coatepec,Naolinco,Rafael Lucio,Otoño-Invierno,Temporal,Papa,70.0,70.0,0.0,700.0,10.0,6950.0,4865000.0
2021,Veracruz,Coatepec,Naolinco,Tlacolulan,Otoño-Invierno,Temporal,Papa,14.0,14.0,0.0,154.0,11.0,7000.0,1078000.0
2021,Veracruz,Coatepec,Naolinco,Tonayán,Otoño-Invierno,Temporal,Papa,39.0,39.0,0.0,468.0,12.0,7200.0,3369600.0
2021,Veracruz,Fortín,Acultzingo,Mariano Escobedo,Otoño-Invierno,Temporal,Papa,347.0,347.0,0.0,3504.7,10.1,8045.92,28198535.82
2021,Veracruz,Fortín,Acultzingo,Mariano Escobedo,Primavera-Verano,Temporal,Papa,289.0,289.0,0.0,3323.5,11.5,9500.0,31573250.0
2021,Veracruz,Fortín,Acultzingo,La Perla,Otoño-Invierno,Temporal,Papa,331.0,331.0,0.0,3343.1,10.1,6394.28,21376717.47
2021,Veracruz,Fortín,Acultzingo,La Perla,Primavera-Verano,Temporal,Papa,391.0,391.0,0.0,4301.0,11.0,9500.0,40859500.0
2021,Veracruz,Fortín,Huatusco,Alpatláhuac,Otoño-Invierno,Temporal,Papa,106.0,106.0,0.0,954.0,9.0,6700.0,6391800.0
2021,Veracruz,Fortín,Huatusco,Alpatláhuac,Primavera-Verano,Temporal,Papa,53.0,53.0,0.0,524.7,9.9,9300.0,4879710.0
2021,Veracruz,Fortín,Huatusco,Calcahualco,Otoño-Invierno,Temporal,Papa,138.0,138.0,0.0,1341.36,9.72,6750.0,9054180.0
2021,Veracruz,Fortín,Huatusco,Calcahualco,Primavera-Verano,Temporal,Papa,62.0,62.0,0.0,620.0,10.0,9400.0,5828000.0
2021,Veracruz,Fortín,Huatusco,Coscomatepec,Otoño-Invierno,Temporal,Papa,340.0,340.0,0.0,3230.0,9.5,6638.79,21443291.7
2021,Veracruz,Fortín,Huatusco,Coscomatepec,Primavera-Verano,Temporal,Papa,78.0,78.0,0.0,795.6,10.2,9300.0,7399080.0
2021,Zacatecas,Zacatecas,Calera,Guadalupe,Primavera-Verano,Riego,Papa,182.0,182.0,0.0,8663.2,47.6,7000.0,60642400.0
2021,Zacatecas,Zacatecas,Villa de Cos,Pánuco,Primavera-Verano,Riego,Papa,211.0,211.0,0.0,9395.83,44.53,8240.76,77428780.03
2021,Zacatecas,Zacatecas,Villa de Cos,Villa de Cos,Primavera-Verano,Riego,Papa,396.0,396.0,0.0,16331.04,41.24,7931.57,129530786.9
2022,Baja California Sur,Comondú,Comondú,Comondú,Otoño-Invierno,Riego,Papa,1600.0,1600.0,0.0,51360.0,32.1,6288.52,322978387.2
2022,Baja California Sur,Comondú,Comondú,Comondú,Primavera-Verano,Riego,Papa,800.0,800.0,0.0,25760.0,32.2,6052.73,155918324.8
2022,Coahuila,Frontera,Ocampo,Ocampo,Primavera-Verano,Riego,Papa,60.0,60.0,0.0,2430.0,40.5,13300.0,32319000.0
2022,Coahuila,Saltillo,Arteaga,Arteaga,Primavera-Verano,Riego,Papa,220.0,220.0,0.0,7260.0,33.0,13300.0,96558000.0
2022,Coahuila,Saltillo,Agua Nueva,Saltillo,Primavera-Verano,Riego,Papa,30.0,30.0,0.0,1031.4,34.38,13200.0,13614480.0
2022,Chiapas,San Cristóbal de las Casas,San Cristóbal de Las Casas,Chamula,Primavera-Verano,Temporal,Papa,393.8,393.8,0.0,7167.16,18.2,8980.5,64364680.38
2022,Chiapas,San Cristóbal de las Casas,San Cristóbal de Las Casas,Larráinzar,Primavera-Verano,Temporal,Papa,320.7,320.7,0.0,5782.23,18.03,8995.49,52013992.14
2022,Chiapas,San Cristóbal de las Casas,San Cristóbal de Las Casas,San Cristóbal de Las Casas,Otoño-Invierno,Riego,Papa,216.5,216.5,0.0,5102.91,23.57,9170.54,46796440.27
2022,Chiapas,San Cristóbal de las Casas,San Cristóbal de Las Casas,San Cristóbal de Las Casas,Primavera-Verano,Temporal,Papa,314.9,314.9,0.0,5778.42,18.35,9008.01,52052065.14
2022,Chiapas,San Cristóbal de las Casas,San Cristóbal de Las Casas,Teopisca,Primavera-Verano,Temporal,Papa,19.15,19.15,0.0,340.87,17.8,8939.62,3047248.27
2022,Chiapas,San Cristóbal de las Casas,San Cristóbal de Las Casas,Zinacantán,Primavera-Verano,Temporal,Papa,41.3,41.3,0.0,759.09,18.38,8964.57,6804915.44
2022,Chiapas,San Cristóbal de las Casas,Chenalhó,Chenalhó,Otoño-Invierno,Riego,Papa,36.8,36.8,0.0,806.66,21.92,9482.84,7649427.71
2022,Chiapas,Motozintla,Amatenango/Motozintla,Motozintla,Primavera-Verano,Temporal,Papa,93.0,93.0,0.0,772.83,8.31,5510.0,4258293.3
2022,Chiapas,Motozintla,Porvenir,Bejucal de Ocampo,Primavera-Verano,Temporal,Papa,139.0,139.0,0.0,1121.73,8.07,5580.0,6259253.4
2022,Chiapas,Motozintla,Porvenir,La Grandeza,Primavera-Verano,Temporal,Papa,30.0,30.0,0.0,247.8,8.26,5581.0,1382971.8
2022,Chiapas,Motozintla,Porvenir,El Porvenir,Primavera-Verano,Temporal,Papa,210.0,210.0,0.0,1730.6,8.24,5512.75,9540359.2
2022,Chiapas,Motozintla,Porvenir,Siltepec,Primavera-Verano,Temporal,Papa,103.0,103.0,0.0,841.51,8.17,5585.0,4699833.35
2022,Chihuahua,Casas Grandes,Nuevo Casas Grandes,Nuevo Casas Grandes,Primavera-Verano,Riego,Papa,172.0,172.0,0.0,6020.0,35.0,10600.0,63812000.0
2022,Chihuahua,Madera,Madera,Madera,Primavera-Verano,Riego,Papa,4.0,4.0,0.0,112.0,28.0,22000.0,2464000.0
2022,Chihuahua,Madera,Soto Máynez,Namiquipa,Primavera-Verano,Riego,Papa,60.0,60.0,0.0,1920.0,32.0,23000.0,44160000.0
2022,Chihuahua,Madera,El Terrero,Namiquipa,Primavera-Verano,Riego,Papa,60.0,60.0,0.0,1980.0,33.0,23000.0,45540000.0
2022,Chihuahua,Papigochi,La Junta,Guerrero,Primavera-Verano,Riego,Papa,460.0,460.0,0.0,15640.0,34.0,18565.22,290360040.8
2022,Chihuahua,Papigochi,Guerrero,Guerrero,Primavera-Verano,Riego,Papa,15.0,15.0,0.0,510.0,34.0,20000.0,10200000.0
2022,Chihuahua,San Juanito,San Juanito,Batopilas,Primavera-Verano,Temporal,Papa,27.0,27.0,0.0,97.2,3.6,23000.0,2235600.0
2022,Chihuahua,San Juanito,San Juanito,Bocoyna,Primavera-Verano,Temporal,Papa,48.0,48.0,0.0,201.6,4.2,22000.0,4435200.0
2022,Chihuahua,San Juanito,San Juanito,Maguarichi,Primavera-Verano,Temporal,Papa,12.5,12.5,0.0,46.0,3.68,23000.0,1058000.0
2022,Chihuahua,San Juanito,San Juanito,Morelos,Primavera-Verano,Temporal,Papa,11.6,11.6,0.0,45.24,3.9,22000.0,995280.0
2022,Chihuahua,San Juanito,Tomochi,Moris,Primavera-Verano,Temporal,Papa,22.8,22.8,0.0,82.08,3.6,23000.0,1887840.0
2022,Chihuahua,San Juanito,Tomochi,Ocampo,Primavera-Verano,Temporal,Papa,22.8,22.8,0.0,82.08,3.6,23000.0,1887840.0
2022,Chihuahua,San Juanito,Tomochi,Uruachi,Primavera-Verano,Temporal,Papa,22.8,22.8,0.0,85.72,3.76,23000.0,1971560.0
2022,Chihuahua,San Juanito,San Rafael,Urique,Primavera-Verano,Temporal,Papa,43.6,43.6,0.0,165.68,3.8,22000.0,3644960.0
2022,Chihuahua,San Juanito,Témoris,Chínipas,Primavera-Verano,Temporal,Papa,21.8,21.8,0.0,84.15,3.86,22000.0,1851300.0
2022,Chihuahua,San Juanito,Témoris,Guazapares,Primavera-Verano,Temporal,Papa,20.8,20.8,0.0,79.46,3.82,22000.0,1748120.0
2022,Chihuahua,Balleza,Balleza,Balleza,Primavera-Verano,Temporal,Papa,52.0,52.0,0.0,260.0,5.0,8200.0,2132000.0
2022,Chihuahua,Balleza,Guachochi,Guachochi,Primavera-Verano,Temporal,Papa,108.0,108.0,0.0,540.0,5.0,8200.0,4428000.0
2022,Chihuahua,Balleza,Guadalupe Y Calvo,Guadalupe Y Calvo,Primavera-Verano,Temporal,Papa,98.0,98.0,0.0,490.0,5.0,9500.0,4655000.0
2022,Ciudad de México,Xochimilco,San Mateo Xalpa,Tlalpan,Primavera-Verano,Temporal,Papa,410.0,410.0,0.0,15356.5,37.45,8556.91,131404188.4
2022,Ciudad de México,Xochimilco,San Antonio Tecómitl,Milpa Alta,Primavera-Verano,Temporal,Papa,300.0,300.0,0.0,10524.0,35.08,9000.0,94716000.0
2022,Durango,El Salto,San Miguel de Cruces,San Dimas,Primavera-Verano,Temporal,Papa,34.0,34.0,0.0,168.9,4.97,8500.0,1435650.0
2022,Durango,El Salto,El Salto,Pueblo Nuevo,Primavera-Verano,Temporal,Papa,28.0,28.0,0.0,132.0,4.71,8400.0,1108800.0
2022,Durango,El Salto,El Salto,Tamazula,Primavera-Verano,Temporal,Papa,34.0,34.0,0.0,165.0,4.85,8500.0,1402500.0
2022,Durango,Santiago Papasquiaro,Tepehuanes,Canelas,Primavera-Verano,Temporal,Papa,40.0,40.0,0.0,923.6,23.09,9500.0,8774200.0
2022,Durango,Santiago Papasquiaro,Tepehuanes,Tepehuanes,Primavera-Verano,Riego,Papa,25.0,25.0,0.0,634.0,25.36,12000.0,7608000.0
2022,Durango,Santiago Papasquiaro,Tepehuanes,Tepehuanes,Primavera-Verano,Temporal,Papa,35.0,35.0,0.0,835.0,23.86,9600.0,8016000.0
2022,Durango,Santiago Papasquiaro,Tepehuanes,Topia,Primavera-Verano,Riego,Papa,20.0,20.0,0.0,498.0,24.9,12000.0,5976000.0
2022,Durango,Santiago Papasquiaro,Tepehuanes,Topia,Primavera-Verano,Temporal,Papa,30.0,30.0,0.0,706.0,23.53,9500.0,6707000.0
2022,Durango,Santiago Papasquiaro,Santiago Papasquiaro,Otáez,Primavera-Verano,Temporal,Papa,75.0,75.0,0.0,1722.0,22.96,10000.0,17220000.0
2022,Durango,Santiago Papasquiaro,Santiago Papasquiaro,Santiago Papasquiaro,Primavera-Verano,Temporal,Papa,60.0,60.0,0.0,1395.0,23.25,10000.0,13950000.0
2022,Guanajuato,León,Leon,León,Otoño-Invierno,Riego,Papa,90.0,90.0,0.0,4230.0,47.0,11000.0,46530000.0
2022,Guanajuato,León,San Francisco del Rincón,Purísima del Rincón,Otoño-Invierno,Riego,Papa,138.0,138.0,0.0,6541.2,47.4,10500.0,68682600.0
2022,Guanajuato,León,San Francisco del Rincón,San Francisco del Rincón,Otoño-Invierno,Riego,Papa,312.0,312.0,0.0,14632.8,46.9,10900.0,159497520.0
2022,Hidalgo,Pachuca,Atotonilco,Omitlán de Juárez,Primavera-Verano,Temporal,Papa,7.5,7.5,0.0,63.0,8.4,7480.0,471240.0
2022,Hidalgo,Pachuca,Apan,Almoloya,Primavera-Verano,Temporal,Papa,14.0,14.0,0.0,240.8,17.2,7500.0,1806000.0
2022,Jalisco,Ciudad Guzmán,Zacoalco de Torres,Amacueca,Primavera-Verano,Temporal,Papa,56.0,56.0,0.0,1866.48,33.33,7600.0,14185248.0
2022,Jalisco,Ciudad Guzmán,Tapalpa,Atemajac de Brizuela,Primavera-Verano,Temporal,Papa,48.0,48.0,0.0,1511.52,31.49,7650.0,11563128.0
2022,Jalisco,Ciudad Guzmán,Tapalpa,Tapalpa,Primavera-Verano,Temporal,Papa,1752.0,1752.0,0.0,57886.08,33.04,7690.83,445192000.7
2022,Jalisco,Ciudad Guzmán,Sayula,San Gabriel,Primavera-Verano,Temporal,Papa,18.5,18.5,0.0,736.49,39.81,7250.0,5339552.5
2022,México,Toluca,Zinacantepec,Zinacantepec,Primavera-Verano,Riego,Papa,151.9,151.9,0.0,4601.05,30.29,7039.23,32387849.19
2022,México,Toluca,Zinacantepec,Zinacantepec,Primavera-Verano,Temporal,Papa,695.8,695.8,0.0,19774.64,28.42,8091.3,160002544.6
2022,México,Toluca,Tenango del Valle,Joquicingo,Primavera-Verano,Temporal,Papa,268.0,268.0,0.0,7112.72,26.54,9293.1,66099218.23
2022,México,Toluca,Tenango del Valle,Tenango del Valle,Primavera-Verano,Temporal,Papa,617.0,617.0,0.0,17812.79,28.87,6553.8,116741463.1
2022,México,Toluca,Toluca,Toluca,Primavera-Verano,Temporal,Papa,27.25,27.25,0.0,578.25,21.22,8681.25,5019932.81
2022,México,Toluca,Santiago Tianguistengo,Capulhuac,Primavera-Verano,Temporal,Papa,64.0,64.0,0.0,1521.92,23.78,8515.62,12960092.39
2022,México,Toluca,Santiago Tianguistengo,Xalatlaco,Primavera-Verano,Temporal,Papa,168.0,168.0,0.0,3400.32,20.24,8737.06,29708799.86
2022,México,Toluca,Santiago Tianguistengo,Tianguistenco,Primavera-Verano,Temporal,Papa,142.0,142.0,0.0,3131.1,22.05,8388.35,26264762.69
2022,México,Toluca,Mexicalzingo,Calimaya,Primavera-Verano,Temporal,Papa,58.0,58.0,0.0,1626.9,28.05,7211.45,11732308.01
2022,México,Texcoco,Chalco,Chalco,Primavera-Verano,Temporal,Papa,20.0,20.0,0.0,526.0,26.3,7207.5,3791145.0
2022,México,Texcoco,Juchitepec,Juchitepec,Primavera-Verano,Temporal,Papa,381.0,381.0,0.0,13681.71,35.91,8036.2,109948957.9
2022,México,Tejupilco,Temascaltepec,Temascaltepec,Otoño-Invierno,Riego,Papa,108.13,108.13,0.0,1989.59,18.4,9351.78,18606207.97
2022,México,Tejupilco,Temascaltepec,Temascaltepec,Primavera-Verano,Temporal,Papa,40.03,40.03,0.0,556.82,13.91,8600.05,4788679.84
2022,México,Atlacomulco,San Felipe del Progreso,San Felipe del Progreso,Primavera-Verano,Temporal,Papa,62.0,62.0,0.0,1860.0,30.0,9000.0,16740000.0
2022,México,Atlacomulco,La Trinidad,San José del Rincón,Primavera-Verano,Temporal,Papa,537.0,537.0,0.0,14606.4,27.2,14209.5,207549640.8
2022,México,Atlacomulco,San Bartolo Morelos,Morelos,Primavera-Verano,Temporal,Papa,14.0,14.0,0.0,317.52,22.68,10000.0,3175200.0
2022,México,Atlacomulco,Jiquipilco,Jiquipilco,Primavera-Verano,Riego,Papa,20.0,20.0,0.0,408.0,20.4,10611.0,4329288.0
2022,México,Atlacomulco,Jiquipilco,Jiquipilco,Primavera-Verano,Temporal,Papa,21.0,21.0,0.0,315.0,15.0,10200.0,3213000.0
2022,México,Coatepec Harinas,Coatepec Harinas,Coatepec Harinas,Otoño-Invierno,Riego,Papa,16.15,16.15,0.0,415.06,25.7,6776.7,2812737.1
2022,México,Coatepec Harinas,Coatepec Harinas,Coatepec Harinas,Primavera-Verano,Riego,Papa,23.69,23.69,0.0,442.53,18.68,6900.0,3053457.0
2022,México,Coatepec Harinas,Coatepec Harinas,Coatepec Harinas,Primavera-Verano,Temporal,Papa,12.4,12.4,0.0,228.53,18.43,5639.56,1288808.65
2022,México,Coatepec Harinas,Ocuilan,Ocuilan,Primavera-Verano,Temporal,Papa,235.67,235.67,0.0,5861.11,24.87,5731.34,33592014.19
2022,México,Valle de Bravo,Valle de Bravo,Valle de Bravo,Otoño-Invierno,Riego,Papa,91.0,91.0,0.0,2836.47,31.17,6480.76,18382481.32
2022,México,Valle de Bravo,Villa Victoria,Villa Victoria,Primavera-Verano,Temporal,Papa,680.0,680.0,0.0,24738.4,36.38,8156.89,201788407.6
2022,México,Valle de Bravo,Villa de Allende,Villa de Allende,Primavera-Verano,Temporal,Papa,451.0,451.0,0.0,16172.86,35.86,7659.2,123871169.3
2022,México,Valle de Bravo,Amanalco,Amanalco,Otoño-Invierno,Riego,Papa,85.75,85.75,0.0,2657.0,30.99,8654.08,22993890.56
2022,México,Valle de Bravo,Amanalco,Amanalco,Primavera-Verano,Temporal,Papa,387.0,387.0,0.0,10538.01,27.23,8032.57,84647302.99
2022,México,Valle de Bravo,Donato Guerra,Donato Guerra,Otoño-Invierno,Riego,Papa,53.0,53.0,0.0,1610.14,30.38,8347.06,13439935.19
2022,México,Valle de Bravo,Donato Guerra,Donato Guerra,Primavera-Verano,Temporal,Papa,83.2,83.2,0.0,2511.81,30.19,8117.01,20388386.89
2022,Michoacán,Uruapan,Ziracuaretiro,Tingambato,Primavera-Verano,Temporal,Papa,145.0,145.0,0.0,3784.5,26.1,9786.96,37038750.12
2022,Michoacán,Uruapan,Paracho,Charapan,Primavera-Verano,Temporal,Papa,185.0,185.0,0.0,5587.0,30.2,9761.43,54537109.41
2022,Michoacán,Uruapan,Paracho,Nahuatzen,Primavera-Verano,Temporal,Papa,165.0,165.0,0.0,4974.75,30.15,9693.81,48224281.3
2022,Michoacán,Zamora,Zamora,Tangamandapio,Primavera-Verano,Temporal,Papa,250.0,250.0,0.0,6030.0,24.12,4818.87,29057786.1
2022,Michoacán,Zamora,Zamora,Zamora,Otoño-Invierno,Riego,Papa,72.0,72.0,0.0,1908.0,26.5,9500.0,18126000.0
2022,Michoacán,Zamora,Tangancícuaro,Chilchota,Primavera-Verano,Temporal,Papa,23.5,23.5,0.0,944.7,40.2,7021.28,6633003.22
2022,Michoacán,Zamora,Tangancícuaro,Tangancícuaro,Otoño-Invierno,Riego,Papa,32.0,32.0,0.0,752.0,23.5,7521.88,5656453.76
2022,Michoacán,Zamora,Tangancícuaro,Tangancícuaro,Primavera-Verano,Temporal,Papa,1125.0,1125.0,0.0,37113.75,32.99,6103.79,226534536.1
2022,Michoacán,Zamora,Reyes Los,Los Reyes,Primavera-Verano,Temporal,Papa,85.0,85.0,0.0,2435.25,28.65,6331.47,15418712.32
2022,Michoacán,La Piedad,Zacapu,Zacapu,Primavera-Verano,Temporal,Papa,25.0,25.0,0.0,434.0,17.36,8200.0,3558800.0
2022,Michoacán,Pátzcuaro,Quiroga,Erongarícuaro,Primavera-Verano,Temporal,Papa,120.0,120.0,0.0,3444.0,28.7,7510.8,25867195.2
2022,Morelos,Zacatepec-Galeana,Yautepec,Huitzilac,Primavera-Verano,Temporal,Papa,95.0,95.0,0.0,2278.1,23.98,5723.66,13039069.85
2022,Nuevo León,Galeana,Galeana,Galeana,Primavera-Verano,Riego,Papa,268.0,268.0,0.0,9430.0,35.19,16904.56,159410000.0
2022,Nuevo León,Galeana,San Rafael,Galeana,Primavera-Verano,Riego,Papa,1501.0,1501.0,0.0,60640.4,40.4,11892.65,721175053.1
2022,Nuevo León,Galeana,El Potosí,Galeana,Primavera-Verano,Riego,Papa,835.0,835.0,0.0,29392.0,35.2,13963.17,410405492.6
2022,Nuevo León,Galeana,Aramberri,Aramberri,Primavera-Verano,Riego,Papa,530.0,530.0,0.0,23850.0,45.0,10524.53,251010040.5
2022,Nuevo León,Galeana,Doctor Arroyo,Doctor Arroyo,Primavera-Verano,Riego,Papa,80.0,80.0,0.0,3520.0,44.0,10800.0,38016000.0
2022,Oaxaca,Sierra Juárez,Ixtlán,San Miguel Amatlán,Primavera-Verano,Temporal,Papa,33.5,33.5,0.0,337.68,10.08,4670.55,1577151.32
2022,Oaxaca,Sierra Juárez,Ayutla/Mixe,Tamazulápam del Espíritu Santo,Primavera-Verano,Temporal,Papa,20.5,20.5,0.0,201.31,9.82,4879.94,982380.72
2022,Oaxaca,Sierra Juárez,Ayutla/Mixe,San Pedro Y San Pablo Ayutla,Primavera-Verano,Temporal,Papa,8.1,8.1,0.0,82.13,10.14,4706.69,386560.45
2022,Oaxaca,Sierra Juárez,Ayutla/Mixe,Santa María Tlahuitoltepec,Primavera-Verano,Temporal,Papa,23.0,23.0,0.0,220.8,9.6,4744.89,1047671.71
2022,Oaxaca,Sierra Juárez,Ayutla/Mixe,Totontepec Villa de Morelos,Primavera-Verano,Temporal,Papa,18.0,18.0,0.0,171.18,9.51,4804.93,822507.92
2022,Puebla,Zacatlán,Zacatlán,Aquixtla,Otoño-Invierno,Riego,Papa,20.0,20.0,0.0,177.0,8.85,4258.19,753699.63
2022,Puebla,Zacatlán,Zacatlán,Aquixtla,Otoño-Invierno,Temporal,Papa,20.0,20.0,0.0,147.5,7.38,4315.08,636474.3
2022,Puebla,Zacatlán,Zacatlán,Aquixtla,Primavera-Verano,Temporal,Papa,27.55,27.55,0.0,207.37,7.53,8254.53,1711741.91
2022,Puebla,Zacatlán,Zacatlán,Chignahuapan,Otoño-Invierno,Riego,Papa,8.0,8.0,0.0,71.36,8.92,4357.96,310984.03
2022,Puebla,Zacatlán,Zacatlán,Chignahuapan,Otoño-Invierno,Temporal,Papa,10.0,10.0,0.0,76.85,7.69,4300.0,330455.0
2022,Puebla,Zacatlán,Zacatlán,Chignahuapan,Primavera-Verano,Riego,Papa,5.87,5.87,0.0,58.99,10.05,8100.0,477819.0
2022,Puebla,Zacatlán,Zacatlán,Ixtacamaxtitlán,Otoño-Invierno,Riego,Papa,24.5,24.5,0.0,222.95,9.1,4265.46,950984.31
2022,Puebla,Zacatlán,Zacatlán,Ixtacamaxtitlán,Otoño-Invierno,Temporal,Papa,27.0,27.0,0.0,200.2,7.41,4309.29,862719.86
2022,Puebla,Zacatlán,Zacatlán,Ixtacamaxtitlán,Primavera-Verano,Riego,Papa,52.35,52.35,0.0,716.67,13.69,8000.0,5733360.0
2022,Puebla,Zacatlán,Zacatlán,Ixtacamaxtitlán,Primavera-Verano,Temporal,Papa,129.35,129.35,0.0,924.28,7.15,7410.45,6849327.06
2022,Puebla,Zacatlán,Zacatlán,Tetela de Ocampo,Otoño-Invierno,Riego,Papa,16.5,16.5,0.0,150.15,9.1,4242.72,637044.41
2022,Puebla,Zacatlán,Zacatlán,Tetela de Ocampo,Otoño-Invierno,Temporal,Papa,17.0,17.0,0.0,126.3,7.43,4309.62,544305.01
2022,Puebla,Zacatlán,Zacatlán,Tetela de Ocampo,Primavera-Verano,Riego,Papa,14.87,14.87,0.0,176.51,11.87,8100.0,1429731.0
2022,Puebla,Zacatlán,Zacatlán,Tetela de Ocampo,Primavera-Verano,Temporal,Papa,17.29,17.29,0.0,126.77,7.33,7299.83,925399.73
2022,Puebla,Zacatlán,Zacatlán,Zacatlán,Otoño-Invierno,Riego,Papa,13.0,13.0,0.0,119.67,9.21,4246.13,508134.38
2022,Puebla,Zacatlán,Zacatlán,Zacatlán,Otoño-Invierno,Temporal,Papa,13.0,13.0,0.0,102.5,7.88,4331.71,444000.28
2022,Puebla,Zacatlán,Zacatlán,Zacatlán,Primavera-Verano,Riego,Papa,16.37,16.37,0.0,232.78,14.22,8100.0,1885518.0
2022,Puebla,Zacatlán,Zacatlán,Zacatlán,Primavera-Verano,Temporal,Papa,13.82,13.82,0.0,173.3,12.54,8550.0,1481715.0
2022,Puebla,Teziutlán,Zacapoaxtla,Nauzontla,Otoño-Invierno,Temporal,Papa,13.0,13.0,0.0,257.01,19.77,5500.0,1413555.0
2022,Puebla,Teziutlán,Zacapoaxtla,Nauzontla,Primavera-Verano,Temporal,Papa,65.0,65.0,0.0,1099.8,16.92,8299.05,9127295.19
2022,Puebla,Teziutlán,Zacapoaxtla,Zacapoaxtla,Otoño-Invierno,Riego,Papa,13.0,13.0,0.0,317.0,24.38,9870.0,3128790.0
2022,Puebla,Teziutlán,Zacapoaxtla,Zacapoaxtla,Otoño-Invierno,Temporal,Papa,41.0,41.0,0.0,849.93,20.73,5500.0,4674615.0
2022,Puebla,Teziutlán,Zacapoaxtla,Zacapoaxtla,Primavera-Verano,Riego,Papa,40.0,40.0,0.0,1024.0,25.6,8014.75,8207104.0
2022,Puebla,Teziutlán,Zacapoaxtla,Zacapoaxtla,Primavera-Verano,Temporal,Papa,780.0,780.0,0.0,13587.6,17.42,8397.28,114098881.7
2022,Puebla,Teziutlán,Tlatlauquitepec,Atempan,Otoño-Invierno,Riego,Papa,14.0,14.0,0.0,320.0,22.86,4300.0,1376000.0
2022,Puebla,Teziutlán,Tlatlauquitepec,Atempan,Otoño-Invierno,Temporal,Papa,42.0,42.0,0.0,940.0,22.38,5636.35,5298169.0
2022,Puebla,Teziutlán,Tlatlauquitepec,Chignautla,Primavera-Verano,Temporal,Papa,28.0,28.0,0.0,683.76,24.42,9880.22,6755699.23
2022,Puebla,Teziutlán,Tlatlauquitepec,Hueyapan,Otoño-Invierno,Temporal,Papa,30.0,30.0,0.0,672.0,22.4,5268.36,3540337.92
2022,Puebla,Teziutlán,Tlatlauquitepec,Teteles de Avila Castillo,Otoño-Invierno,Riego,Papa,7.0,7.0,0.0,199.01,28.43,4300.0,855743.0
2022,Puebla,Teziutlán,Tlatlauquitepec,Teteles de Avila Castillo,Otoño-Invierno,Temporal,Papa,16.0,16.0,0.0,335.0,20.94,6501.1,2177868.5
2022,Puebla,Teziutlán,Tlatlauquitepec,Tlatlauquitepec,Otoño-Invierno,Riego,Papa,74.0,74.0,0.0,1732.0,23.41,4300.0,7447600.0
2022,Puebla,Teziutlán,Tlatlauquitepec,Tlatlauquitepec,Otoño-Invierno,Temporal,Papa,277.0,277.0,0.0,6637.0,23.96,5283.17,35064399.29
2022,Puebla,Teziutlán,Tlatlauquitepec,Tlatlauquitepec,Primavera-Verano,Riego,Papa,390.0,390.0,0.0,11645.4,29.86,8950.85,104236228.6
2022,Puebla,Teziutlán,Tlatlauquitepec,Tlatlauquitepec,Primavera-Verano,Temporal,Papa,1002.5,1002.5,0.0,24260.5,24.2,9559.69,231922859.3
2022,Puebla,Teziutlán,Tlatlauquitepec,Yaonáhuac,Otoño-Invierno,Temporal,Papa,10.0,10.0,0.0,210.0,21.0,6911.66,1451448.6
2022,Puebla,Teziutlán,Tlatlauquitepec,Zaragoza,Primavera-Verano,Riego,Papa,43.0,43.0,0.0,1283.98,29.86,9004.18,11561187.04
2022,Puebla,Teziutlán,Tlatlauquitepec,Zaragoza,Primavera-Verano,Temporal,Papa,75.0,75.0,0.0,1837.5,24.5,9509.52,17473743.0
2022,Puebla,Libres,Libres,Cuyoaco,Primavera-Verano,Riego,Papa,10.0,10.0,0.0,254.0,25.4,5709.0,1450086.0
2022,Puebla,Libres,Libres,Libres,Primavera-Verano,Riego,Papa,25.0,25.0,0.0,609.0,24.36,5676.0,3456684.0
2022,Puebla,Libres,Libres,Oriental,Primavera-Verano,Riego,Papa,10.0,10.0,0.0,224.0,22.4,5580.0,1249920.0
2022,Puebla,Libres,Guadalupe Victoria,Chichiquila,Primavera-Verano,Temporal,Papa,200.0,200.0,0.0,4090.0,20.45,9722.49,39764984.1
2022,Puebla,Libres,Guadalupe Victoria,Chilchotla,Otoño-Invierno,Temporal,Papa,18.0,18.0,0.0,452.56,25.14,7680.0,3475660.8
2022,Puebla,Libres,Guadalupe Victoria,Chilchotla,Primavera-Verano,Temporal,Papa,310.0,310.0,0.0,6258.9,20.19,9980.51,62467014.04
2022,Puebla,Libres,Guadalupe Victoria,Guadalupe Victoria,Primavera-Verano,Riego,Papa,345.0,345.0,0.0,10077.45,29.21,9870.0,99464431.5
2022,Puebla,Libres,Guadalupe Victoria,Guadalupe Victoria,Primavera-Verano,Temporal,Papa,150.0,150.0,0.0,3067.5,20.45,5648.89,17327970.08
2022,Puebla,Libres,Guadalupe Victoria,Lafragua,Primavera-Verano,Riego,Papa,8.0,8.0,0.0,208.64,26.08,9750.0,2034240.0
2022,Puebla,Libres,Guadalupe Victoria,Lafragua,Primavera-Verano,Temporal,Papa,110.0,110.0,0.0,2180.2,19.82,9695.37,21137845.67
2022,Puebla,Libres,Guadalupe Victoria,Quimixtlán,Otoño-Invierno,Temporal,Papa,49.0,49.0,0.0,1208.0,24.65,7564.0,9137312.0
2022,Puebla,Libres,Guadalupe Victoria,Quimixtlán,Primavera-Verano,Temporal,Papa,140.0,140.0,0.0,2969.4,21.21,10131.78,30085307.53
2022,Puebla,Libres,Ciudad Serdán,Atzitzintla,Otoño-Invierno,Temporal,Papa,5.0,5.0,0.0,116.8,23.36,7860.0,918048.0
2022,Puebla,Libres,Ciudad Serdán,San Nicolás Buenos Aires,Otoño-Invierno,Riego,Papa,8.0,8.0,0.0,207.89,25.99,9548.71,1985081.32
2022,Puebla,Libres,Ciudad Serdán,San Nicolás Buenos Aires,Primavera-Verano,Riego,Papa,95.0,95.0,0.0,2264.8,23.84,9450.0,21402360.0
2022,Puebla,Cholula,Texmelucan,Tlahuapan,Primavera-Verano,Temporal,Papa,15.6,15.6,0.0,399.98,25.64,10990.0,4395780.2
2022,San Luis Potosí,Matehuala,Villa de Guadalupe,Villa de Guadalupe,Primavera-Verano,Riego,Papa,30.0,30.0,0.0,765.0,25.5,11500.0,8797500.0
2022,Sinaloa,Los Mochis,El Fuerte,El Fuerte,Otoño-Invierno,Riego,Papa,15.0,15.0,0.0,489.56,32.64,9000.0,4406040.0
2022,Sinaloa,Los Mochis,El Carrizo,Ahome,Otoño-Invierno,Riego,Papa,110.0,110.0,0.0,3613.0,32.85,8490.06,30674586.78
2022,Sinaloa,Los Mochis,San Blas,El Fuerte,Otoño-Invierno,Riego,Papa,918.42,918.42,0.0,30307.86,33.0,9303.11,281957355.4
2022,Sinaloa,Los Mochis,Higueras de Zar,Ahome,Otoño-Invierno,Riego,Papa,97.3,97.3,0.0,3231.33,33.21,9000.0,29081970.0
2022,Sinaloa,Los Mochis,Ahome,Ahome,Otoño-Invierno,Riego,Papa,554.0,554.0,0.0,18136.28,32.74,8502.6,154205534.3
2022,Sinaloa,Los Mochis,Los Mochis,Ahome,Otoño-Invierno,Riego,Papa,5558.78,5558.78,0.0,186775.0,33.6,8164.8,1524980520.0
2022,Sinaloa,Los Mochis,Ruíz Cortinez,Guasave,Otoño-Invierno,Riego,Papa,2198.54,2198.54,0.0,70573.13,32.1,8285.34,584722376.9
2022,Sinaloa,Los Mochis,Ruíz Cortinez,Sinaloa,Otoño-Invierno,Riego,Papa,1544.17,1544.17,0.0,49598.74,32.12,9770.33,484596057.4
2022,Sinaloa,Guasave,La Trinidad,Guasave,Otoño-Invierno,Riego,Papa,29.0,29.0,0.0,1174.5,40.5,7000.0,8221500.0
2022,Sinaloa,Guasave,La Trinidad,Sinaloa,Otoño-Invierno,Riego,Papa,53.16,53.16,0.0,2232.72,42.0,6500.0,14512680.0
2022,Sinaloa,Guasave,El Burrión,Guasave,Otoño-Invierno,Riego,Papa,886.75,886.75,0.0,37500.66,42.29,6500.0,243754290.0
2022,Sinaloa,Guasave,Petatlán,Guasave,Otoño-Invierno,Riego,Papa,10.0,10.0,0.0,290.0,29.0,7600.0,2204000.0
2022,Sonora,Caborca,Caborca,Caborca,Primavera-Verano,Riego,Papa,1507.0,1507.0,0.0,65192.82,43.26,8072.57,526273603.0
2022,Sonora,Caborca,Caborca,Pitiquito,Primavera-Verano,Riego,Papa,150.0,150.0,0.0,6289.5,41.93,7950.0,50001525.0
2022,Sonora,Caborca,Atil,Altar,Primavera-Verano,Riego,Papa,2700.0,2700.0,0.0,113508.0,42.04,8250.0,936441000.0
2022,Sonora,Magdalena,Magdalena,Magdalena,Primavera-Verano,Riego,Papa,158.0,158.0,0.0,6975.7,44.15,11500.0,80220550.0
2022,Sonora,Magdalena,Santa Ana,Benjamín Hill,Primavera-Verano,Riego,Papa,54.0,54.0,0.0,2430.0,45.0,11500.0,27945000.0
2022,Sonora,Magdalena,Santa Ana,Trincheras,Primavera-Verano,Riego,Papa,402.0,402.0,0.0,17893.02,44.51,12000.0,214716240.0
2022,Sonora,Agua Prieta,Cananea,Cananea,Primavera-Verano,Riego,Papa,6.0,6.0,0.0,180.0,30.0,13000.0,2340000.0
2022,Sonora,Hermosillo,Carbó,Hermosillo,Primavera-Verano,Riego,Papa,10.0,10.0,0.0,450.0,45.0,8500.0,3825000.0
2022,Sonora,Sahuaripa,Yécora,Yécora,Primavera-Verano,Temporal,Papa,5.0,5.0,0.0,47.5,9.5,9200.0,437000.0
2022,Sonora,Guaymas,Guaymas D.D.R.,Guaymas,Otoño-Invierno,Riego,Papa,55.0,55.0,0.0,1787.5,32.5,7659.44,13691249.0
2022,Sonora,Cajeme,Cd. Obregón,Cajeme,Otoño-Invierno,Riego,Papa,2360.0,2360.0,0.0,80240.0,34.0,7546.95,605567268.0
2022,Sonora,Cajeme,Villa Juárez,Cajeme,Otoño-Invierno,Riego,Papa,50.0,50.0,0.0,1675.0,33.5,7698.21,12894501.75
2022,Sonora,Cajeme,Villa Juárez,Etchojoa,Otoño-Invierno,Riego,Papa,270.0,270.0,0.0,8910.0,33.0,7437.54,66268481.4
2022,Sonora,Cajeme,Villa Juárez,Navojoa,Otoño-Invierno,Riego,Papa,130.0,130.0,0.0,4030.0,31.0,7883.13,31769013.9
2022,Sonora,Cajeme,Villa Juárez,Benito Juárez,Otoño-Invierno,Riego,Papa,900.0,900.0,0.0,29700.0,33.0,7735.35,229739895.0
2022,Sonora,Cajeme,Bácum,Bácum,Otoño-Invierno,Riego,Papa,267.0,267.0,0.0,9612.0,36.0,7476.47,71863829.64
2022,Sonora,Cajeme,Bácum,Cajeme,Otoño-Invierno,Riego,Papa,300.0,300.0,0.0,9750.0,32.5,7791.74,75969465.0
2022,Sonora,Cajeme,Pueblo Yaqui,Bácum,Otoño-Invierno,Riego,Papa,486.0,486.0,0.0,16524.0,34.0,7543.89,124655238.4
2022,Sonora,Cajeme,Pueblo Yaqui,Cajeme,Otoño-Invierno,Riego,Papa,1350.0,1350.0,0.0,45630.0,33.8,7481.18,341366243.4
2022,Sonora,Navojoa,Navojoa,Navojoa,Otoño-Invierno,Riego,Papa,1280.0,1280.0,0.0,38784.0,30.3,7935.74,307779740.2
2022,Sonora,Navojoa,Etchojoa,Etchojoa,Otoño-Invierno,Riego,Papa,565.0,565.0,0.0,17515.0,31.0,8129.97,142396424.6
2022,Sonora,Navojoa,Huatabampo,Huatabampo,Otoño-Invierno,Riego,Papa,1820.0,1820.0,0.0,56420.0,31.0,7998.99,451303015.8
2022,Tamaulipas,Jaumave,Tula,Tula,Otoño-Invierno,Riego,Papa,20.0,20.0,0.0,440.0,22.0,6890.0,3031600.0
2022,Tamaulipas,Jaumave,Tula,Tula,Primavera-Verano,Riego,Papa,30.1,30.1,0.0,972.23,32.3,17201.14,16723464.34
2022,Tlaxcala,Calpulalpan,Calpulalpan,Sanctórum de Lázaro Cárdenas,Primavera-Verano,Temporal,Papa,36.0,36.0,0.0,673.2,18.7,4490.0,3022668.0
2022,Tlaxcala,Calpulalpan,Calpulalpan,Nanacamilpa de Mariano Arista,Primavera-Verano,Temporal,Papa,41.0,41.0,0.0,762.6,18.6,4550.0,3469830.0
2022,Tlaxcala,Calpulalpan,Hueyotlipan,Españita,Primavera-Verano,Temporal,Papa,41.0,41.0,0.0,750.3,18.3,4252.68,3190785.8
2022,Tlaxcala,Calpulalpan,Hueyotlipan,Hueyotlipan,Primavera-Verano,Temporal,Papa,52.0,52.0,0.0,956.8,18.4,4485.0,4291248.0
2022,Tlaxcala,Calpulalpan,Tlaxco,Atlangatepec,Primavera-Verano,Temporal,Papa,23.0,23.0,0.0,423.2,18.4,4684.78,1982598.9
2022,Tlaxcala,Calpulalpan,Tlaxco,Tlaxco,Primavera-Verano,Temporal,Papa,220.0,220.0,0.0,4048.0,18.4,4442.5,17983240.0
2022,Tlaxcala,Huamantla,Huamantla,Huamantla,Primavera-Verano,Riego,Papa,8.0,8.0,0.0,292.0,36.5,4228.0,1234576.0
2022,Tlaxcala,Huamantla,Cuapiaxtla,Atltzayanca,Primavera-Verano,Riego,Papa,4.0,4.0,0.0,147.2,36.8,4135.0,608672.0
2022,Tlaxcala,Huamantla,Cuapiaxtla,Atltzayanca,Primavera-Verano,Temporal,Papa,19.0,19.0,0.0,338.2,17.8,4200.0,1420440.0
2022,Tlaxcala,Huamantla,Cuapiaxtla,Cuapiaxtla,Primavera-Verano,Riego,Papa,14.0,14.0,0.0,477.1,34.08,4176.0,1992369.6
2022,Tlaxcala,Huamantla,Teometitlán/Velazco,Terrenate,Primavera-Verano,Temporal,Papa,37.0,37.0,0.0,638.25,17.25,4995.0,3188058.75
2022,Tlaxcala,Huamantla,Teometitlán/Velazco,Emiliano Zapata,Primavera-Verano,Temporal,Papa,21.0,21.0,0.0,362.25,17.25,4120.0,1492470.0
2022,Veracruz,Huayacocotla,Huayacocotla,Huayacocotla,Primavera-Verano,Temporal,Papa,20.0,20.0,0.0,180.0,9.0,7650.0,1377000.0
2022,Veracruz,Martínez de la Torre,Martínez de La Torre,Atzalan,Otoño-Invierno,Temporal,Papa,78.5,78.5,0.0,1861.24,23.71,8800.0,16378912.0
2022,Veracruz,Coatepec,Coatepec,Coatepec,Otoño-Invierno,Temporal,Papa,72.0,72.0,0.0,1116.0,15.5,9250.0,10323000.0
2022,Veracruz,Coatepec,Coatepec,Xico,Otoño-Invierno,Temporal,Papa,94.0,94.0,0.0,1381.8,14.7,7900.0,10916220.0
2022,Veracruz,Coatepec,Coatepec,Xico,Primavera-Verano,Temporal,Papa,55.0,55.0,0.0,715.0,13.0,8663.64,6194502.6
2022,Veracruz,Coatepec,Coatepec,Tlalnelhuayocan,Otoño-Invierno,Temporal,Papa,85.0,85.0,0.0,1173.0,13.8,8000.0,9384000.0
2022,Veracruz,Coatepec,Perote,Altotonga,Primavera-Verano,Riego,Papa,350.0,350.0,0.0,14875.0,42.5,9025.43,134253271.3
2022,Veracruz,Coatepec,Perote,Altotonga,Primavera-Verano,Temporal,Papa,60.0,60.0,0.0,1710.0,28.5,8918.33,15250344.3
2022,Veracruz,Coatepec,Perote,Ayahualulco,Otoño-Invierno,Temporal,Papa,35.0,35.0,0.0,595.0,17.0,7200.0,4284000.0
2022,Veracruz,Coatepec,Perote,Ayahualulco,Primavera-Verano,Temporal,Papa,578.0,578.0,0.0,17051.0,29.5,8843.95,150798191.5
2022,Veracruz,Coatepec,Perote,Ixhuacán de Los Reyes,Otoño-Invierno,Temporal,Papa,45.0,45.0,0.0,677.25,15.05,7200.0,4876200.0
2022,Veracruz,Coatepec,Perote,Jalacingo,Primavera-Verano,Riego,Papa,845.0,845.0,0.0,37180.0,44.0,8875.86,330004474.8
2022,Veracruz,Coatepec,Perote,Jalacingo,Primavera-Verano,Temporal,Papa,467.0,467.0,0.0,14477.0,31.0,9000.0,130293000.0
2022,Veracruz,Coatepec,Perote,Perote,Otoño-Invierno,Temporal,Papa,80.0,80.0,0.0,1282.4,16.03,7250.0,9297400.0
2022,Veracruz,Coatepec,Perote,Perote,Primavera-Verano,Riego,Papa,565.0,565.0,0.0,23730.0,42.0,8967.26,212793079.8
2022,Veracruz,Coatepec,Perote,Perote,Primavera-Verano,Temporal,Papa,170.0,170.0,0.0,5185.0,30.5,9000.0,46665000.0
2022,Veracruz,Coatepec,Perote,Las Vigas de Ramírez,Primavera-Verano,Temporal,Papa,85.0,85.0,0.0,2550.0,30.0,8617.65,21975007.5
2022,Veracruz,Coatepec,Perote,Villa Aldama,Primavera-Verano,Riego,Papa,156.0,156.0,0.0,6272.76,40.21,8900.0,55827564.0
2022,Veracruz,Coatepec,Perote,Villa Aldama,Primavera-Verano,Temporal,Papa,154.0,154.0,0.0,4466.0,29.0,8900.0,39747400.0
2022,Veracruz,Coatepec,Naolinco,Acajete,Otoño-Invierno,Temporal,Papa,22.0,22.0,0.0,233.42,10.61,7000.0,1633940.0
2022,Veracruz,Coatepec,Naolinco,Coacoatzintla,Otoño-Invierno,Temporal,Papa,75.0,75.0,0.0,900.75,12.01,7300.0,6575475.0
2022,Veracruz,Coatepec,Naolinco,Miahuatlán,Otoño-Invierno,Temporal,Papa,18.0,18.0,0.0,180.36,10.02,7500.0,1352700.0
2022,Veracruz,Coatepec,Naolinco,Naolinco,Otoño-Invierno,Temporal,Papa,32.0,32.0,0.0,304.32,9.51,7100.0,2160672.0
2022,Veracruz,Coatepec,Naolinco,Rafael Lucio,Otoño-Invierno,Temporal,Papa,71.0,71.0,0.0,710.71,10.01,7400.0,5259254.0
2022,Veracruz,Coatepec,Naolinco,Tlacolulan,Otoño-Invierno,Temporal,Papa,15.0,15.0,0.0,165.3,11.02,7500.0,1239750.0
2022,Veracruz,Coatepec,Naolinco,Tonayán,Otoño-Invierno,Temporal,Papa,40.0,40.0,0.0,480.8,12.02,7500.0,3606000.0
2022,Veracruz,Fortín,Acultzingo,Mariano Escobedo,Otoño-Invierno,Temporal,Papa,348.0,348.0,0.0,3525.24,10.13,7283.7,25676790.59
2022,Veracruz,Fortín,Acultzingo,Mariano Escobedo,Primavera-Verano,Temporal,Papa,291.0,291.0,0.0,3355.23,11.53,7640.5,25635634.82
2022,Veracruz,Fortín,Acultzingo,La Perla,Otoño-Invierno,Temporal,Papa,332.0,332.0,0.0,3363.16,10.13,7822.34,26307780.99
2022,Veracruz,Fortín,Acultzingo,La Perla,Primavera-Verano,Temporal,Papa,392.0,392.0,0.0,4315.92,11.01,7646.5,33001682.28
2022,Veracruz,Fortín,Huatusco,Alpatláhuac,Otoño-Invierno,Temporal,Papa,105.5,105.5,0.0,970.6,9.2,6821.29,6620744.07
2022,Veracruz,Fortín,Huatusco,Alpatláhuac,Primavera-Verano,Temporal,Papa,54.0,54.0,0.0,535.68,9.92,7645.2,4095380.74
2022,Veracruz,Fortín,Huatusco,Calcahualco,Otoño-Invierno,Temporal,Papa,141.5,141.5,0.0,1301.8,9.2,7042.92,9168473.26
2022,Veracruz,Fortín,Huatusco,Calcahualco,Primavera-Verano,Temporal,Papa,63.0,63.0,0.0,631.89,10.03,7648.15,4832789.5
2022,Veracruz,Fortín,Huatusco,Coscomatepec,Otoño-Invierno,Temporal,Papa,342.8,342.8,0.0,3187.19,9.3,7009.94,22342010.67
2022,Veracruz,Fortín,Huatusco,Coscomatepec,Primavera-Verano,Temporal,Papa,79.0,79.0,0.0,807.38,10.22,7645.5,6172823.79
2022,Zacatecas,Zacatecas,Calera,Guadalupe,Primavera-Verano,Riego,Papa,165.0,165.0,0.0,7425.0,45.0,8500.0,63112500.0
2022,Zacatecas,Zacatecas,Villa de Cos,Pánuco,Primavera-Verano,Riego,Papa,237.67,237.67,0.0,10604.84,44.62,7102.67,75322678.92
2022,Zacatecas,Zacatecas,Villa de Cos,Villa de Cos,Primavera-Verano,Riego,Papa,390.1,390.1,0.0,16626.06,42.62,7206.68,119818694.1
2023,Baja California Sur,Comondú,Comondú,Comondú,Otoño-Invierno,Riego,Papa,1600.0,1600.0,0.0,46560.0,29.1,6226.03,289883956.8
2023,Baja California Sur,Comondú,Comondú,Comondú,Primavera-Verano,Riego,Papa,835.0,835.0,0.0,26928.75,32.25,6062.19,163247198.96
2023,Coahuila,Frontera,Ocampo,Ocampo,Primavera-Verano,Riego,Papa,142.0,142.0,0.0,5760.94,40.57,13500.0,77772690.0
2023,Coahuila,Saltillo,Arteaga,Arteaga,Primavera-Verano,Riego,Papa,120.0,120.0,0.0,3720.0,31.0,14800.0,55056000.0
2023,Coahuila,Saltillo,Agua Nueva,Saltillo,Primavera-Verano,Riego,Papa,15.0,15.0,0.0,480.0,32.0,14800.0,7104000.0
2023,Chiapas,San Cristóbal de las Casas,San Cristóbal de Las Casas,Chamula,Primavera-Verano,Temporal,Papa,394.2,394.2,0.0,7174.44,18.2,9300.0,66722292.0
2023,Chiapas,San Cristóbal de las Casas,San Cristóbal de Las Casas,Larráinzar,Primavera-Verano,Temporal,Papa,321.2,321.2,0.0,5794.45,18.04,9305.0,53917357.25
2023,Chiapas,San Cristóbal de las Casas,San Cristóbal de Las Casas,San Cristóbal de Las Casas,Otoño-Invierno,Riego,Papa,217.7,217.7,0.0,5144.25,23.63,9469.23,48712086.43
2023,Chiapas,San Cristóbal de las Casas,San Cristóbal de Las Casas,San Cristóbal de Las Casas,Primavera-Verano,Temporal,Papa,315.2,315.2,0.0,5787.07,18.36,9350.0,54109104.5
2023,Chiapas,San Cristóbal de las Casas,San Cristóbal de Las Casas,Teopisca,Primavera-Verano,Temporal,Papa,19.9,19.9,0.0,353.62,17.77,9320.0,3295738.4
2023,Chiapas,San Cristóbal de las Casas,San Cristóbal de Las Casas,Zinacantán,Primavera-Verano,Temporal,Papa,42.5,42.5,0.0,781.58,18.39,9330.0,7292141.4
2023,Chiapas,San Cristóbal de las Casas,Chenalhó,Chenalhó,Otoño-Invierno,Riego,Papa,37.0,37.0,0.0,818.44,22.12,9523.62,7794511.55
2023,Chiapas,Motozintla,Amatenango/Motozintla,Motozintla,Primavera-Verano,Temporal,Papa,92.0,92.0,0.0,749.8,8.15,5566.0,4173386.8
2023,Chiapas,Motozintla,Porvenir,Bejucal de Ocampo,Primavera-Verano,Temporal,Papa,136.0,136.0,0.0,1074.4,7.9,5570.0,5984408.0
2023,Chiapas,Motozintla,Porvenir,La Grandeza,Primavera-Verano,Temporal,Papa,29.0,29.0,0.0,237.22,8.18,5560.0,1318943.2
2023,Chiapas,Motozintla,Porvenir,El Porvenir,Primavera-Verano,Temporal,Papa,196.5,196.5,0.0,1580.59,8.04,5507.65,8705333.45
2023,Chiapas,Motozintla,Porvenir,Siltepec,Primavera-Verano,Temporal,Papa,101.0,101.0,0.0,819.11,8.11,5549.0,4545241.39
2023,Chihuahua,Casas Grandes,Nuevo Casas Grandes,Nuevo Casas Grandes,Primavera-Verano,Riego,Papa,120.0,120.0,0.0,4200.0,35.0,8400.0,35280000.0
2023,Chihuahua,Casas Grandes,Janos,Janos,Primavera-Verano,Riego,Papa,360.0,360.0,0.0,11001.6,30.56,8600.0,94613760.0
2023,Chihuahua,Casas Grandes,Ascensión,Ascensión,Primavera-Verano,Riego,Papa,60.0,60.0,0.0,1900.2,31.67,8183.32,15549944.66
2023,Chihuahua,Madera,Madera,Madera,Primavera-Verano,Riego,Papa,6.0,6.0,0.0,192.0,32.0,18000.0,3456000.0
2023,Chihuahua,Madera,Soto Máynez,Namiquipa,Primavera-Verano,Riego,Papa,70.0,70.0,0.0,2520.0,36.0,18000.0,45360000.0
2023,Chihuahua,Madera,El Terrero,Namiquipa,Primavera-Verano,Riego,Papa,85.0,85.0,0.0,3230.0,38.0,18000.0,58140000.0
2023,Chihuahua,Papigochi,La Junta,Guerrero,Primavera-Verano,Riego,Papa,530.0,530.0,0.0,20140.0,38.0,18296.02,368481842.8
2023,Chihuahua,Papigochi,Guerrero,Guerrero,Primavera-Verano,Riego,Papa,35.0,35.0,0.0,1330.0,38.0,18000.0,23940000.0
2023,Chihuahua,San Juanito,San Juanito,Batopilas,Primavera-Verano,Temporal,Papa,30.0,20.0,10.0,74.0,3.7,21000.0,1554000.0
2023,Chihuahua,San Juanito,San Juanito,Bocoyna,Primavera-Verano,Temporal,Papa,40.0,28.0,12.0,120.4,4.3,21000.0,2528400.0
2023,Chihuahua,San Juanito,San Juanito,Maguarichi,Primavera-Verano,Temporal,Papa,15.0,10.0,5.0,35.0,3.5,21000.0,735000.0
2023,Chihuahua,San Juanito,San Juanito,Morelos,Primavera-Verano,Temporal,Papa,13.0,7.0,6.0,25.97,3.71,21000.0,545370.0
2023,Chihuahua,San Juanito,Tomochi,Moris,Primavera-Verano,Temporal,Papa,24.0,14.0,10.0,47.88,3.42,21000.0,1005480.0
2023,Chihuahua,San Juanito,Tomochi,Ocampo,Primavera-Verano,Temporal,Papa,34.0,19.0,15.0,60.8,3.2,21000.0,1276800.0
2023,Chihuahua,San Juanito,Tomochi,Uruachi,Primavera-Verano,Temporal,Papa,25.0,15.0,10.0,53.55,3.57,21000.0,1124550.0
2023,Chihuahua,San Juanito,San Rafael,Urique,Primavera-Verano,Temporal,Papa,35.0,20.0,15.0,60.0,3.0,21000.0,1260000.0
2023,Chihuahua,San Juanito,Témoris,Chínipas,Primavera-Verano,Temporal,Papa,22.0,14.0,8.0,51.38,3.67,21000.0,1078980.0
2023,Chihuahua,San Juanito,Témoris,Guazapares,Primavera-Verano,Temporal,Papa,22.0,12.0,10.0,43.56,3.63,21000.0,914760.0
2023,Chihuahua,Balleza,Balleza,Balleza,Primavera-Verano,Temporal,Papa,60.0,5.0,55.0,15.0,3.0,8500.0,127500.0
2023,Chihuahua,Balleza,Guachochi,Guachochi,Primavera-Verano,Temporal,Papa,100.0,20.0,80.0,70.0,3.5,8500.0,595000.0
2023,Chihuahua,Balleza,Guadalupe Y Calvo,Guadalupe Y Calvo,Primavera-Verano,Temporal,Papa,35.0,24.0,11.0,108.0,4.5,9800.0,1058400.0
2023,Ciudad de México,Xochimilco,San Mateo Xalpa,Tlalpan,Primavera-Verano,Temporal,Papa,450.0,450.0,0.0,17550.0,39.0,7929.07,139155178.5
2023,Ciudad de México,Xochimilco,San Antonio Tecómitl,Milpa Alta,Primavera-Verano,Temporal,Papa,341.0,341.0,0.0,11413.27,33.47,10144.76,115784884.97
2023,Durango,El Salto,San Miguel de Cruces,San Dimas,Primavera-Verano,Temporal,Papa,34.0,34.0,0.0,160.48,4.72,9350.0,1500488.0
2023,Durango,El Salto,El Salto,Pueblo Nuevo,Primavera-Verano,Temporal,Papa,55.0,55.0,0.0,245.85,4.47,8380.0,2060223.0
2023,Durango,El Salto,El Salto,Tamazula,Primavera-Verano,Temporal,Papa,33.0,33.0,0.0,188.43,5.71,9200.0,1733556.0
2023,Durango,Villa Ocampo,Guanaceví,Guanaceví,Primavera-Verano,Temporal,Papa,48.0,36.0,12.0,92.16,2.56,10600.0,976896.0
2023,Durango,Santiago Papasquiaro,Tepehuanes,Canelas,Primavera-Verano,Temporal,Papa,40.0,30.0,10.0,658.2,21.94,9800.0,6450360.0
2023,Durango,Santiago Papasquiaro,Tepehuanes,Tepehuanes,Primavera-Verano,Riego,Papa,25.0,25.0,0.0,602.25,24.09,13200.0,7949700.0
2023,Durango,Santiago Papasquiaro,Tepehuanes,Tepehuanes,Primavera-Verano,Temporal,Papa,35.0,26.0,9.0,561.08,21.58,10000.0,5610800.0
2023,Durango,Santiago Papasquiaro,Tepehuanes,Topia,Primavera-Verano,Riego,Papa,20.0,20.0,0.0,473.2,23.66,13200.0,6246240.0
2023,Durango,Santiago Papasquiaro,Tepehuanes,Topia,Primavera-Verano,Temporal,Papa,30.0,24.0,6.0,536.4,22.35,10500.0,5632200.0
2023,Durango,Santiago Papasquiaro,Santiago Papasquiaro,Otáez,Primavera-Verano,Temporal,Papa,75.0,60.0,15.0,1324.8,22.08,10500.0,13910400.0
2023,Durango,Santiago Papasquiaro,Santiago Papasquiaro,Santiago Papasquiaro,Primavera-Verano,Temporal,Papa,60.0,42.0,18.0,1006.32,23.96,10000.0,10063200.0
2023,Guanajuato,León,Leon,León,Otoño-Invierno,Riego,Papa,50.0,50.0,0.0,2600.0,52.0,11330.0,29458000.0
2023,Guanajuato,León,San Francisco del Rincón,Purísima del Rincón,Otoño-Invierno,Riego,Papa,210.0,210.0,0.0,10080.0,48.0,10815.0,109015200.0
2023,Guanajuato,León,San Francisco del Rincón,San Francisco del Rincón,Otoño-Invierno,Riego,Papa,270.0,270.0,0.0,13500.0,50.0,11227.0,151564500.0
2023,Hidalgo,Pachuca,Atotonilco,Omitlán de Juárez,Primavera-Verano,Temporal,Papa,7.5,7.5,0.0,62.25,8.3,7480.0,465630.0
2023,Hidalgo,Pachuca,Apan,Almoloya,Primavera-Verano,Temporal,Papa,10.0,10.0,0.0,163.4,16.34,7500.0,1225500.0
2023,Jalisco,Ciudad Guzmán,Zacoalco de Torres,Amacueca,Primavera-Verano,Temporal,Papa,60.0,60.0,0.0,2020.8,33.68,7953.97,16073382.58
2023,Jalisco,Ciudad Guzmán,Tapalpa,Atemajac de Brizuela,Primavera-Verano,Temporal,Papa,45.0,45.0,0.0,1440.0,32.0,7800.0,11232000.0
2023,Jalisco,Ciudad Guzmán,Tapalpa,Tapalpa,Primavera-Verano,Temporal,Papa,1804.0,1804.0,0.0,61336.0,34.0,8720.67,534891015.12
2023,Jalisco,Ciudad Guzmán,Sayula,San Gabriel,Primavera-Verano,Temporal,Papa,15.0,15.0,0.0,570.0,38.0,7800.0,4446000.0
2023,México,Toluca,Zinacantepec,Zinacantepec,Primavera-Verano,Riego,Papa,151.5,151.5,0.0,4604.09,30.39,6315.0,29074828.35
2023,México,Toluca,Zinacantepec,Zinacantepec,Primavera-Verano,Temporal,Papa,695.55,695.55,0.0,19927.51,28.65,8286.75,165134293.49
2023,México,Toluca,Tenango del Valle,Joquicingo,Primavera-Verano,Temporal,Papa,376.0,376.0,0.0,9478.96,25.21,7478.33,70886790.94
2023,México,Toluca,Tenango del Valle,Tenango del Valle,Primavera-Verano,Temporal,Papa,712.0,712.0,0.0,20648.0,29.0,7287.01,150462182.48
2023,México,Toluca,Toluca,Toluca,Primavera-Verano,Temporal,Papa,25.0,25.0,0.0,512.5,20.5,8573.73,4394036.63
2023,México,Toluca,Santiago Tianguistengo,Capulhuac,Primavera-Verano,Temporal,Papa,64.05,64.05,0.0,1619.82,25.29,8054.01,13046046.48
2023,México,Toluca,Santiago Tianguistengo,Xalatlaco,Primavera-Verano,Temporal,Papa,168.1,168.1,0.0,3530.1,21.0,8235.61,29072526.86
2023,México,Toluca,Santiago Tianguistengo,Tianguistenco,Primavera-Verano,Temporal,Papa,142.75,142.75,0.0,3276.11,22.95,8178.32,26793075.94
2023,México,Toluca,Mexicalzingo,Calimaya,Primavera-Verano,Temporal,Papa,58.2,58.2,0.0,1422.99,24.45,8221.06,11698486.17
2023,México,Texcoco,Chalco,Chalco,Primavera-Verano,Temporal,Papa,16.0,16.0,0.0,416.0,26.0,7654.04,3184080.64
2023,México,Texcoco,Juchitepec,Juchitepec,Primavera-Verano,Temporal,Papa,380.0,380.0,0.0,13680.0,36.0,8042.89,110026735.2
2023,México,Tejupilco,Temascaltepec,Temascaltepec,Otoño-Invierno,Riego,Papa,105.97,105.97,0.0,1930.77,18.22,10037.21,19379543.95
2023,México,Tejupilco,Temascaltepec,Temascaltepec,Primavera-Verano,Temporal,Papa,40.02,40.02,0.0,553.48,13.83,8612.0,4766569.76
2023,México,Atlacomulco,San Felipe del Progreso,San Felipe del Progreso,Primavera-Verano,Temporal,Papa,70.0,70.0,0.0,1995.0,28.5,9150.0,18254250.0
2023,México,Atlacomulco,La Trinidad,San José del Rincón,Primavera-Verano,Temporal,Papa,612.0,612.0,0.0,16615.8,27.15,11383.96,189153602.57
2023,México,Atlacomulco,San Bartolo Morelos,Morelos,Primavera-Verano,Temporal,Papa,10.0,10.0,0.0,227.4,22.74,9800.0,2228520.0
2023,México,Atlacomulco,Jiquipilco,Jiquipilco,Primavera-Verano,Riego,Papa,10.0,10.0,0.0,198.6,19.86,12083.03,2399689.76
2023,México,Atlacomulco,Jiquipilco,Jiquipilco,Primavera-Verano,Temporal,Papa,19.5,19.5,0.0,289.97,14.87,10105.63,2930329.53
2023,México,Coatepec Harinas,Coatepec Harinas,Coatepec Harinas,Otoño-Invierno,Riego,Papa,16.47,16.47,0.0,419.0,25.44,6774.6,2838557.4
2023,México,Coatepec Harinas,Coatepec Harinas,Coatepec Harinas,Primavera-Verano,Riego,Papa,24.16,24.16,0.0,451.79,18.7,6912.0,3122772.48
2023,México,Coatepec Harinas,Coatepec Harinas,Coatepec Harinas,Primavera-Verano,Temporal,Papa,12.65,12.65,0.0,233.39,18.45,5700.49,1330437.36
2023,México,Coatepec Harinas,Ocuilan,Ocuilan,Primavera-Verano,Temporal,Papa,240.38,240.38,0.0,5858.06,24.37,5730.88,33571838.89
2023,México,Valle de Bravo,Valle de Bravo,Valle de Bravo,Otoño-Invierno,Riego,Papa,95.0,95.0,0.0,2964.0,31.2,6597.26,19554278.64
2023,México,Valle de Bravo,Villa Victoria,Villa Victoria,Primavera-Verano,Temporal,Papa,680.0,680.0,0.0,24616.0,36.2,8189.85,201601347.6
2023,México,Valle de Bravo,Villa de Allende,Villa de Allende,Primavera-Verano,Temporal,Papa,451.0,451.0,0.0,16168.35,35.85,7667.46,123970176.89
2023,México,Valle de Bravo,Amanalco,Amanalco,Otoño-Invierno,Riego,Papa,85.8,85.8,0.0,2591.16,30.2,7388.89,19145796.21
2023,México,Valle de Bravo,Amanalco,Amanalco,Primavera-Verano,Temporal,Papa,387.0,387.0,0.0,10522.53,27.19,7995.0,84127627.35
2023,México,Valle de Bravo,Donato Guerra,Donato Guerra,Otoño-Invierno,Riego,Papa,55.0,55.0,0.0,1669.25,30.35,8336.4,13915535.7
2023,México,Valle de Bravo,Donato Guerra,Donato Guerra,Primavera-Verano,Temporal,Papa,83.2,83.2,0.0,2329.6,28.0,8105.41,18882363.14
2023,Michoacán,Uruapan,Ziracuaretiro,Tingambato,Primavera-Verano,Temporal,Papa,150.0,150.0,0.0,3919.5,26.13,9576.16,37533759.12
2023,Michoacán,Uruapan,Paracho,Charapan,Primavera-Verano,Temporal,Papa,130.0,130.0,0.0,3926.0,30.2,9556.73,37519721.98
2023,Michoacán,Uruapan,Paracho,Nahuatzen,Primavera-Verano,Temporal,Papa,155.0,155.0,0.0,4676.35,30.17,9535.08,44589371.36
2023,Michoacán,Zamora,Zamora,Tangamandapio,Primavera-Verano,Temporal,Papa,190.0,190.0,0.0,5101.5,26.85,7850.66,40050141.99
2023,Michoacán,Zamora,Zamora,Zamora,Otoño-Invierno,Riego,Papa,72.0,72.0,0.0,2080.08,28.89,9975.0,20748798.0
2023,Michoacán,Zamora,Tangancícuaro,Chilchota,Primavera-Verano,Temporal,Papa,25.0,25.0,0.0,1000.5,40.02,8758.0,8762379.0
2023,Michoacán,Zamora,Tangancícuaro,Tangancícuaro,Otoño-Invierno,Riego,Papa,32.0,32.0,0.0,819.84,25.62,7897.97,6475071.72
2023,Michoacán,Zamora,Tangancícuaro,Tangancícuaro,Primavera-Verano,Temporal,Papa,850.0,850.0,0.0,27200.0,32.0,8569.48,233089856.0
2023,Michoacán,Zamora,Reyes Los,Los Reyes,Primavera-Verano,Temporal,Papa,85.0,85.0,0.0,2436.95,28.67,8926.47,21753361.07
2023,Michoacán,La Piedad,Zacapu,Zacapu,Primavera-Verano,Temporal,Papa,28.0,28.0,0.0,431.2,15.4,8150.0,3514280.0
2023,Michoacán,Pátzcuaro,Quiroga,Erongarícuaro,Primavera-Verano,Temporal,Papa,124.0,124.0,0.0,3573.68,28.82,7324.5,26175419.16
2023,Michoacán,Zitácuaro,Ciudad Hidalgo,Hidalgo,Primavera-Verano,Temporal,Papa,13.0,13.0,0.0,335.79,25.83,6500.0,2182635.0
2023,Morelos,Zacatepec-Galeana,Yautepec,Huitzilac,Primavera-Verano,Temporal,Papa,93.0,93.0,0.0,2150.16,23.12,5799.65,12470175.44
2023,Nuevo León,Galeana,Galeana,Galeana,Primavera-Verano,Riego,Papa,231.0,231.0,0.0,10395.0,45.0,15500.0,161122500.0
2023,Nuevo León,Galeana,San Rafael,Galeana,Primavera-Verano,Riego,Papa,730.0,730.0,0.0,29200.0,40.0,15178.08,443199936.0
2023,Nuevo León,Galeana,El Potosí,Galeana,Primavera-Verano,Riego,Papa,1063.0,1063.0,0.0,44858.6,42.2,16000.0,717737600.0
2023,Nuevo León,Galeana,Aramberri,Aramberri,Primavera-Verano,Riego,Papa,450.0,450.0,0.0,19800.0,44.0,14988.89,296780022.0
2023,Nuevo León,Galeana,Doctor Arroyo,Doctor Arroyo,Primavera-Verano,Riego,Papa,80.0,80.0,0.0,3344.0,41.8,11880.0,39726720.0
2023,Oaxaca,Sierra Juárez,Ixtlán,San Miguel Amatlán,Primavera-Verano,Temporal,Papa,32.0,32.0,0.0,318.4,9.95,4880.36,1553906.62
2023,Oaxaca,Sierra Juárez,Ayutla/Mixe,Tamazulápam del Espíritu Santo,Primavera-Verano,Temporal,Papa,18.2,18.2,0.0,177.27,9.74,4878.72,864850.69
2023,Oaxaca,Sierra Juárez,Ayutla/Mixe,San Pedro Y San Pablo Ayutla,Primavera-Verano,Temporal,Papa,7.6,7.6,0.0,76.46,10.06,4288.67,327911.71
2023,Oaxaca,Sierra Juárez,Ayutla/Mixe,Santa María Tlahuitoltepec,Primavera-Verano,Temporal,Papa,21.0,21.0,0.0,199.08,9.48,4574.47,910685.49
2023,Oaxaca,Sierra Juárez,Ayutla/Mixe,Totontepec Villa de Morelos,Primavera-Verano,Temporal,Papa,16.5,16.5,0.0,155.27,9.41,4723.39,733400.77
2023,Puebla,Zacatlán,Zacatlán,Aquixtla,Otoño-Invierno,Riego,Papa,21.0,21.0,0.0,184.8,8.8,7309.09,1350719.83
2023,Puebla,Zacatlán,Zacatlán,Aquixtla,Otoño-Invierno,Temporal,Papa,18.0,18.0,0.0,153.0,8.5,7100.0,1086300.0
2023,Puebla,Zacatlán,Zacatlán,Aquixtla,Primavera-Verano,Riego,Papa,33.0,33.0,0.0,289.41,8.77,7500.0,2170575.0
2023,Puebla,Zacatlán,Zacatlán,Aquixtla,Primavera-Verano,Temporal,Papa,26.13,26.13,0.0,200.95,7.69,8074.69,1622608.0
2023,Puebla,Zacatlán,Zacatlán,Chignahuapan,Otoño-Invierno,Riego,Papa,7.4,7.4,0.0,67.34,9.1,7475.25,503383.34
2023,Puebla,Zacatlán,Zacatlán,Chignahuapan,Otoño-Invierno,Temporal,Papa,8.5,8.5,0.0,72.25,8.5,7250.0,523812.5
2023,Puebla,Zacatlán,Zacatlán,Chignahuapan,Primavera-Verano,Riego,Papa,6.0,6.0,0.0,60.0,10.0,7200.0,432000.0
2023,Puebla,Zacatlán,Zacatlán,Ixtacamaxtitlán,Otoño-Invierno,Riego,Papa,24.8,24.8,0.0,230.64,9.3,7306.51,1685173.47
2023,Puebla,Zacatlán,Zacatlán,Ixtacamaxtitlán,Otoño-Invierno,Temporal,Papa,28.0,28.0,0.0,238.0,8.5,7050.0,1677900.0
2023,Puebla,Zacatlán,Zacatlán,Ixtacamaxtitlán,Primavera-Verano,Riego,Papa,50.2,50.2,0.0,642.56,12.8,7150.0,4594304.0
2023,Puebla,Zacatlán,Zacatlán,Ixtacamaxtitlán,Primavera-Verano,Temporal,Papa,111.35,111.35,0.0,891.2,8.0,8046.46,7171008.29
2023,Puebla,Zacatlán,Zacatlán,Tetela de Ocampo,Otoño-Invierno,Riego,Papa,16.75,16.75,0.0,154.1,9.2,7300.7,1125037.87
2023,Puebla,Zacatlán,Zacatlán,Tetela de Ocampo,Otoño-Invierno,Temporal,Papa,16.5,16.5,0.0,140.25,8.5,7320.0,1026630.0
2023,Puebla,Zacatlán,Zacatlán,Tetela de Ocampo,Primavera-Verano,Riego,Papa,14.2,14.2,0.0,170.68,12.02,7200.0,1228896.0
2023,Puebla,Zacatlán,Zacatlán,Tetela de Ocampo,Primavera-Verano,Temporal,Papa,18.14,18.14,0.0,140.38,7.74,8244.59,1157375.0
2023,Puebla,Zacatlán,Zacatlán,Zacatlán,Otoño-Invierno,Riego,Papa,12.5,12.5,0.0,114.25,9.14,7476.02,854135.29
2023,Puebla,Zacatlán,Zacatlán,Zacatlán,Otoño-Invierno,Temporal,Papa,13.5,13.5,0.0,114.75,8.5,7410.0,850297.5
2023,Puebla,Zacatlán,Zacatlán,Zacatlán,Primavera-Verano,Riego,Papa,10.5,10.5,0.0,155.93,14.85,7350.0,1146085.5
2023,Puebla,Zacatlán,Zacatlán,Zacatlán,Primavera-Verano,Temporal,Papa,28.5,28.5,0.0,370.5,13.0,7900.0,2926950.0
2023,Puebla,Teziutlán,Zacapoaxtla,Nauzontla,Otoño-Invierno,Temporal,Papa,18.0,18.0,0.0,432.0,24.0,10850.0,4687200.0
2023,Puebla,Teziutlán,Zacapoaxtla,Nauzontla,Primavera-Verano,Temporal,Papa,62.0,62.0,0.0,1302.0,21.0,8315.44,10826702.88
2023,Puebla,Teziutlán,Zacapoaxtla,Zacapoaxtla,Otoño-Invierno,Riego,Papa,14.0,14.0,0.0,448.0,32.0,8800.0,3942400.0
2023,Puebla,Teziutlán,Zacapoaxtla,Zacapoaxtla,Otoño-Invierno,Temporal,Papa,48.0,48.0,0.0,1248.0,26.0,10910.0,13615680.0
2023,Puebla,Teziutlán,Zacapoaxtla,Zacapoaxtla,Primavera-Verano,Riego,Papa,39.25,39.25,0.0,1099.0,28.0,8980.0,9869020.0
2023,Puebla,Teziutlán,Zacapoaxtla,Zacapoaxtla,Primavera-Verano,Temporal,Papa,777.0,777.0,0.0,16705.5,21.5,8625.75,144097466.63
2023,Puebla,Teziutlán,Tlatlauquitepec,Atempan,Otoño-Invierno,Riego,Papa,16.0,16.0,0.0,440.0,27.5,8065.0,3548600.0
2023,Puebla,Teziutlán,Tlatlauquitepec,Atempan,Otoño-Invierno,Temporal,Papa,40.0,40.0,0.0,960.0,24.0,9482.08,9102796.8
2023,Puebla,Teziutlán,Tlatlauquitepec,Chignautla,Primavera-Verano,Temporal,Papa,31.5,31.5,0.0,793.8,25.2,9063.19,7194360.22
2023,Puebla,Teziutlán,Tlatlauquitepec,Hueyapan,Otoño-Invierno,Temporal,Papa,31.0,31.0,0.0,759.5,24.5,9747.88,7403514.86
2023,Puebla,Teziutlán,Tlatlauquitepec,Teteles de Avila Castillo,Otoño-Invierno,Riego,Papa,20.0,20.0,0.0,742.0,37.1,8081.27,5996302.34
2023,Puebla,Teziutlán,Tlatlauquitepec,Teteles de Avila Castillo,Otoño-Invierno,Temporal,Papa,16.5,16.5,0.0,379.5,23.0,9316.59,3535645.91
2023,Puebla,Teziutlán,Tlatlauquitepec,Tlatlauquitepec,Otoño-Invierno,Riego,Papa,980.0,980.0,0.0,29282.4,29.88,8028.0,235079107.2
2023,Puebla,Teziutlán,Tlatlauquitepec,Tlatlauquitepec,Otoño-Invierno,Temporal,Papa,270.0,270.0,0.0,6750.0,25.0,8805.37,59436247.5
2023,Puebla,Teziutlán,Tlatlauquitepec,Tlatlauquitepec,Primavera-Verano,Riego,Papa,385.0,385.0,0.0,11561.55,30.03,9211.49,106499102.21
2023,Puebla,Teziutlán,Tlatlauquitepec,Tlatlauquitepec,Primavera-Verano,Temporal,Papa,995.0,995.0,0.0,24875.0,25.0,8755.04,217781620.0
2023,Puebla,Teziutlán,Tlatlauquitepec,Yaonáhuac,Otoño-Invierno,Temporal,Papa,16.0,16.0,0.0,360.0,22.5,8971.67,3229801.2
2023,Puebla,Teziutlán,Tlatlauquitepec,Zaragoza,Primavera-Verano,Riego,Papa,42.5,42.5,0.0,1275.0,30.0,9451.53,12050700.75
2023,Puebla,Teziutlán,Tlatlauquitepec,Zaragoza,Primavera-Verano,Temporal,Papa,72.0,72.0,0.0,1778.4,24.7,8954.68,15925002.91
2023,Puebla,Libres,Libres,Cuyoaco,Primavera-Verano,Riego,Papa,5.0,5.0,0.0,120.65,24.13,8760.0,1056894.0
2023,Puebla,Libres,Libres,Libres,Primavera-Verano,Riego,Papa,12.0,12.0,0.0,277.68,23.14,8860.0,2460244.8
2023,Puebla,Libres,Libres,Oriental,Primavera-Verano,Riego,Papa,3.0,3.0,0.0,63.84,21.28,8580.0,547747.2
2023,Puebla,Libres,Guadalupe Victoria,Chichiquila,Primavera-Verano,Temporal,Papa,220.0,220.0,0.0,4798.2,21.81,9812.74,47083489.07
2023,Puebla,Libres,Guadalupe Victoria,Chilchotla,Otoño-Invierno,Temporal,Papa,8.0,8.0,0.0,165.6,20.7,8786.0,1454961.6
2023,Puebla,Libres,Guadalupe Victoria,Chilchotla,Primavera-Verano,Temporal,Papa,300.0,300.0,0.0,6759.0,22.53,8463.87,57207297.33
2023,Puebla,Libres,Guadalupe Victoria,Guadalupe Victoria,Primavera-Verano,Riego,Papa,260.0,260.0,0.0,6539.0,25.15,8285.72,54180323.08
2023,Puebla,Libres,Guadalupe Victoria,Guadalupe Victoria,Primavera-Verano,Temporal,Papa,150.0,150.0,0.0,3469.5,23.13,8650.77,30013846.52
2023,Puebla,Libres,Guadalupe Victoria,Lafragua,Primavera-Verano,Riego,Papa,8.0,8.0,0.0,198.24,24.78,10725.0,2126124.0
2023,Puebla,Libres,Guadalupe Victoria,Lafragua,Primavera-Verano,Temporal,Papa,80.0,80.0,0.0,1970.4,24.63,9312.85,18350039.64
2023,Puebla,Libres,Guadalupe Victoria,Quimixtlán,Otoño-Invierno,Temporal,Papa,40.0,40.0,0.0,768.8,19.22,8657.0,6655501.6
2023,Puebla,Libres,Guadalupe Victoria,Quimixtlán,Primavera-Verano,Temporal,Papa,135.0,135.0,0.0,3088.8,22.88,9252.36,28578689.57
2023,Puebla,Libres,Ciudad Serdán,Atzitzintla,Otoño-Invierno,Temporal,Papa,5.0,5.0,0.0,127.3,25.46,8253.0,1050606.9
2023,Puebla,Libres,Ciudad Serdán,San Nicolás Buenos Aires,Otoño-Invierno,Riego,Papa,5.0,5.0,0.0,130.65,26.13,9650.0,1260772.5
2023,Puebla,Libres,Ciudad Serdán,San Nicolás Buenos Aires,Primavera-Verano,Riego,Papa,80.0,80.0,0.0,2250.4,28.13,13500.0,30380400.0
2023,Puebla,Cholula,Texmelucan,Tlahuapan,Primavera-Verano,Temporal,Papa,16.0,16.0,0.0,389.76,24.36,12119.0,4723501.44
2023,San Luis Potosí,Matehuala,Villa de Guadalupe,Villa de Guadalupe,Primavera-Verano,Riego,Papa,5.0,5.0,0.0,110.0,22.0,12075.0,1328250.0
2023,Sinaloa,Los Mochis,El Fuerte,El Fuerte,Otoño-Invierno,Riego,Papa,15.0,15.0,0.0,533.7,35.58,9450.0,5043465.0
2023,Sinaloa,Los Mochis,El Carrizo,Ahome,Otoño-Invierno,Riego,Papa,196.41,196.41,0.0,6874.35,35.0,7698.18,52919983.68
2023,Sinaloa,Los Mochis,San Blas,El Fuerte,Otoño-Invierno,Riego,Papa,791.86,791.86,0.0,27746.77,35.04,8087.89,224412823.62
2023,Sinaloa,Los Mochis,Higueras de Zar,Ahome,Otoño-Invierno,Riego,Papa,182.76,182.76,0.0,5848.32,32.0,8230.68,48135650.46
2023,Sinaloa,Los Mochis,Ahome,Ahome,Otoño-Invierno,Riego,Papa,695.66,695.66,0.0,22268.08,32.01,7776.96,173177967.44
2023,Sinaloa,Los Mochis,Los Mochis,Ahome,Otoño-Invierno,Riego,Papa,5393.46,5393.46,0.0,182568.62,33.85,7935.08,1448696605.19
2023,Sinaloa,Los Mochis,Ruíz Cortinez,Guasave,Otoño-Invierno,Riego,Papa,1993.0,1993.0,0.0,69934.37,35.09,7864.46,549996055.49
2023,Sinaloa,Los Mochis,Ruíz Cortinez,Sinaloa,Otoño-Invierno,Riego,Papa,1997.0,1997.0,0.0,69895.0,35.0,7842.87,548177398.65
2023,Sinaloa,Guasave,La Trinidad,Guasave,Otoño-Invierno,Riego,Papa,29.0,29.0,0.0,1280.35,44.15,7350.0,9410572.5
2023,Sinaloa,Guasave,La Trinidad,Sinaloa,Otoño-Invierno,Riego,Papa,22.0,22.0,0.0,843.04,38.32,7000.0,5901280.0
2023,Sinaloa,Guasave,El Burrión,Guasave,Otoño-Invierno,Riego,Papa,850.0,850.0,0.0,35581.0,41.86,7117.4,253244209.4
2023,Sinaloa,Guasave,Petatlán,Guasave,Otoño-Invierno,Riego,Papa,105.0,105.0,0.0,4213.95,40.13,7200.89,30344200.92
2023,Sonora,Caborca,Caborca,Caborca,Primavera-Verano,Riego,Papa,1630.0,1630.0,0.0,71997.1,44.17,8200.0,590376220.0
2023,Sonora,Caborca,Caborca,Pitiquito,Primavera-Verano,Riego,Papa,280.0,280.0,0.0,12040.0,43.0,8250.0,99330000.0
2023,Sonora,Caborca,Atil,Altar,Primavera-Verano,Riego,Papa,2900.0,2900.0,0.0,127600.0,44.0,8300.0,1059080000.0
2023,Sonora,Magdalena,Magdalena,Magdalena,Primavera-Verano,Riego,Papa,89.54,89.54,0.0,3854.7,43.05,12180.0,46950246.0
2023,Sonora,Magdalena,Santa Ana,Benjamín Hill,Primavera-Verano,Riego,Papa,42.0,42.0,0.0,1779.96,42.38,12200.0,21715512.0
2023,Sonora,Magdalena,Santa Ana,Trincheras,Primavera-Verano,Riego,Papa,375.0,375.0,0.0,16098.75,42.93,12150.0,195599812.5
2023,Sonora,Agua Prieta,Cananea,Cananea,Primavera-Verano,Riego,Papa,6.0,6.0,0.0,171.0,28.5,14300.0,2445300.0
2023,Sonora,Hermosillo,Carbó,Hermosillo,Primavera-Verano,Riego,Papa,10.0,10.0,0.0,427.5,42.75,9350.0,3997125.0
2023,Sonora,Sahuaripa,Yécora,Yécora,Primavera-Verano,Temporal,Papa,5.0,5.0,0.0,45.15,9.03,10120.0,456918.0
2023,Sonora,Guaymas,Guaymas D.D.R.,Guaymas,Otoño-Invierno,Riego,Papa,55.0,55.0,0.0,1815.0,33.0,8030.85,14575992.75
2023,Sonora,Cajeme,Cd. Obregón,Cajeme,Otoño-Invierno,Riego,Papa,3500.0,3500.0,0.0,120750.0,34.5,8027.12,969274740.0
2023,Sonora,Cajeme,Villa Juárez,Cajeme,Otoño-Invierno,Riego,Papa,50.0,50.0,0.0,1826.0,36.52,8083.12,14759777.12
2023,Sonora,Cajeme,Villa Juárez,Etchojoa,Otoño-Invierno,Riego,Papa,165.0,165.0,0.0,5610.0,34.0,7342.16,41189517.6
2023,Sonora,Cajeme,Villa Juárez,Navojoa,Otoño-Invierno,Riego,Papa,280.0,280.0,0.0,8960.0,32.0,8048.55,72115008.0
2023,Sonora,Cajeme,Villa Juárez,Benito Juárez,Otoño-Invierno,Riego,Papa,815.0,815.0,0.0,28117.5,34.5,8032.01,225840041.18
2023,Sonora,Cajeme,Bácum,Bácum,Otoño-Invierno,Riego,Papa,300.0,300.0,0.0,10500.0,35.0,8043.47,84456435.0
2023,Sonora,Cajeme,Bácum,Cajeme,Otoño-Invierno,Riego,Papa,210.0,210.0,0.0,7140.0,34.0,8083.89,57718974.6
2023,Sonora,Cajeme,Pueblo Yaqui,Bácum,Otoño-Invierno,Riego,Papa,600.0,600.0,0.0,21000.0,35.0,8053.57,169124970.0
2023,Sonora,Cajeme,Pueblo Yaqui,Cajeme,Otoño-Invierno,Riego,Papa,1100.0,1100.0,0.0,37400.0,34.0,7831.49,292897726.0
2023,Sonora,Navojoa,Navojoa,Navojoa,Otoño-Invierno,Riego,Papa,1300.0,1300.0,0.0,41600.0,32.0,7784.32,323827712.0
2023,Sonora,Navojoa,Etchojoa,Etchojoa,Otoño-Invierno,Riego,Papa,745.0,745.0,0.0,23467.5,31.5,8270.03,194076929.03
2023,Sonora,Navojoa,Huatabampo,Huatabampo,Otoño-Invierno,Riego,Papa,2200.0,2200.0,0.0,70400.0,32.0,8149.01,573690304.0
2023,Tamaulipas,Jaumave,Tula,Tula,Otoño-Invierno,Riego,Papa,20.0,20.0,0.0,480.0,24.0,7234.5,3472560.0
2023,Tamaulipas,Jaumave,Tula,Tula,Primavera-Verano,Riego,Papa,50.0,50.0,0.0,1765.0,35.3,20400.0,36006000.0
2023,Tlaxcala,Calpulalpan,Calpulalpan,Sanctórum de Lázaro Cárdenas,Primavera-Verano,Temporal,Papa,37.0,37.0,0.0,693.01,18.73,4488.11,3110305.11
2023,Tlaxcala,Calpulalpan,Calpulalpan,Nanacamilpa de Mariano Arista,Primavera-Verano,Temporal,Papa,39.0,39.0,0.0,729.69,18.71,4666.84,3405346.48
2023,Tlaxcala,Calpulalpan,Hueyotlipan,Españita,Primavera-Verano,Temporal,Papa,41.0,41.0,0.0,712.99,17.39,4677.95,3335331.57
2023,Tlaxcala,Calpulalpan,Hueyotlipan,Hueyotlipan,Primavera-Verano,Temporal,Papa,49.0,49.0,0.0,906.99,18.51,4636.82,4205549.37
2023,Tlaxcala,Calpulalpan,Tlaxco,Atlangatepec,Primavera-Verano,Temporal,Papa,21.0,21.0,0.0,387.66,18.46,4642.86,1799851.11
2023,Tlaxcala,Calpulalpan,Tlaxco,Tlaxco,Primavera-Verano,Temporal,Papa,223.0,223.0,0.0,4114.35,18.45,4475.11,18412168.83
2023,Tlaxcala,Huamantla,Huamantla,Huamantla,Primavera-Verano,Riego,Papa,9.0,9.0,0.0,330.03,36.67,4300.0,1419129.0
2023,Tlaxcala,Huamantla,Cuapiaxtla,Atltzayanca,Primavera-Verano,Riego,Papa,5.0,5.0,0.0,184.5,36.9,4150.0,765675.0
2023,Tlaxcala,Huamantla,Cuapiaxtla,Atltzayanca,Primavera-Verano,Temporal,Papa,20.0,20.0,0.0,358.0,17.9,4900.0,1754200.0
2023,Tlaxcala,Huamantla,Cuapiaxtla,Cuapiaxtla,Primavera-Verano,Riego,Papa,13.0,13.0,0.0,474.5,36.5,4200.0,1992900.0
2023,Tlaxcala,Huamantla,Teometitlán/Velazco,Terrenate,Primavera-Verano,Temporal,Papa,38.0,38.0,0.0,657.78,17.31,5698.82,3748569.82
2023,Tlaxcala,Huamantla,Teometitlán/Velazco,Emiliano Zapata,Primavera-Verano,Temporal,Papa,22.0,22.0,0.0,380.82,17.31,5809.25,2212278.59
2023,Veracruz,Huayacocotla,Huayacocotla,Huayacocotla,Primavera-Verano,Temporal,Papa,20.0,20.0,0.0,230.0,11.5,7500.0,1725000.0
2023,Veracruz,Martínez de la Torre,Martínez de La Torre,Atzalan,Otoño-Invierno,Temporal,Papa,75.0,75.0,0.0,1800.0,24.0,8545.0,15381000.0
2023,Veracruz,Coatepec,Coatepec,Coatepec,Otoño-Invierno,Temporal,Papa,66.0,66.0,0.0,1056.0,16.0,9400.0,9926400.0
2023,Veracruz,Coatepec,Coatepec,Xico,Otoño-Invierno,Temporal,Papa,87.0,87.0,0.0,1261.5,14.5,8800.0,11101200.0
2023,Veracruz,Coatepec,Coatepec,Xico,Primavera-Verano,Temporal,Papa,53.0,53.0,0.0,699.6,13.2,8380.19,5862780.92
2023,Veracruz,Coatepec,Coatepec,Tlalnelhuayocan,Otoño-Invierno,Temporal,Papa,79.0,79.0,0.0,1106.0,14.0,8900.0,9843400.0
2023,Veracruz,Coatepec,Perote,Altotonga,Primavera-Verano,Riego,Papa,240.0,240.0,0.0,10320.0,43.0,9006.67,92948834.4
2023,Veracruz,Coatepec,Perote,Altotonga,Primavera-Verano,Temporal,Papa,70.0,70.0,0.0,2030.0,29.0,8930.0,18127900.0
2023,Veracruz,Coatepec,Perote,Ayahualulco,Otoño-Invierno,Temporal,Papa,32.0,32.0,0.0,576.0,18.0,7900.0,4550400.0
2023,Veracruz,Coatepec,Perote,Ayahualulco,Primavera-Verano,Temporal,Papa,565.0,565.0,0.0,15486.65,27.41,8990.61,139234430.36
2023,Veracruz,Coatepec,Perote,Ixhuacán de Los Reyes,Otoño-Invierno,Temporal,Papa,39.0,39.0,0.0,585.0,15.0,8400.0,4914000.0
2023,Veracruz,Coatepec,Perote,Jalacingo,Primavera-Verano,Riego,Papa,580.0,580.0,0.0,25230.0,43.5,8750.52,220775619.6
2023,Veracruz,Coatepec,Perote,Jalacingo,Primavera-Verano,Temporal,Papa,455.0,455.0,0.0,13877.5,30.5,9065.96,125812859.9
2023,Veracruz,Coatepec,Perote,Perote,Otoño-Invierno,Temporal,Papa,79.0,79.0,0.0,1303.5,16.5,8531.65,11121005.78
2023,Veracruz,Coatepec,Perote,Perote,Primavera-Verano,Riego,Papa,570.0,570.0,0.0,24093.9,42.27,9062.04,218339885.56
2023,Veracruz,Coatepec,Perote,Perote,Primavera-Verano,Temporal,Papa,169.0,169.0,0.0,4563.0,27.0,9050.29,41296473.27
2023,Veracruz,Coatepec,Perote,Las Vigas de Ramírez,Primavera-Verano,Temporal,Papa,98.0,98.0,0.0,2793.0,28.5,8899.8,24857141.4
2023,Veracruz,Coatepec,Perote,Villa Aldama,Primavera-Verano,Riego,Papa,149.0,149.0,0.0,6258.0,42.0,8972.82,56151907.56
2023,Veracruz,Coatepec,Perote,Villa Aldama,Primavera-Verano,Temporal,Papa,178.0,178.0,0.0,4984.0,28.0,8962.45,44668850.8
2023,Veracruz,Coatepec,Naolinco,Acajete,Otoño-Invierno,Temporal,Papa,23.0,23.0,0.0,243.8,10.6,7900.0,1926020.0
2023,Veracruz,Coatepec,Naolinco,Coacoatzintla,Otoño-Invierno,Temporal,Papa,74.0,74.0,0.0,888.0,12.0,8400.0,7459200.0
2023,Veracruz,Coatepec,Naolinco,Miahuatlán,Otoño-Invierno,Temporal,Papa,17.0,17.0,0.0,170.0,10.0,8450.0,1436500.0
2023,Veracruz,Coatepec,Naolinco,Naolinco,Otoño-Invierno,Temporal,Papa,33.0,33.0,0.0,313.5,9.5,8500.0,2664750.0
2023,Veracruz,Coatepec,Naolinco,Rafael Lucio,Otoño-Invierno,Temporal,Papa,72.0,72.0,0.0,720.0,10.0,8300.0,5976000.0
2023,Veracruz,Coatepec,Naolinco,Tlacolulan,Otoño-Invierno,Temporal,Papa,12.0,12.0,0.0,132.0,11.0,8600.0,1135200.0
2023,Veracruz,Coatepec,Naolinco,Tonayán,Otoño-Invierno,Temporal,Papa,42.0,42.0,0.0,541.8,12.9,8750.0,4740750.0
2023,Veracruz,Fortín,Acultzingo,Mariano Escobedo,Otoño-Invierno,Temporal,Papa,350.47,350.47,0.0,3567.78,10.18,7254.68,25883102.21
2023,Veracruz,Fortín,Acultzingo,Mariano Escobedo,Primavera-Verano,Temporal,Papa,295.8,295.8,0.0,3481.57,11.77,7595.0,26442524.15
2023,Veracruz,Fortín,Acultzingo,La Perla,Otoño-Invierno,Temporal,Papa,334.31,334.31,0.0,3403.28,10.18,7251.64,24679361.38
2023,Veracruz,Fortín,Acultzingo,La Perla,Primavera-Verano,Temporal,Papa,398.82,398.82,0.0,4490.71,11.26,7600.0,34129396.0
2023,Veracruz,Fortín,Huatusco,Alpatláhuac,Otoño-Invierno,Temporal,Papa,107.0,107.0,0.0,989.75,9.25,7253.06,7178716.14
2023,Veracruz,Fortín,Huatusco,Alpatláhuac,Primavera-Verano,Temporal,Papa,53.38,53.38,0.0,539.14,10.1,7595.0,4094768.3
2023,Veracruz,Fortín,Huatusco,Calcahualco,Otoño-Invierno,Temporal,Papa,143.0,143.0,0.0,1314.17,9.19,7249.2,9526681.16
2023,Veracruz,Fortín,Huatusco,Calcahualco,Primavera-Verano,Temporal,Papa,63.58,63.58,0.0,644.7,10.14,7590.0,4893273.0
2023,Veracruz,Fortín,Huatusco,Coscomatepec,Otoño-Invierno,Temporal,Papa,346.0,346.0,0.0,3203.96,9.26,7250.78,23231209.09
2023,Veracruz,Fortín,Huatusco,Coscomatepec,Primavera-Verano,Temporal,Papa,80.58,80.58,0.0,827.56,10.27,7590.0,6281180.4
2023,Zacatecas,Zacatecas,Calera,Guadalupe,Primavera-Verano,Riego,Papa,140.56,140.56,0.0,5903.52,42.0,8925.0,52688916.0
2023,Zacatecas,Zacatecas,Villa de Cos,Pánuco,Primavera-Verano,Riego,Papa,237.67,237.67,0.0,10457.48,44.0,8113.6,84847809.73
2023,Zacatecas,Zacatecas,Villa de Cos,Villa de Cos,Primavera-Verano,Riego,Papa,390.1,390.1,0.0,16384.2,42.0,7941.04,130107587.57
2024,Baja California Sur,Comondú,Comondú,Comondú,Otoño-Invierno,Riego,Papa,1625.0,1625.0,0.0,47450.0,29.2,6261.1,297089195.0
2024,Baja California Sur,Comondú,Comondú,Comondú,Primavera-Verano,Riego,Papa,850.0,850.0,0.0,27489.0,32.34,6066.03,166749098.7
2024,Coahuila,Frontera,Ocampo,Ocampo,Primavera-Verano,Riego,Papa,142.0,142.0,0.0,5760.94,40.57,10412.5,59985787.75
2024,Coahuila,Saltillo,Arteaga,Arteaga,Primavera-Verano,Riego,Papa,120.0,120.0,0.0,3720.0,31.0,14900.0,55428000.0
2024,Coahuila,Saltillo,Agua Nueva,Saltillo,Primavera-Verano,Riego,Papa,15.0,15.0,0.0,480.0,32.0,14859.2,7132416.0
2024,Chiapas,San Cristóbal de las Casas,San Cristóbal de Las Casas,Chamula,Primavera-Verano,Temporal,Papa,394.1,394.1,0.0,7160.8,18.17,8982.63,64322816.9
2024,Chiapas,San Cristóbal de las Casas,San Cristóbal de Las Casas,Larráinzar,Primavera-Verano,Temporal,Papa,320.0,320.0,0.0,5766.4,18.02,8999.84,51896677.38
2024,Chiapas,San Cristóbal de las Casas,San Cristóbal de Las Casas,San Cristóbal de Las Casas,Otoño-Invierno,Riego,Papa,217.4,217.4,0.0,5141.51,23.65,9719.42,49972495.12
2024,Chiapas,San Cristóbal de las Casas,San Cristóbal de Las Casas,San Cristóbal de Las Casas,Primavera-Verano,Temporal,Papa,315.2,315.2,0.0,5780.77,18.34,9007.76,52071788.78
2024,Chiapas,San Cristóbal de las Casas,San Cristóbal de Las Casas,Teopisca,Primavera-Verano,Temporal,Papa,19.5,19.5,0.0,345.93,17.74,8942.59,3093510.16
2024,Chiapas,San Cristóbal de las Casas,San Cristóbal de Las Casas,Zinacantán,Primavera-Verano,Temporal,Papa,42.5,42.5,0.0,780.73,18.37,8967.41,7001126.01
2024,Chiapas,San Cristóbal de las Casas,Chenalhó,Chenalhó,Otoño-Invierno,Riego,Papa,37.1,37.1,0.0,821.77,22.15,9766.69,8025972.84
2024,Chiapas,Motozintla,Amatenango/Motozintla,Motozintla,Primavera-Verano,Temporal,Papa,95.1,95.1,0.0,794.09,8.35,5614.5,4458418.31
2024,Chiapas,Motozintla,Porvenir,Bejucal de Ocampo,Primavera-Verano,Temporal,Papa,129.0,129.0,0.0,1044.9,8.1,5572.7,5822914.23
2024,Chiapas,Motozintla,Porvenir,La Grandeza,Primavera-Verano,Temporal,Papa,26.0,26.0,0.0,213.2,8.2,5563.3,1186095.56
2024,Chiapas,Motozintla,Porvenir,El Porvenir,Primavera-Verano,Temporal,Papa,196.0,196.0,0.0,1595.72,8.14,5506.44,8786742.4
2024,Chiapas,Motozintla,Porvenir,Siltepec,Primavera-Verano,Temporal,Papa,95.5,95.5,0.0,776.42,8.13,5551.5,4310295.63
2024,Chihuahua,Casas Grandes,Nuevo Casas Grandes,Nuevo Casas Grandes,Primavera-Verano,Riego,Papa,120.0,120.0,0.0,3960.0,33.0,10300.0,40788000.0
2024,Chihuahua,Casas Grandes,Janos,Janos,Primavera-Verano,Riego,Papa,190.0,190.0,0.0,6270.0,33.0,10300.0,64581000.0
2024,Chihuahua,Casas Grandes,Ascensión,Ascensión,Primavera-Verano,Riego,Papa,70.0,70.0,0.0,2310.0,33.0,10300.0,23793000.0
2024,Chihuahua,Madera,Madera,Madera,Primavera-Verano,Riego,Papa,6.0,6.0,0.0,194.4,32.4,20000.0,3888000.0
2024,Chihuahua,Madera,Soto Máynez,Namiquipa,Primavera-Verano,Riego,Papa,70.0,70.0,0.0,2458.4,35.12,12000.0,29500800.0
2024,Chihuahua,Madera,El Terrero,Namiquipa,Primavera-Verano,Riego,Papa,84.0,84.0,0.0,3087.0,36.75,12000.0,37044000.0
2024,Chihuahua,Papigochi,La Junta,Guerrero,Primavera-Verano,Riego,Papa,340.0,340.0,0.0,12954.0,38.1,18000.0,233172000.0
2024,Chihuahua,Papigochi,Guerrero,Guerrero,Primavera-Verano,Riego,Papa,80.0,80.0,0.0,3040.0,38.0,18000.0,54720000.0
2024,Chihuahua,San Juanito,San Juanito,Batopilas de Manuel Gómez Morín,Primavera-Verano,Temporal,Papa,20.0,20.0,0.0,76.2,3.81,18000.0,1371600.0
2024,Chihuahua,San Juanito,San Juanito,Bocoyna,Primavera-Verano,Temporal,Papa,30.0,30.0,0.0,125.7,4.19,18000.0,2262600.0
2024,Chihuahua,San Juanito,San Juanito,Maguarichi,Primavera-Verano,Temporal,Papa,10.0,10.0,0.0,39.2,3.92,18000.0,705600.0
2024,Chihuahua,San Juanito,San Juanito,Morelos,Primavera-Verano,Temporal,Papa,10.0,10.0,0.0,38.0,3.8,18000.0,684000.0
2024,Chihuahua,San Juanito,Tomochi,Moris,Primavera-Verano,Temporal,Papa,20.0,20.0,0.0,72.2,3.61,18000.0,1299600.0
2024,Chihuahua,San Juanito,Tomochi,Ocampo,Primavera-Verano,Temporal,Papa,20.0,20.0,0.0,78.2,3.91,18000.0,1407600.0
2024,Chihuahua,San Juanito,Tomochi,Uruachi,Primavera-Verano,Temporal,Papa,10.0,10.0,0.0,38.6,3.86,18000.0,694800.0
2024,Chihuahua,San Juanito,San Rafael,Urique,Primavera-Verano,Temporal,Papa,20.0,20.0,0.0,77.2,3.86,18000.0,1389600.0
2024,Chihuahua,San Juanito,Témoris,Chínipas,Primavera-Verano,Temporal,Papa,20.0,20.0,0.0,77.0,3.85,18000.0,1386000.0
2024,Chihuahua,San Juanito,Témoris,Guazapares,Primavera-Verano,Temporal,Papa,20.0,20.0,0.0,76.8,3.84,18000.0,1382400.0
2024,Chihuahua,Balleza,Balleza,Balleza,Primavera-Verano,Temporal,Papa,55.0,55.0,0.0,225.5,4.1,8510.0,1919005.0
2024,Chihuahua,Balleza,Guachochi,Guachochi,Primavera-Verano,Temporal,Papa,95.0,95.0,0.0,427.5,4.5,8520.0,3642300.0
2024,Chihuahua,Balleza,Guadalupe Y Calvo,Guadalupe Y Calvo,Primavera-Verano,Temporal,Papa,35.0,35.0,0.0,122.5,3.5,9900.0,1212750.0
2024,Ciudad de México,Xochimilco,San Mateo Xalpa,Tlalpan,Primavera-Verano,Temporal,Papa,850.0,850.0,0.0,41752.0,49.12,7898.04,329758966.1
2024,Ciudad de México,Xochimilco,San Antonio Tecómitl,Milpa Alta,Primavera-Verano,Temporal,Papa,188.0,188.0,0.0,7444.8,39.6,7840.43,58370433.26
2024,Durango,El Salto,El Salto,Pueblo Nuevo,Primavera-Verano,Temporal,Papa,11.0,11.0,0.0,57.97,5.27,9100.0,527527.0
2024,Durango,El Salto,El Salto,Tamazula,Primavera-Verano,Temporal,Papa,14.0,14.0,0.0,96.74,6.91,9120.0,882268.8
2024,Durango,Villa Ocampo,Guanaceví,Guanaceví,Primavera-Verano,Temporal,Papa,4.0,4.0,0.0,79.6,19.9,9200.0,732320.0
2024,Durango,Santiago Papasquiaro,Tepehuanes,Canelas,Primavera-Verano,Temporal,Papa,14.0,14.0,0.0,233.94,16.71,9790.0,2290272.6
2024,Durango,Santiago Papasquiaro,Tepehuanes,Tepehuanes,Primavera-Verano,Temporal,Papa,35.0,35.0,0.0,658.0,18.8,9682.37,6370999.46
2024,Durango,Santiago Papasquiaro,Tepehuanes,Topia,Primavera-Verano,Temporal,Papa,10.0,10.0,0.0,198.5,19.85,9690.43,1923550.36
2024,Durango,Santiago Papasquiaro,Santiago Papasquiaro,Otáez,Primavera-Verano,Temporal,Papa,18.0,10.0,8.0,185.0,18.5,9858.27,1823779.95
2024,Durango,Santiago Papasquiaro,Santiago Papasquiaro,Santiago Papasquiaro,Primavera-Verano,Temporal,Papa,64.0,44.0,20.0,806.08,18.32,9780.0,7883462.4
2024,Guanajuato,León,Leon,León,Otoño-Invierno,Riego,Papa,48.0,48.0,0.0,2496.0,52.0,6900.0,17222400.0
2024,Guanajuato,León,San Francisco del Rincón,Purísima del Rincón,Otoño-Invierno,Riego,Papa,150.0,150.0,0.0,7350.0,49.0,7200.0,52920000.0
2024,Guanajuato,León,San Francisco del Rincón,San Francisco del Rincón,Otoño-Invierno,Riego,Papa,315.0,315.0,0.0,14899.5,47.3,7200.0,107276400.0
2024,Hidalgo,Pachuca,Atotonilco,Omitlán de Juárez,Primavera-Verano,Temporal,Papa,5.0,4.0,1.0,38.76,9.69,8000.0,310080.0
2024,Hidalgo,Pachuca,Apan,Almoloya,Primavera-Verano,Temporal,Papa,9.46,9.46,0.0,113.99,12.05,7530.0,858344.7
2024,Jalisco,Ciudad Guzmán,Zacoalco de Torres,Amacueca,Primavera-Verano,Temporal,Papa,50.85,50.85,0.0,1654.15,32.53,9860.0,16309919.0
2024,Jalisco,Ciudad Guzmán,Tapalpa,Atemajac de Brizuela,Primavera-Verano,Temporal,Papa,42.0,42.0,0.0,1348.62,32.11,10570.0,14254913.4
2024,Jalisco,Ciudad Guzmán,Tapalpa,Tapalpa,Primavera-Verano,Temporal,Papa,1800.0,1800.0,0.0,61254.0,34.03,9993.69,612153487.3
2024,Jalisco,Ciudad Guzmán,Sayula,San Gabriel,Primavera-Verano,Temporal,Papa,12.0,12.0,0.0,441.24,36.77,9860.0,4350626.4
2024,México,Toluca,Zinacantepec,Zinacantepec,Primavera-Verano,Riego,Papa,155.0,155.0,0.0,4702.7,30.34,6578.55,30936947.09
2024,México,Toluca,Zinacantepec,Zinacantepec,Primavera-Verano,Temporal,Papa,764.0,764.0,0.0,18779.12,24.58,8102.63,152160261.1
2024,México,Toluca,Tenango del Valle,Joquicingo,Primavera-Verano,Temporal,Papa,364.0,364.0,0.0,9001.72,24.73,8018.34,72178851.54
2024,México,Toluca,Tenango del Valle,Tenango del Valle,Primavera-Verano,Temporal,Papa,715.0,715.0,0.0,21450.0,30.0,6945.5,148980975.0
2024,México,Toluca,Toluca,Toluca,Primavera-Verano,Temporal,Papa,18.0,18.0,0.0,360.0,20.0,8501.2,3060432.0
2024,México,Toluca,Santiago Tianguistengo,Capulhuac,Primavera-Verano,Temporal,Papa,69.5,69.5,0.0,1765.3,25.4,8190.13,14458036.49
2024,México,Toluca,Santiago Tianguistengo,Xalatlaco,Primavera-Verano,Temporal,Papa,171.0,171.0,0.0,3691.89,21.59,8447.78,31188274.5
2024,México,Toluca,Santiago Tianguistengo,Tianguistenco,Primavera-Verano,Temporal,Papa,143.56,143.56,0.0,3379.4,23.54,8216.43,27766603.54
2024,México,Toluca,Mexicalzingo,Calimaya,Primavera-Verano,Temporal,Papa,60.5,60.5,0.0,1468.94,24.28,7859.28,11544810.76
2024,México,Texcoco,Chalco,Chalco,Primavera-Verano,Temporal,Papa,10.0,10.0,0.0,252.0,25.2,7430.77,1872554.04
2024,México,Texcoco,Juchitepec,Juchitepec,Primavera-Verano,Temporal,Papa,380.0,380.0,0.0,13680.0,36.0,8068.0,110370240.0
2024,México,Tejupilco,Temascaltepec,Temascaltepec,Otoño-Invierno,Riego,Papa,100.0,100.0,0.0,1833.0,18.33,10617.5,19461877.5
2024,México,Tejupilco,Temascaltepec,Temascaltepec,Primavera-Verano,Temporal,Papa,98.8,98.8,0.0,1185.6,12.0,8615.0,10213944.0
2024,México,Atlacomulco,San Felipe del Progreso,San Felipe del Progreso,Primavera-Verano,Temporal,Papa,72.0,72.0,0.0,1972.8,27.4,9075.0,17903160.0
2024,México,Atlacomulco,La Trinidad,San José del Rincón,Primavera-Verano,Temporal,Papa,680.0,680.0,0.0,20998.4,30.88,11962.14,251185800.6
2024,México,Atlacomulco,San Bartolo Morelos,Morelos,Primavera-Verano,Temporal,Papa,16.7,16.7,0.0,467.6,28.0,9900.0,4629240.0
2024,México,Atlacomulco,Jiquipilco,Jiquipilco,Primavera-Verano,Riego,Papa,14.0,14.0,0.0,282.24,20.16,10633.0,3001057.92
2024,México,Atlacomulco,Jiquipilco,Jiquipilco,Primavera-Verano,Temporal,Papa,19.0,19.0,0.0,291.46,15.34,10000.4,2914716.58
2024,México,Coatepec Harinas,Coatepec Harinas,Coatepec Harinas,Otoño-Invierno,Riego,Papa,16.5,16.5,0.0,419.6,25.43,6558.33,2751875.27
2024,México,Coatepec Harinas,Coatepec Harinas,Coatepec Harinas,Primavera-Verano,Riego,Papa,24.16,24.16,0.0,451.55,18.69,6906.0,3118404.3
2024,México,Coatepec Harinas,Coatepec Harinas,Coatepec Harinas,Primavera-Verano,Temporal,Papa,14.0,14.0,0.0,257.18,18.37,5487.27,1411216.1
2024,México,Coatepec Harinas,Ocuilan,Ocuilan,Primavera-Verano,Temporal,Papa,240.38,240.38,0.0,5867.68,24.41,5738.18,33669804.02
2024,México,Valle de Bravo,Valle de Bravo,Valle de Bravo,Otoño-Invierno,Riego,Papa,94.5,94.5,0.0,2951.24,31.23,6271.21,18507845.8
2024,México,Valle de Bravo,Villa Victoria,Villa Victoria,Primavera-Verano,Temporal,Papa,700.0,700.0,0.0,25298.0,36.14,8190.09,207192896.8
2024,México,Valle de Bravo,Villa de Allende,Villa de Allende,Primavera-Verano,Temporal,Papa,440.53,440.53,0.0,15687.27,35.61,7619.19,119524290.7
2024,México,Valle de Bravo,Amanalco,Amanalco,Otoño-Invierno,Riego,Papa,85.5,85.5,0.0,2583.81,30.22,6818.9,17618742.01
2024,México,Valle de Bravo,Amanalco,Amanalco,Primavera-Verano,Temporal,Papa,290.0,290.0,0.0,7864.8,27.12,7988.58,62828583.98
2024,México,Valle de Bravo,Donato Guerra,Donato Guerra,Otoño-Invierno,Riego,Papa,54.0,54.0,0.0,1634.58,30.27,8365.93,13674781.86
2024,México,Valle de Bravo,Donato Guerra,Donato Guerra,Primavera-Verano,Temporal,Papa,76.48,76.48,0.0,2165.15,28.31,8108.58,17556291.99
2024,Michoacán,Uruapan,Ziracuaretiro,Tingambato,Primavera-Verano,Temporal,Papa,150.0,150.0,0.0,3900.0,26.0,9356.0,36488400.0
2024,Michoacán,Uruapan,Paracho,Charapan,Primavera-Verano,Temporal,Papa,130.0,130.0,0.0,3900.0,30.0,9531.46,37172694.0
2024,Michoacán,Uruapan,Paracho,Nahuatzen,Primavera-Verano,Temporal,Papa,125.0,125.0,0.0,3750.0,30.0,9455.36,35457600.0
2024,Michoacán,Zamora,Zamora,Tangamandapio,Primavera-Verano,Temporal,Papa,179.0,179.0,0.0,4788.25,26.75,8705.0,41681716.25
2024,Michoacán,Zamora,Zamora,Zamora,Otoño-Invierno,Riego,Papa,20.0,20.0,0.0,530.0,26.5,12000.0,6360000.0
2024,Michoacán,Zamora,Tangancícuaro,Chilchota,Primavera-Verano,Temporal,Papa,22.0,22.0,0.0,869.0,39.5,8823.64,7667743.16
2024,Michoacán,Zamora,Tangancícuaro,Tangancícuaro,Otoño-Invierno,Riego,Papa,110.0,110.0,0.0,2200.0,20.0,12220.46,26885012.0
2024,Michoacán,Zamora,Tangancícuaro,Tangancícuaro,Primavera-Verano,Temporal,Papa,835.8,835.8,0.0,26327.7,31.5,8550.0,225101835.0
2024,Michoacán,Zamora,Reyes Los,Los Reyes,Primavera-Verano,Temporal,Papa,80.0,80.0,0.0,2280.0,28.5,8756.13,19963976.4
2024,Michoacán,La Piedad,Zacapu,Zacapu,Primavera-Verano,Temporal,Papa,24.0,24.0,0.0,376.32,15.68,8216.33,3091969.31
2024,Michoacán,Pátzcuaro,Quiroga,Erongarícuaro,Primavera-Verano,Temporal,Papa,112.0,112.0,0.0,3066.56,27.38,7338.13,22502815.93
2024,Michoacán,Zitácuaro,Ciudad Hidalgo,Hidalgo,Primavera-Verano,Temporal,Papa,15.0,15.0,0.0,387.45,25.83,7760.0,3006612.0
2024,Morelos,Zacatepec-Galeana,Yautepec,Huitzilac,Primavera-Verano,Temporal,Papa,94.0,94.0,0.0,2068.0,22.0,5857.18,12112648.24
2024,Nuevo León,Galeana,Galeana,Galeana,Primavera-Verano,Riego,Papa,206.0,206.0,0.0,8858.0,43.0,15669.99,138804771.4
2024,Nuevo León,Galeana,San Rafael,Galeana,Primavera-Verano,Riego,Papa,800.0,800.0,0.0,36400.0,45.5,17402.2,633440080.0
2024,Nuevo León,Galeana,El Potosí,Galeana,Primavera-Verano,Riego,Papa,1056.0,1056.0,0.0,45408.0,43.0,13500.0,613008000.0
2024,Nuevo León,Galeana,Aramberri,Aramberri,Primavera-Verano,Riego,Papa,530.0,530.0,0.0,22843.0,43.1,14000.0,319802000.0
2024,Oaxaca,Sierra Juárez,Ixtlán,San Miguel Amatlán,Primavera-Verano,Temporal,Papa,29.25,29.25,0.0,276.41,9.45,4820.54,1332445.46
2024,Oaxaca,Sierra Juárez,Ayutla/Mixe,Tamazulápam del Espíritu Santo,Primavera-Verano,Temporal,Papa,17.0,17.0,0.0,154.87,9.11,4800.62,743472.02
2024,Oaxaca,Sierra Juárez,Ayutla/Mixe,San Pedro Y San Pablo Ayutla,Primavera-Verano,Temporal,Papa,6.8,6.8,0.0,69.97,10.29,4301.55,300979.45
2024,Oaxaca,Sierra Juárez,Ayutla/Mixe,Santa María Tlahuitoltepec,Primavera-Verano,Temporal,Papa,17.8,17.8,0.0,167.14,9.39,4565.37,763055.94
2024,Oaxaca,Sierra Juárez,Ayutla/Mixe,Totontepec Villa de Morelos,Primavera-Verano,Temporal,Papa,13.5,13.5,0.0,124.61,9.23,4735.48,590088.16
2024,Puebla,Zacatlán,Zacatlán,Aquixtla,Otoño-Invierno,Riego,Papa,19.37,19.37,0.0,176.46,9.11,7477.12,1319412.6
2024,Puebla,Zacatlán,Zacatlán,Aquixtla,Otoño-Invierno,Temporal,Papa,9.64,9.64,0.0,79.43,8.24,7400.0,587782.0
2024,Puebla,Zacatlán,Zacatlán,Aquixtla,Primavera-Verano,Riego,Papa,33.0,33.0,0.0,289.41,8.77,7681.14,2222998.73
2024,Puebla,Zacatlán,Zacatlán,Aquixtla,Primavera-Verano,Temporal,Papa,31.09,31.09,0.0,229.11,7.37,8534.06,1955239.17
2024,Puebla,Zacatlán,Zacatlán,Chignahuapan,Otoño-Invierno,Riego,Papa,6.87,6.87,0.0,60.52,8.81,7428.88,449595.82
2024,Puebla,Zacatlán,Zacatlán,Chignahuapan,Otoño-Invierno,Temporal,Papa,10.2,10.2,0.0,84.35,8.27,7500.0,632625.0
2024,Puebla,Zacatlán,Zacatlán,Chignahuapan,Primavera-Verano,Riego,Papa,9.34,9.34,0.0,96.67,10.35,7800.0,754026.0
2024,Puebla,Zacatlán,Zacatlán,Chignahuapan,Primavera-Verano,Temporal,Papa,7.84,7.84,0.0,69.54,8.87,8200.0,570228.0
2024,Puebla,Zacatlán,Zacatlán,Ixtacamaxtitlán,Otoño-Invierno,Riego,Papa,21.45,21.45,0.0,192.19,8.96,7210.83,1385849.42
2024,Puebla,Zacatlán,Zacatlán,Ixtacamaxtitlán,Otoño-Invierno,Temporal,Papa,30.14,30.14,0.0,242.93,8.06,7250.0,1761242.5
2024,Puebla,Zacatlán,Zacatlán,Ixtacamaxtitlán,Primavera-Verano,Riego,Papa,55.37,55.37,0.0,724.79,13.09,7420.64,5378405.67
2024,Puebla,Zacatlán,Zacatlán,Ixtacamaxtitlán,Primavera-Verano,Temporal,Papa,130.19,130.19,0.0,1043.18,8.01,8082.26,8431250.93
2024,Puebla,Zacatlán,Zacatlán,Tetela de Ocampo,Otoño-Invierno,Riego,Papa,16.93,16.93,0.0,147.8,8.73,7317.73,1081560.49
2024,Puebla,Zacatlán,Zacatlán,Tetela de Ocampo,Otoño-Invierno,Temporal,Papa,15.23,15.23,0.0,121.08,7.95,7300.0,883884.0
2024,Puebla,Zacatlán,Zacatlán,Tetela de Ocampo,Primavera-Verano,Riego,Papa,18.44,18.44,0.0,211.14,11.45,7595.8,1603777.21
2024,Puebla,Zacatlán,Zacatlán,Tetela de Ocampo,Primavera-Verano,Temporal,Papa,20.41,20.41,0.0,159.74,7.83,8582.52,1370972.02
2024,Puebla,Zacatlán,Zacatlán,Zacatlán,Otoño-Invierno,Riego,Papa,11.99,11.99,0.0,111.75,9.32,7447.65,832274.89
2024,Puebla,Zacatlán,Zacatlán,Zacatlán,Otoño-Invierno,Temporal,Papa,15.71,15.71,0.0,125.84,8.01,7400.0,931216.0
2024,Puebla,Zacatlán,Zacatlán,Zacatlán,Primavera-Verano,Riego,Papa,12.41,12.41,0.0,170.64,13.75,7644.12,1304392.64
2024,Puebla,Zacatlán,Zacatlán,Zacatlán,Primavera-Verano,Temporal,Papa,32.57,32.57,0.0,360.88,11.08,8300.0,2995304.0
2024,Puebla,Teziutlán,Zacapoaxtla,Nauzontla,Otoño-Invierno,Temporal,Papa,30.0,30.0,0.0,745.5,24.85,8243.0,6145156.5
2024,Puebla,Teziutlán,Zacapoaxtla,Nauzontla,Primavera-Verano,Temporal,Papa,60.0,60.0,0.0,1272.0,21.2,8028.77,10212595.44
2024,Puebla,Teziutlán,Zacapoaxtla,Zacapoaxtla,Otoño-Invierno,Riego,Papa,22.0,22.0,0.0,836.0,38.0,8990.0,7515640.0
2024,Puebla,Teziutlán,Zacapoaxtla,Zacapoaxtla,Otoño-Invierno,Temporal,Papa,55.0,55.0,0.0,1434.95,26.09,8879.0,12740921.05
2024,Puebla,Teziutlán,Zacapoaxtla,Zacapoaxtla,Primavera-Verano,Riego,Papa,40.0,40.0,0.0,1198.0,29.95,9100.0,10901800.0
2024,Puebla,Teziutlán,Zacapoaxtla,Zacapoaxtla,Primavera-Verano,Temporal,Papa,770.0,770.0,0.0,16401.0,21.3,8273.48,135693345.5
2024,Puebla,Teziutlán,Tlatlauquitepec,Atempan,Otoño-Invierno,Riego,Papa,45.0,45.0,0.0,1755.9,39.02,5781.35,10151472.47
2024,Puebla,Teziutlán,Tlatlauquitepec,Atempan,Otoño-Invierno,Temporal,Papa,39.5,39.5,0.0,1164.86,29.49,8347.08,9723179.61
2024,Puebla,Teziutlán,Tlatlauquitepec,Chignautla,Primavera-Verano,Temporal,Papa,27.0,27.0,0.0,656.91,24.33,10418.59,6844075.96
2024,Puebla,Teziutlán,Tlatlauquitepec,Hueyapan,Otoño-Invierno,Temporal,Papa,35.0,35.0,0.0,945.0,27.0,8556.49,8085883.05
2024,Puebla,Teziutlán,Tlatlauquitepec,Teteles de Avila Castillo,Otoño-Invierno,Riego,Papa,30.0,30.0,0.0,1109.1,36.97,8971.52,9950312.83
2024,Puebla,Teziutlán,Tlatlauquitepec,Teteles de Avila Castillo,Otoño-Invierno,Temporal,Papa,18.0,18.0,0.0,475.92,26.44,8453.28,4023085.02
2024,Puebla,Teziutlán,Tlatlauquitepec,Tlatlauquitepec,Otoño-Invierno,Riego,Papa,995.0,995.0,0.0,38675.65,38.87,9378.46,362718036.5
2024,Puebla,Teziutlán,Tlatlauquitepec,Tlatlauquitepec,Otoño-Invierno,Temporal,Papa,275.0,275.0,0.0,7243.5,26.34,8516.11,61686442.79
2024,Puebla,Teziutlán,Tlatlauquitepec,Tlatlauquitepec,Primavera-Verano,Riego,Papa,392.0,392.0,0.0,12645.92,32.26,10295.17,130191896.2
2024,Puebla,Teziutlán,Tlatlauquitepec,Tlatlauquitepec,Primavera-Verano,Temporal,Papa,1000.0,1000.0,0.0,24990.0,24.99,10393.04,259722069.6
2024,Puebla,Teziutlán,Tlatlauquitepec,Yaonáhuac,Otoño-Invierno,Temporal,Papa,20.0,20.0,0.0,465.0,23.25,8455.12,3931630.8
2024,Puebla,Teziutlán,Tlatlauquitepec,Zaragoza,Primavera-Verano,Riego,Papa,43.75,43.75,0.0,1345.31,30.75,10413.99,14010044.89
2024,Puebla,Teziutlán,Tlatlauquitepec,Zaragoza,Primavera-Verano,Temporal,Papa,62.0,62.0,0.0,1556.82,25.11,10310.12,16051001.02
2024,Puebla,Libres,Libres,Cuyoaco,Primavera-Verano,Riego,Papa,3.0,3.0,0.0,72.78,24.26,8858.78,644742.01
2024,Puebla,Libres,Libres,Libres,Primavera-Verano,Riego,Papa,12.0,12.0,0.0,297.84,24.82,8994.7,2678981.45
2024,Puebla,Libres,Libres,Oriental,Primavera-Verano,Riego,Papa,3.0,3.0,0.0,72.69,24.23,8911.57,647782.02
2024,Puebla,Libres,Guadalupe Victoria,Chichiquila,Primavera-Verano,Temporal,Papa,208.0,208.0,0.0,4264.0,20.5,10356.34,44159433.76
2024,Puebla,Libres,Guadalupe Victoria,Chilchotla,Otoño-Invierno,Temporal,Papa,14.0,14.0,0.0,238.56,17.04,8675.0,2069508.0
2024,Puebla,Libres,Guadalupe Victoria,Chilchotla,Primavera-Verano,Temporal,Papa,276.0,276.0,0.0,5589.0,20.25,10327.34,57719503.26
2024,Puebla,Libres,Guadalupe Victoria,Guadalupe Victoria,Primavera-Verano,Riego,Papa,423.0,423.0,0.0,11069.91,26.17,9931.48,109940589.8
2024,Puebla,Libres,Guadalupe Victoria,Guadalupe Victoria,Primavera-Verano,Temporal,Papa,160.0,160.0,0.0,3235.2,20.22,10166.37,32890240.22
2024,Puebla,Libres,Guadalupe Victoria,Lafragua,Primavera-Verano,Temporal,Papa,80.0,80.0,0.0,1654.4,20.68,10100.37,16710052.13
2024,Puebla,Libres,Guadalupe Victoria,Quimixtlán,Otoño-Invierno,Temporal,Papa,55.0,55.0,0.0,1024.65,18.63,8265.0,8468732.25
2024,Puebla,Libres,Guadalupe Victoria,Quimixtlán,Primavera-Verano,Temporal,Papa,165.0,165.0,0.0,3446.85,20.89,10272.85,35408973.02
2024,Puebla,Libres,Ciudad Serdán,Atzitzintla,Otoño-Invierno,Temporal,Papa,12.0,12.0,0.0,185.04,15.42,10300.0,1905912.0
2024,Puebla,Libres,Ciudad Serdán,San Nicolás Buenos Aires,Otoño-Invierno,Riego,Papa,3.0,3.0,0.0,68.55,22.85,8670.0,594328.5
2024,Puebla,Libres,Ciudad Serdán,San Nicolás Buenos Aires,Primavera-Verano,Riego,Papa,60.0,60.0,0.0,1653.6,27.56,10500.0,17362800.0
2024,Puebla,Cholula,Texmelucan,Tlahuapan,Primavera-Verano,Temporal,Papa,14.0,14.0,0.0,300.02,21.43,11800.0,3540236.0
2024,San Luis Potosí,Matehuala,Villa de Guadalupe,Villa de Guadalupe,Primavera-Verano,Riego,Papa,7.0,7.0,0.0,182.0,26.0,8400.0,1528800.0
2024,Sinaloa,Los Mochis,El Carrizo,Ahome,Otoño-Invierno,Riego,Papa,285.0,185.0,100.0,6249.3,33.78,12600.0,78741180.0
2024,Sinaloa,Los Mochis,San Blas,El Fuerte,Otoño-Invierno,Riego,Papa,896.0,896.0,0.0,31360.0,35.0,11499.36,360619929.6
2024,Sinaloa,Los Mochis,Higueras de Zar,Ahome,Otoño-Invierno,Riego,Papa,350.0,350.0,0.0,12299.0,35.14,11608.16,142768759.8
2024,Sinaloa,Los Mochis,Ahome,Ahome,Otoño-Invierno,Riego,Papa,450.0,350.0,100.0,12250.0,35.0,11314.29,138600052.5
2024,Sinaloa,Los Mochis,Los Mochis,Ahome,Otoño-Invierno,Riego,Papa,7316.0,7316.0,0.0,258986.4,35.4,11311.06,2929410710.0
2024,Sinaloa,Los Mochis,Ruíz Cortinez,Guasave,Otoño-Invierno,Riego,Papa,2432.54,2303.54,129.0,80785.15,35.07,11359.99,917718496.2
2024,Sinaloa,Los Mochis,Ruíz Cortinez,Sinaloa,Otoño-Invierno,Riego,Papa,1590.0,1590.0,0.0,55650.0,35.0,11658.58,648799977.0
2024,Sinaloa,Guasave,La Trinidad,Sinaloa,Otoño-Invierno,Riego,Papa,25.0,25.0,0.0,975.0,39.0,7350.0,7166250.0
2024,Sinaloa,Guasave,El Burrión,Guasave,Otoño-Invierno,Riego,Papa,329.0,329.0,0.0,13982.5,42.5,7195.52,100611358.4
2024,Sinaloa,Guasave,Petatlán,Guasave,Otoño-Invierno,Riego,Papa,50.0,50.0,0.0,2100.0,42.0,7300.0,15330000.0
2024,Sonora,Caborca,Caborca,Caborca,Primavera-Verano,Riego,Papa,1765.0,1765.0,0.0,79354.4,44.96,8350.0,662609240.0
2024,Sonora,Caborca,Caborca,Pitiquito,Primavera-Verano,Riego,Papa,250.0,250.0,0.0,11052.5,44.21,8350.0,92288375.0
2024,Sonora,Caborca,Atil,Altar,Primavera-Verano,Riego,Papa,2790.0,2790.0,0.0,124210.8,44.52,8469.05,1051947476.0
2024,Sonora,Magdalena,Santa Ana,Trincheras,Primavera-Verano,Riego,Papa,498.0,498.0,0.0,20497.68,41.16,12150.0,249046812.0
2024,Sonora,Agua Prieta,Cananea,Naco,Primavera-Verano,Riego,Papa,29.0,29.0,0.0,890.01,30.69,8500.0,7565085.0
2024,Sonora,Guaymas,Guaymas D.D.R.,Guaymas,Otoño-Invierno,Riego,Papa,51.0,51.0,0.0,1720.23,33.73,8000.0,13761840.0
2024,Sonora,Cajeme,Cd. Obregón,Cajeme,Otoño-Invierno,Riego,Papa,2900.0,2900.0,0.0,105009.0,36.21,8195.62,860613860.6
2024,Sonora,Cajeme,Villa Juárez,Cajeme,Otoño-Invierno,Riego,Papa,60.0,60.0,0.0,1810.2,30.17,8046.83,14566371.67
2024,Sonora,Cajeme,Villa Juárez,Etchojoa,Otoño-Invierno,Riego,Papa,500.0,500.0,0.0,15100.0,30.2,8091.72,122184972.0
2024,Sonora,Cajeme,Villa Juárez,Navojoa,Otoño-Invierno,Riego,Papa,415.0,415.0,0.0,12748.8,30.72,8312.0,105968025.6
2024,Sonora,Cajeme,Villa Juárez,Benito Juárez,Otoño-Invierno,Riego,Papa,1275.0,1275.0,0.0,45096.75,35.37,8177.16,368763340.2
2024,Sonora,Cajeme,Bácum,Bácum,Otoño-Invierno,Riego,Papa,305.0,305.0,0.0,10519.45,34.49,8457.22,88965302.93
2024,Sonora,Cajeme,Bácum,Cajeme,Otoño-Invierno,Riego,Papa,295.0,295.0,0.0,10325.0,35.0,8609.98,88898043.5
2024,Sonora,Cajeme,Pueblo Yaqui,Bácum,Otoño-Invierno,Riego,Papa,475.0,475.0,0.0,16682.0,35.12,8284.62,138204030.8
2024,Sonora,Cajeme,Pueblo Yaqui,Cajeme,Otoño-Invierno,Riego,Papa,1410.0,1410.0,0.0,48095.1,34.11,8175.36,393194756.7
2024,Sonora,Navojoa,Navojoa,Navojoa,Otoño-Invierno,Riego,Papa,1875.0,1875.0,0.0,63806.25,34.03,8159.75,520643048.4
2024,Sonora,Navojoa,Etchojoa,Etchojoa,Otoño-Invierno,Riego,Papa,840.0,840.0,0.0,28526.4,33.96,8461.52,241376704.1
2024,Sonora,Navojoa,Huatabampo,Huatabampo,Otoño-Invierno,Riego,Papa,2420.0,2420.0,0.0,79811.6,32.98,8263.19,659498415.0
2024,Tlaxcala,Calpulalpan,Calpulalpan,Sanctórum de Lázaro Cárdenas,Primavera-Verano,Temporal,Papa,38.0,38.0,0.0,714.4,18.8,6352.35,4538118.84
2024,Tlaxcala,Calpulalpan,Calpulalpan,Nanacamilpa de Mariano Arista,Primavera-Verano,Temporal,Papa,37.0,37.0,0.0,693.01,18.73,6464.69,4480094.82
2024,Tlaxcala,Calpulalpan,Hueyotlipan,Españita,Primavera-Verano,Temporal,Papa,38.0,38.0,0.0,665.0,17.5,6139.75,4082933.75
2024,Tlaxcala,Calpulalpan,Hueyotlipan,Hueyotlipan,Primavera-Verano,Temporal,Papa,44.0,44.0,0.0,814.0,18.5,6352.22,5170707.08
2024,Tlaxcala,Calpulalpan,Tlaxco,Atlangatepec,Primavera-Verano,Temporal,Papa,22.0,22.0,0.0,407.0,18.5,6471.94,2634079.58
2024,Tlaxcala,Calpulalpan,Tlaxco,Tlaxco,Primavera-Verano,Temporal,Papa,221.0,221.0,0.0,4066.4,18.4,6351.4,25827332.96
2024,Tlaxcala,Huamantla,Huamantla,Huamantla,Primavera-Verano,Riego,Papa,8.0,8.0,0.0,292.8,36.6,5800.0,1698240.0
2024,Tlaxcala,Huamantla,Cuapiaxtla,Atltzayanca,Primavera-Verano,Riego,Papa,5.0,5.0,0.0,183.5,36.7,5400.0,990900.0
2024,Tlaxcala,Huamantla,Cuapiaxtla,Atltzayanca,Primavera-Verano,Temporal,Papa,21.0,21.0,0.0,376.32,17.92,8000.0,3010560.0
2024,Tlaxcala,Huamantla,Cuapiaxtla,Cuapiaxtla,Primavera-Verano,Riego,Papa,13.0,13.0,0.0,455.0,35.0,5600.0,2548000.0
2024,Tlaxcala,Huamantla,Teometitlán/Velazco,Terrenate,Primavera-Verano,Temporal,Papa,37.0,37.0,0.0,640.1,17.3,8672.59,5551324.86
2024,Tlaxcala,Huamantla,Teometitlán/Velazco,Emiliano Zapata,Primavera-Verano,Temporal,Papa,24.0,24.0,0.0,415.2,17.3,8924.52,3705460.7
2024,Veracruz,Huayacocotla,Huayacocotla,Huayacocotla,Primavera-Verano,Temporal,Papa,19.4,19.4,0.0,223.1,11.5,7414.41,1654154.87
2024,Veracruz,Martínez de la Torre,Martínez de La Torre,Atzalan,Otoño-Invierno,Temporal,Papa,75.0,75.0,0.0,1770.0,23.6,8350.0,14779500.0
2024,Veracruz,Coatepec,Coatepec,Coatepec,Otoño-Invierno,Temporal,Papa,68.0,68.0,0.0,1122.0,16.5,9500.0,10659000.0
2024,Veracruz,Coatepec,Coatepec,Xico,Otoño-Invierno,Temporal,Papa,91.0,91.0,0.0,1328.6,14.6,9250.0,12289550.0
2024,Veracruz,Coatepec,Coatepec,Xico,Primavera-Verano,Temporal,Papa,54.0,54.0,0.0,712.8,13.2,8413.71,5997293.03
2024,Veracruz,Coatepec,Coatepec,Tlalnelhuayocan,Otoño-Invierno,Temporal,Papa,83.0,83.0,0.0,1170.3,14.1,9200.0,10766760.0
2024,Veracruz,Coatepec,Perote,Altotonga,Primavera-Verano,Riego,Papa,241.0,241.0,0.0,10363.0,43.0,9100.0,94303300.0
2024,Veracruz,Coatepec,Perote,Altotonga,Primavera-Verano,Temporal,Papa,71.0,71.0,0.0,2059.0,29.0,9619.52,19806591.68
2024,Veracruz,Coatepec,Perote,Ayahualulco,Otoño-Invierno,Temporal,Papa,34.0,34.0,0.0,595.0,17.5,7960.0,4736200.0
2024,Veracruz,Coatepec,Perote,Ayahualulco,Primavera-Verano,Temporal,Papa,564.4,564.4,0.0,15470.2,27.41,9441.92,146068390.8
2024,Veracruz,Coatepec,Perote,Ixhuacán de Los Reyes,Otoño-Invierno,Temporal,Papa,43.0,43.0,0.0,666.5,15.5,8900.0,5931850.0
2024,Veracruz,Coatepec,Perote,Jalacingo,Primavera-Verano,Riego,Papa,579.4,579.4,0.0,25203.9,43.5,8335.96,210098702.2
2024,Veracruz,Coatepec,Perote,Jalacingo,Primavera-Verano,Temporal,Papa,456.0,456.0,0.0,13908.0,30.5,8562.24,119083633.9
2024,Veracruz,Coatepec,Perote,Perote,Otoño-Invierno,Temporal,Papa,78.0,78.0,0.0,1248.0,16.0,8918.59,11130400.32
2024,Veracruz,Coatepec,Perote,Perote,Primavera-Verano,Riego,Papa,571.3,571.3,0.0,24148.85,42.27,8116.17,195996171.9
2024,Veracruz,Coatepec,Perote,Perote,Primavera-Verano,Temporal,Papa,170.0,170.0,0.0,4590.0,27.0,9086.49,41706994.42
2024,Veracruz,Coatepec,Perote,Las Vigas de Ramírez,Primavera-Verano,Temporal,Papa,99.3,99.3,0.0,2830.05,28.5,8108.99,22948847.15
2024,Veracruz,Coatepec,Perote,Villa Aldama,Primavera-Verano,Riego,Papa,148.4,148.4,0.0,6232.8,42.0,8213.58,51193601.42
2024,Veracruz,Coatepec,Perote,Villa Aldama,Primavera-Verano,Temporal,Papa,179.0,179.0,0.0,5012.0,28.0,8998.3,45099478.6
2024,Veracruz,Coatepec,Naolinco,Acajete,Otoño-Invierno,Temporal,Papa,21.0,21.0,0.0,231.0,11.0,8700.0,2009700.0
2024,Veracruz,Coatepec,Naolinco,Coacoatzintla,Otoño-Invierno,Temporal,Papa,70.0,70.0,0.0,875.0,12.5,9000.0,7875000.0
2024,Veracruz,Coatepec,Naolinco,Miahuatlán,Otoño-Invierno,Temporal,Papa,18.5,18.5,0.0,212.75,11.5,9000.0,1914750.0
2024,Veracruz,Coatepec,Naolinco,Naolinco,Otoño-Invierno,Temporal,Papa,35.0,35.0,0.0,367.5,10.5,9000.0,3307500.0
2024,Veracruz,Coatepec,Naolinco,Rafael Lucio,Otoño-Invierno,Temporal,Papa,69.0,69.0,0.0,759.0,11.0,9000.0,6831000.0
2024,Veracruz,Coatepec,Naolinco,Tlacolulan,Otoño-Invierno,Temporal,Papa,14.0,14.0,0.0,156.8,11.2,9000.0,1411200.0
2024,Veracruz,Coatepec,Naolinco,Tonayán,Otoño-Invierno,Temporal,Papa,43.0,43.0,0.0,541.8,12.6,8900.0,4822020.0
2024,Veracruz,Fortín,Acultzingo,Mariano Escobedo,Otoño-Invierno,Temporal,Papa,350.47,350.47,0.0,3571.29,10.19,7260.0,25927565.4
2024,Veracruz,Fortín,Acultzingo,Mariano Escobedo,Primavera-Verano,Temporal,Papa,295.2,295.2,0.0,3468.6,11.75,9310.0,32292666.0
2024,Veracruz,Fortín,Acultzingo,La Perla,Otoño-Invierno,Temporal,Papa,334.31,334.31,0.0,3379.87,10.11,7305.0,24689950.35
2024,Veracruz,Fortín,Acultzingo,La Perla,Primavera-Verano,Temporal,Papa,400.12,400.12,0.0,4497.35,11.24,9310.0,41870328.5
2024,Veracruz,Fortín,Huatusco,Alpatláhuac,Otoño-Invierno,Temporal,Papa,105.0,105.0,0.0,964.95,9.19,8151.29,7865587.29
2024,Veracruz,Fortín,Huatusco,Alpatláhuac,Primavera-Verano,Temporal,Papa,54.38,54.38,0.0,548.15,10.08,9300.0,5097795.0
2024,Veracruz,Fortín,Huatusco,Calcahualco,Otoño-Invierno,Temporal,Papa,142.0,142.0,0.0,1303.56,9.18,8140.53,10611669.29
2024,Veracruz,Fortín,Huatusco,Calcahualco,Primavera-Verano,Temporal,Papa,64.58,64.58,0.0,653.55,10.12,9320.0,6091086.0
2024,Veracruz,Fortín,Huatusco,Coscomatepec,Otoño-Invierno,Temporal,Papa,342.0,342.0,0.0,3156.66,9.23,7728.26,24395489.21
2024,Veracruz,Fortín,Huatusco,Coscomatepec,Primavera-Verano,Temporal,Papa,79.98,79.98,0.0,819.8,10.25,9310.0,7632338.0
2024,Zacatecas,Zacatecas,Calera,Guadalupe,Primavera-Verano,Riego,Papa,170.0,170.0,0.0,8126.0,47.8,9000.0,73134000.0
2024,Zacatecas,Zacatecas,Villa de Cos,Pánuco,Primavera-Verano,Riego,Papa,238.0,238.0,0.0,10714.76,45.02,8000.0,85718080.0
2024,Zacatecas,Zacatecas,Villa de Cos,Villa de Cos,Primavera-Verano,Riego,Papa,390.0,390.0,0.0,16621.8,42.62,8100.0,134636580.0
2024,Zacatecas,Jalpa,Nochistlán,Nochistlán de Mejía,Primavera-Verano,Riego,Papa,2.0,2.0,0.0,40.0,20.0,7000.0,280000.0
2025,Baja California Sur,Comondú,Comondú,Comondú,Otoño-Invierno,Riego,Papa,1675.0,1675.0,0.0,48910.0,29.2,6260.34,306193229.4
2025,Coahuila,Frontera,Ocampo,Ocampo,Primavera-Verano,Riego,Papa,142.0,142.0,0.0,5760.94,40.57,13500.0,77772690.0
2025,Coahuila,Saltillo,Arteaga,Arteaga,Primavera-Verano,Riego,Papa,120.0,120.0,0.0,3695.0,30.79,14800.0,54686000.0
2025,Coahuila,Saltillo,Agua Nueva,Saltillo,Primavera-Verano,Riego,Papa,24.0,24.0,0.0,768.0,32.0,13000.0,9984000.0
2025,Chiapas,San Cristóbal de las Casas,San Cristóbal de Las Casas,Chamula,Primavera-Verano,Temporal,Papa,395.3,395.3,0.0,7091.68,17.94,8994.15,63783633.67
2025,Chiapas,San Cristóbal de las Casas,San Cristóbal de Las Casas,Larráinzar,Primavera-Verano,Temporal,Papa,320.19,320.19,0.0,5780.4,18.05,9242.58,53425809.43
2025,Chiapas,San Cristóbal de las Casas,San Cristóbal de Las Casas,San Cristóbal de Las Casas,Otoño-Invierno,Riego,Papa,217.42,217.42,0.0,5155.03,23.71,9783.19,50432620.34
2025,Chiapas,San Cristóbal de las Casas,San Cristóbal de Las Casas,San Cristóbal de Las Casas,Primavera-Verano,Temporal,Papa,314.0,314.0,0.0,4477.64,14.26,9016.58,40372999.27
2025,Chiapas,San Cristóbal de las Casas,San Cristóbal de Las Casas,Teopisca,Primavera-Verano,Temporal,Papa,19.0,19.0,0.0,337.25,17.75,8953.45,3019551.01
2025,Chiapas,San Cristóbal de las Casas,San Cristóbal de Las Casas,Zinacantán,Primavera-Verano,Temporal,Papa,42.0,42.0,0.0,771.54,18.37,8962.07,6914595.49
2025,Chiapas,San Cristóbal de las Casas,Chenalhó,Chenalhó,Otoño-Invierno,Riego,Papa,37.2,37.2,0.0,824.35,22.16,9770.84,8054591.95
2025,Chiapas,Motozintla,Amatenango/Motozintla,Motozintla,Primavera-Verano,Temporal,Papa,96.25,96.25,0.0,797.5,8.29,5701.5,4546946.25
2025,Chiapas,Motozintla,Porvenir,Bejucal de Ocampo,Primavera-Verano,Temporal,Papa,128.0,128.0,0.0,1035.0,8.09,5575.3,5770435.5
2025,Chiapas,Motozintla,Porvenir,La Grandeza,Primavera-Verano,Temporal,Papa,20.0,20.0,0.0,185.0,9.25,5561.0,1028785.0
2025,Chiapas,Motozintla,Porvenir,El Porvenir,Primavera-Verano,Temporal,Papa,189.0,189.0,0.0,1572.3,8.32,6824.35,10729926.06
2025,Chiapas,Motozintla,Porvenir,Siltepec,Primavera-Verano,Temporal,Papa,91.0,91.0,0.0,737.0,8.1,5556.2,4094919.4
2025,Chihuahua,Madera,Madera,Madera,Primavera-Verano,Riego,Papa,10.0,10.0,0.0,300.0,30.0,11850.0,3555000.0
2025,Chihuahua,Papigochi,La Junta,Guerrero,Primavera-Verano,Riego,Papa,410.0,410.0,0.0,17220.0,42.0,10000.0,172200000.0
2025,Chihuahua,Papigochi,Guerrero,Guerrero,Primavera-Verano,Riego,Papa,80.0,80.0,0.0,3600.0,45.0,10000.0,36000000.0
2025,Chihuahua,San Juanito,San Juanito,Batopilas de Manuel Gómez Morín,Primavera-Verano,Temporal,Papa,22.0,22.0,0.0,82.61,3.76,16200.0,1338282.0
2025,Chihuahua,San Juanito,San Juanito,Bocoyna,Primavera-Verano,Temporal,Papa,32.0,32.0,0.0,135.84,4.25,16200.0,2200608.0
2025,Chihuahua,San Juanito,San Juanito,Maguarichi,Primavera-Verano,Temporal,Papa,10.0,10.0,0.0,37.1,3.71,16200.0,601020.0
2025,Chihuahua,San Juanito,San Juanito,Morelos,Primavera-Verano,Temporal,Papa,12.0,12.0,0.0,45.06,3.76,16200.0,729972.0
2025,Chihuahua,San Juanito,Tomochi,Moris,Primavera-Verano,Temporal,Papa,22.0,22.0,0.0,77.33,3.52,16200.0,1252746.0
2025,Chihuahua,San Juanito,Tomochi,Ocampo,Primavera-Verano,Temporal,Papa,30.0,30.0,0.0,106.65,3.56,16200.0,1727730.0
2025,Chihuahua,San Juanito,Tomochi,Uruachi,Primavera-Verano,Temporal,Papa,20.0,20.0,0.0,74.3,3.72,16200.0,1203660.0
2025,Chihuahua,San Juanito,San Rafael,Urique,Primavera-Verano,Temporal,Papa,30.0,30.0,0.0,102.9,3.43,20000.0,2058000.0
2025,Chihuahua,San Juanito,Témoris,Chínipas,Primavera-Verano,Temporal,Papa,22.0,22.0,0.0,82.72,3.76,22000.0,1819840.0
2025,Chihuahua,San Juanito,Témoris,Guazapares,Primavera-Verano,Temporal,Papa,25.0,25.0,0.0,93.38,3.74,21998.82,2054250.0
2025,Chihuahua,Balleza,Balleza,Balleza,Primavera-Verano,Temporal,Papa,65.0,65.0,0.0,282.0,4.34,8550.0,2411100.0
2025,Chihuahua,Balleza,Guachochi,Guachochi,Primavera-Verano,Temporal,Papa,100.0,100.0,0.0,470.0,4.7,8500.0,3995000.0
2025,Chihuahua,Balleza,Guadalupe Y Calvo,Guadalupe Y Calvo,Primavera-Verano,Temporal,Papa,40.0,40.0,0.0,175.0,4.38,9800.0,1715000.0
2025,Ciudad de México,Xochimilco,San Mateo Xalpa,Tlalpan,Primavera-Verano,Temporal,Papa,840.0,840.0,0.0,42000.0,50.0,7811.4,328078800.0
2025,Ciudad de México,Xochimilco,San Antonio Tecómitl,Milpa Alta,Primavera-Verano,Temporal,Papa,183.0,183.0,0.0,7320.0,40.0,10144.76,74259643.2
2025,Durango,El Salto,San Miguel de Cruces,San Dimas,Primavera-Verano,Temporal,Papa,9.0,9.0,0.0,90.99,10.11,9500.0,864405.0
2025,Durango,El Salto,El Salto,Pueblo Nuevo,Primavera-Verano,Temporal,Papa,4.0,4.0,0.0,18.8,4.7,9500.0,178600.0
2025,Durango,El Salto,El Salto,Tamazula,Primavera-Verano,Temporal,Papa,12.0,12.0,0.0,82.92,6.91,9500.0,787740.0
2025,Durango,Santiago Papasquiaro,Tepehuanes,Canelas,Primavera-Verano,Temporal,Papa,33.0,33.0,0.0,637.73,19.33,9499.93,6058387.5
2025,Durango,Santiago Papasquiaro,Tepehuanes,Tepehuanes,Primavera-Verano,Temporal,Papa,38.0,38.0,0.0,875.71,23.05,9423.25,8252034.26
2025,Durango,Santiago Papasquiaro,Tepehuanes,Topia,Primavera-Verano,Temporal,Papa,14.0,14.0,0.0,330.68,23.62,9500.0,3141460.0
2025,Durango,Santiago Papasquiaro,Santiago Papasquiaro,Otáez,Primavera-Verano,Temporal,Papa,20.0,20.0,0.0,473.9,23.7,9296.08,4405412.31
2025,Durango,Santiago Papasquiaro,Santiago Papasquiaro,Santiago Papasquiaro,Primavera-Verano,Temporal,Papa,69.0,69.0,0.0,1458.66,21.14,8441.41,12313147.11
2025,Guanajuato,León,Leon,León,Otoño-Invierno,Riego,Papa,52.0,52.0,0.0,2722.2,52.35,6900.0,18783180.0
2025,Guanajuato,León,San Francisco del Rincón,Purísima del Rincón,Otoño-Invierno,Riego,Papa,180.0,180.0,0.0,8739.0,48.55,10815.0,94512285.0
2025,Guanajuato,León,San Francisco del Rincón,San Francisco del Rincón,Otoño-Invierno,Riego,Papa,320.0,320.0,0.0,16112.0,50.35,11227.0,180889424.0
2025,Hidalgo,Pachuca,Atotonilco,Omitlán de Juárez,Primavera-Verano,Temporal,Papa,6.8,6.8,0.0,55.83,8.21,8000.0,446640.0
2025,Hidalgo,Pachuca,Apan,Almoloya,Primavera-Verano,Temporal,Papa,9.52,9.52,0.0,137.37,14.43,7795.34,1070845.86
2025,Jalisco,Ciudad Guzmán,Zacoalco de Torres,Amacueca,Primavera-Verano,Temporal,Papa,52.0,52.0,0.0,1725.36,33.18,9800.0,16908528.0
2025,Jalisco,Ciudad Guzmán,Tapalpa,Atemajac de Brizuela,Primavera-Verano,Temporal,Papa,60.0,55.0,5.0,1450.0,26.36,7800.0,11310000.0
2025,Jalisco,Ciudad Guzmán,Tapalpa,Tapalpa,Primavera-Verano,Temporal,Papa,1820.0,1820.0,0.0,60060.0,33.0,8720.67,523763440.2
2025,Jalisco,Ciudad Guzmán,Sayula,San Gabriel,Primavera-Verano,Temporal,Papa,12.0,12.0,0.0,446.4,37.2,9800.0,4374720.0
2025,México,Toluca,Almoloya de Juárez,Almoloya de Juárez,Primavera-Verano,Temporal,Papa,85.0,85.0,0.0,2550.0,30.0,5300.0,13515000.0
2025,México,Toluca,Zinacantepec,Zinacantepec,Primavera-Verano,Riego,Papa,600.0,600.0,0.0,13500.0,22.5,6315.0,85252500.0
2025,México,Toluca,Zinacantepec,Zinacantepec,Primavera-Verano,Temporal,Papa,764.0,764.0,0.0,18779.12,24.58,8286.75,155617872.7
2025,México,Toluca,Tenango del Valle,Joquicingo,Primavera-Verano,Temporal,Papa,390.0,390.0,0.0,11310.0,29.0,7478.33,84579912.3
2025,México,Toluca,Tenango del Valle,Tenango del Valle,Primavera-Verano,Temporal,Papa,960.0,960.0,0.0,28800.0,30.0,6607.55,190297440.0
2025,México,Toluca,Toluca,Toluca,Primavera-Verano,Temporal,Papa,20.0,20.0,0.0,360.0,18.0,9500.0,3420000.0
2025,México,Toluca,Santiago Tianguistengo,Capulhuac,Primavera-Verano,Temporal,Papa,64.0,64.0,0.0,1441.92,22.53,9000.0,12977280.0
2025,México,Toluca,Santiago Tianguistengo,Xalatlaco,Primavera-Verano,Temporal,Papa,171.0,171.0,0.0,3548.25,20.75,9000.0,31934250.0
2025,México,Toluca,Santiago Tianguistengo,Tianguistenco,Primavera-Verano,Temporal,Papa,142.0,142.0,0.0,2702.26,19.03,9000.0,24320340.0
2025,México,Toluca,Mexicalzingo,Calimaya,Primavera-Verano,Temporal,Papa,60.0,60.0,0.0,1500.0,25.0,9100.0,13650000.0
2025,México,Texcoco,Chalco,Chalco,Primavera-Verano,Temporal,Papa,10.0,10.0,0.0,251.8,25.18,8861.0,2231199.8
2025,México,Texcoco,Juchitepec,Juchitepec,Primavera-Verano,Temporal,Papa,380.0,380.0,0.0,13661.0,35.95,8528.23,116504150.0
2025,México,Tejupilco,Temascaltepec,Temascaltepec,Otoño-Invierno,Riego,Papa,169.9,169.9,0.0,3143.15,18.5,8905.0,27989750.75
2025,México,Tejupilco,Temascaltepec,Temascaltepec,Primavera-Verano,Temporal,Papa,45.88,45.88,0.0,707.92,15.43,6912.79,4893702.3
2025,México,Atlacomulco,San Felipe del Progreso,San Felipe del Progreso,Primavera-Verano,Temporal,Papa,115.0,115.0,0.0,2722.05,23.67,8836.98,24054701.41
2025,México,Atlacomulco,La Trinidad,San José del Rincón,Primavera-Verano,Temporal,Papa,601.0,601.0,0.0,16497.45,27.45,11383.96,187806310.9
2025,México,Atlacomulco,San Bartolo Morelos,Morelos,Primavera-Verano,Temporal,Papa,10.0,10.0,0.0,274.0,27.4,8900.0,2438600.0
2025,México,Atlacomulco,Jiquipilco,Jiquipilco,Primavera-Verano,Riego,Papa,14.0,14.0,0.0,278.74,19.91,9230.0,2572770.2
2025,México,Atlacomulco,Jiquipilco,Jiquipilco,Primavera-Verano,Temporal,Papa,19.0,19.0,0.0,290.7,15.3,8330.42,2421653.09
2025,México,Coatepec Harinas,Coatepec Harinas,Coatepec Harinas,Otoño-Invierno,Riego,Papa,16.7,16.7,0.0,425.85,25.5,8905.0,3792194.25
2025,México,Coatepec Harinas,Coatepec Harinas,Coatepec Harinas,Primavera-Verano,Riego,Papa,24.0,24.0,0.0,451.44,18.81,8615.0,3889155.6
2025,México,Coatepec Harinas,Coatepec Harinas,Coatepec Harinas,Primavera-Verano,Temporal,Papa,13.02,13.02,0.0,241.52,18.55,8572.58,2070449.52
2025,México,Coatepec Harinas,Ocuilan,Ocuilan,Primavera-Verano,Temporal,Papa,238.81,238.81,0.0,6018.01,25.2,8220.34,49470088.32
2025,México,Valle de Bravo,Valle de Bravo,Valle de Bravo,Otoño-Invierno,Riego,Papa,93.5,93.5,0.0,2930.18,31.34,8995.0,26356969.1
2025,México,Valle de Bravo,Villa Victoria,Villa Victoria,Primavera-Verano,Temporal,Papa,493.0,493.0,0.0,18530.0,37.59,7885.19,146112570.7
2025,México,Valle de Bravo,Villa de Allende,Villa de Allende,Primavera-Verano,Temporal,Papa,410.0,410.0,0.0,13162.03,32.1,11466.29,150919595.6
2025,México,Valle de Bravo,Amanalco,Amanalco,Otoño-Invierno,Riego,Papa,85.77,85.77,0.0,2623.85,30.59,7350.0,19285297.5
2025,México,Valle de Bravo,Amanalco,Amanalco,Primavera-Verano,Temporal,Papa,343.0,343.0,0.0,8532.0,24.87,7995.0,68213340.0
2025,México,Valle de Bravo,Donato Guerra,Donato Guerra,Otoño-Invierno,Riego,Papa,54.0,54.0,0.0,1800.0,33.33,8116.27,14609286.0
2025,México,Valle de Bravo,Donato Guerra,Donato Guerra,Primavera-Verano,Temporal,Papa,58.74,58.74,0.0,1703.46,29.0,8000.0,13627680.0
2025,Michoacán,Uruapan,Ziracuaretiro,Tingambato,Primavera-Verano,Temporal,Papa,139.0,139.0,0.0,3530.6,25.4,9557.7,33744415.62
2025,Michoacán,Uruapan,Paracho,Charapan,Primavera-Verano,Temporal,Papa,137.0,137.0,0.0,5343.0,39.0,9556.73,51061608.39
2025,Michoacán,Uruapan,Paracho,Cherán,Primavera-Verano,Temporal,Papa,137.0,137.0,0.0,5343.0,39.0,6000.0,32058000.0
2025,Michoacán,Uruapan,Paracho,Nahuatzen,Primavera-Verano,Temporal,Papa,131.0,131.0,0.0,4263.07,32.54,9535.07,40648689.66
2025,Michoacán,Zamora,Zamora,Tangamandapio,Primavera-Verano,Temporal,Papa,183.0,183.0,0.0,4794.6,26.2,8673.29,41584956.23
2025,Michoacán,Zamora,Zamora,Zamora,Otoño-Invierno,Riego,Papa,48.0,31.0,17.0,784.3,25.3,9975.0,7823392.5
2025,Michoacán,Zamora,Tangancícuaro,Tangancícuaro,Otoño-Invierno,Riego,Papa,110.0,110.0,0.0,2525.05,22.96,7897.97,19942769.15
2025,Michoacán,Zamora,Tangancícuaro,Tangancícuaro,Primavera-Verano,Temporal,Papa,877.0,877.0,0.0,26871.28,30.64,8208.75,220579619.7
2025,Michoacán,La Piedad,Zacapu,Zacapu,Primavera-Verano,Temporal,Papa,20.0,20.0,0.0,300.0,15.0,8150.0,2445000.0
2025,Michoacán,Pátzcuaro,Quiroga,Erongarícuaro,Primavera-Verano,Temporal,Papa,85.0,85.0,0.0,2380.0,28.0,8000.0,19040000.0
2025,Michoacán,Zitácuaro,Ciudad Hidalgo,Hidalgo,Primavera-Verano,Temporal,Papa,10.0,10.0,0.0,255.0,25.5,7850.0,2001750.0
2025,Morelos,Zacatepec-Galeana,Yautepec,Huitzilac,Primavera-Verano,Temporal,Papa,33.6,33.6,0.0,710.64,21.15,6218.0,4418759.52
2025,Nuevo León,Galeana,Galeana,Galeana,Primavera-Verano,Riego,Papa,210.0,210.0,0.0,3150.0,15.0,9642.86,30375009.0
2025,Nuevo León,Galeana,San Rafael,Galeana,Primavera-Verano,Riego,Papa,800.0,800.0,0.0,40000.0,50.0,15178.08,607123200.0
2025,Nuevo León,Galeana,El Potosí,Galeana,Primavera-Verano,Riego,Papa,1189.0,1189.0,0.0,50760.0,42.69,13500.33,685276750.8
2025,Nuevo León,Galeana,Aramberri,Aramberri,Primavera-Verano,Riego,Papa,400.0,400.0,0.0,18400.0,46.0,11101.8,204273120.0
2025,Oaxaca,Sierra Juárez,Ixtlán,San Miguel Amatlán,Primavera-Verano,Temporal,Papa,27.0,27.0,0.0,323.2,11.97,10547.67,3409006.94
2025,Oaxaca,Sierra Juárez,Ayutla/Mixe,Tamazulápam del Espíritu Santo,Primavera-Verano,Temporal,Papa,18.5,18.5,0.0,194.25,10.5,12157.31,2361557.47
2025,Oaxaca,Sierra Juárez,Ayutla/Mixe,San Pedro Y San Pablo Ayutla,Primavera-Verano,Temporal,Papa,7.5,7.5,0.0,78.75,10.5,12156.85,957351.94
2025,Oaxaca,Sierra Juárez,Ayutla/Mixe,Santa María Tlahuitoltepec,Primavera-Verano,Temporal,Papa,20.0,20.0,0.0,190.0,9.5,12157.18,2309864.2
2025,Oaxaca,Sierra Juárez,Ayutla/Mixe,Totontepec Villa de Morelos,Primavera-Verano,Temporal,Papa,18.0,18.0,0.0,171.0,9.5,12157.18,2078877.78
2025,Puebla,Zacatlán,Zacatlán,Aquixtla,Otoño-Invierno,Riego,Papa,19.0,19.0,0.0,170.0,8.95,7324.0,1245080.0
2025,Puebla,Zacatlán,Zacatlán,Aquixtla,Otoño-Invierno,Temporal,Papa,9.0,9.0,0.0,71.0,7.89,7354.0,522134.0
2025,Puebla,Zacatlán,Zacatlán,Aquixtla,Primavera-Verano,Riego,Papa,30.0,30.0,0.0,308.0,10.27,7544.0,2323552.0
2025,Puebla,Zacatlán,Zacatlán,Aquixtla,Primavera-Verano,Temporal,Papa,27.0,27.0,0.0,234.35,8.68,8224.12,1927321.5
2025,Puebla,Zacatlán,Zacatlán,Chignahuapan,Otoño-Invierno,Riego,Papa,7.0,7.0,0.0,62.35,8.91,7455.0,464819.25
2025,Puebla,Zacatlán,Zacatlán,Chignahuapan,Otoño-Invierno,Temporal,Papa,9.0,9.0,0.0,75.0,8.33,7455.0,559125.0
2025,Puebla,Zacatlán,Zacatlán,Chignahuapan,Primavera-Verano,Riego,Papa,9.0,9.0,0.0,100.13,11.13,7624.62,763453.13
2025,Puebla,Zacatlán,Zacatlán,Chignahuapan,Primavera-Verano,Temporal,Papa,5.0,5.0,0.0,44.65,8.93,7890.0,352288.5
2025,Puebla,Zacatlán,Zacatlán,Ixtacamaxtitlán,Otoño-Invierno,Riego,Papa,21.0,21.0,0.0,189.0,9.0,7385.0,1395765.0
2025,Puebla,Zacatlán,Zacatlán,Ixtacamaxtitlán,Otoño-Invierno,Temporal,Papa,27.0,27.0,0.0,220.0,8.15,7385.0,1624700.0
2025,Puebla,Zacatlán,Zacatlán,Ixtacamaxtitlán,Primavera-Verano,Riego,Papa,54.0,54.0,0.0,747.2,13.84,7537.0,5631646.4
2025,Puebla,Zacatlán,Zacatlán,Ixtacamaxtitlán,Primavera-Verano,Temporal,Papa,122.0,122.0,0.0,998.14,8.18,7333.34,7319704.0
2025,Puebla,Zacatlán,Zacatlán,Tetela de Ocampo,Otoño-Invierno,Riego,Papa,17.0,17.0,0.0,150.11,8.83,7400.0,1110814.0
2025,Puebla,Zacatlán,Zacatlán,Tetela de Ocampo,Otoño-Invierno,Temporal,Papa,15.0,15.0,0.0,123.0,8.2,7300.0,897900.0
2025,Puebla,Zacatlán,Zacatlán,Tetela de Ocampo,Primavera-Verano,Riego,Papa,18.0,18.0,0.0,254.0,14.11,7614.0,1933956.0
2025,Puebla,Zacatlán,Zacatlán,Tetela de Ocampo,Primavera-Verano,Temporal,Papa,19.0,19.0,0.0,159.72,8.41,8460.11,1351248.2
2025,Puebla,Zacatlán,Zacatlán,Zacatlán,Otoño-Invierno,Riego,Papa,12.0,12.0,0.0,108.1,9.01,7600.0,821560.0
2025,Puebla,Zacatlán,Zacatlán,Zacatlán,Otoño-Invierno,Temporal,Papa,14.0,14.0,0.0,110.0,7.86,7400.0,814000.0
2025,Puebla,Zacatlán,Zacatlán,Zacatlán,Primavera-Verano,Riego,Papa,13.0,13.0,0.0,188.35,14.49,7642.0,1439370.7
2025,Puebla,Zacatlán,Zacatlán,Zacatlán,Primavera-Verano,Temporal,Papa,31.0,31.0,0.0,322.32,10.4,7890.0,2543104.8
2025,Puebla,Teziutlán,Zacapoaxtla,Nauzontla,Otoño-Invierno,Temporal,Papa,35.0,35.0,0.0,868.0,24.8,8243.0,7154924.0
2025,Puebla,Teziutlán,Zacapoaxtla,Nauzontla,Primavera-Verano,Temporal,Papa,52.0,52.0,0.0,1099.8,21.15,8209.23,9028511.15
2025,Puebla,Teziutlán,Zacapoaxtla,Zacapoaxtla,Otoño-Invierno,Riego,Papa,25.0,25.0,0.0,836.67,33.47,8990.0,7521663.3
2025,Puebla,Teziutlán,Zacapoaxtla,Zacapoaxtla,Otoño-Invierno,Temporal,Papa,58.0,58.0,0.0,1432.6,24.7,8998.39,12891093.51
2025,Puebla,Teziutlán,Zacapoaxtla,Zacapoaxtla,Primavera-Verano,Riego,Papa,40.0,40.0,0.0,880.0,22.0,8980.0,7902400.0
2025,Puebla,Teziutlán,Zacapoaxtla,Zacapoaxtla,Primavera-Verano,Temporal,Papa,680.0,680.0,0.0,14898.8,21.91,7436.95,110801630.7
2025,Puebla,Teziutlán,Tlatlauquitepec,Atempan,Otoño-Invierno,Riego,Papa,60.0,60.0,0.0,2316.0,38.6,8065.0,18678540.0
2025,Puebla,Teziutlán,Tlatlauquitepec,Atempan,Otoño-Invierno,Temporal,Papa,37.0,37.0,0.0,870.0,23.51,8714.88,7581945.6
2025,Puebla,Teziutlán,Tlatlauquitepec,Chignautla,Primavera-Verano,Temporal,Papa,30.0,30.0,0.0,760.0,25.33,8500.0,6460000.0
2025,Puebla,Teziutlán,Tlatlauquitepec,Hueyapan,Otoño-Invierno,Temporal,Papa,38.0,38.0,0.0,904.4,23.8,8792.1,7951575.24
2025,Puebla,Teziutlán,Tlatlauquitepec,Teteles de Avila Castillo,Otoño-Invierno,Riego,Papa,35.0,35.0,0.0,1347.5,38.5,8975.26,12094162.85
2025,Puebla,Teziutlán,Tlatlauquitepec,Teteles de Avila Castillo,Otoño-Invierno,Temporal,Papa,15.0,12.0,3.0,339.69,28.31,8634.87,2933178.99
2025,Puebla,Teziutlán,Tlatlauquitepec,Tlatlauquitepec,Otoño-Invierno,Riego,Papa,1034.0,1034.0,0.0,38878.4,37.6,8959.53,348332191.2
2025,Puebla,Teziutlán,Tlatlauquitepec,Tlatlauquitepec,Otoño-Invierno,Temporal,Papa,287.0,257.0,30.0,7691.6,29.93,8597.15,66125838.94
2025,Puebla,Teziutlán,Tlatlauquitepec,Tlatlauquitepec,Primavera-Verano,Riego,Papa,400.0,400.0,0.0,12800.0,32.0,8940.49,114438272.0
2025,Puebla,Teziutlán,Tlatlauquitepec,Tlatlauquitepec,Primavera-Verano,Temporal,Papa,1100.0,1100.0,0.0,29000.0,26.36,8500.0,246500000.0
2025,Puebla,Teziutlán,Tlatlauquitepec,Yaonáhuac,Otoño-Invierno,Riego,Papa,52.0,52.0,0.0,2007.2,38.6,9000.0,18064800.0
2025,Puebla,Teziutlán,Tlatlauquitepec,Yaonáhuac,Otoño-Invierno,Temporal,Papa,26.0,26.0,0.0,616.2,23.7,8614.92,5308513.7
2025,Puebla,Teziutlán,Tlatlauquitepec,Zaragoza,Primavera-Verano,Riego,Papa,42.0,42.0,0.0,1300.0,30.95,9684.62,12590006.0
2025,Puebla,Teziutlán,Tlatlauquitepec,Zaragoza,Primavera-Verano,Temporal,Papa,70.0,70.0,0.0,1800.0,25.71,8500.0,15300000.0
2025,Puebla,Libres,Libres,Cuyoaco,Primavera-Verano,Riego,Papa,5.0,5.0,0.0,99.29,19.86,8759.78,869758.5
2025,Puebla,Libres,Libres,Libres,Primavera-Verano,Riego,Papa,14.0,14.0,0.0,278.46,19.89,8860.0,2467155.6
2025,Puebla,Libres,Libres,Oriental,Primavera-Verano,Riego,Papa,3.0,3.0,0.0,56.64,18.88,8580.0,485971.2
2025,Puebla,Libres,Guadalupe Victoria,Chichiquila,Primavera-Verano,Temporal,Papa,210.0,210.0,0.0,4536.0,21.6,10383.2,47098195.2
2025,Puebla,Libres,Guadalupe Victoria,Chilchotla,Otoño-Invierno,Temporal,Papa,13.0,13.0,0.0,257.86,19.84,8669.83,2235602.85
2025,Puebla,Libres,Guadalupe Victoria,Chilchotla,Primavera-Verano,Temporal,Papa,260.0,260.0,0.0,5475.0,21.06,10319.35,56498441.25
2025,Puebla,Libres,Guadalupe Victoria,Guadalupe Victoria,Primavera-Verano,Riego,Papa,435.0,435.0,0.0,10731.45,24.67,9970.1,106993629.7
2025,Puebla,Libres,Guadalupe Victoria,Guadalupe Victoria,Primavera-Verano,Temporal,Papa,175.0,175.0,0.0,3546.0,20.26,10231.18,36279764.28
2025,Puebla,Libres,Guadalupe Victoria,Lafragua,Primavera-Verano,Temporal,Papa,90.0,90.0,0.0,1978.0,21.98,10230.68,20236285.04
2025,Puebla,Libres,Guadalupe Victoria,Quimixtlán,Otoño-Invierno,Temporal,Papa,55.0,55.0,0.0,1240.8,22.56,8260.0,10249008.0
2025,Puebla,Libres,Guadalupe Victoria,Quimixtlán,Primavera-Verano,Temporal,Papa,160.0,160.0,0.0,3726.0,23.29,10312.68,38425045.68
2025,Puebla,Libres,Ciudad Serdán,Atzitzintla,Otoño-Invierno,Temporal,Papa,12.0,12.0,0.0,236.25,19.69,10300.0,2433375.0
2025,Puebla,Libres,Ciudad Serdán,San Nicolás Buenos Aires,Otoño-Invierno,Riego,Papa,6.0,6.0,0.0,159.0,26.5,8669.0,1378371.0
2025,Puebla,Libres,Ciudad Serdán,San Nicolás Buenos Aires,Primavera-Verano,Riego,Papa,57.0,57.0,0.0,1513.92,26.56,10500.0,15896160.0
2025,Puebla,Cholula,Texmelucan,Tlahuapan,Primavera-Verano,Temporal,Papa,14.0,14.0,0.0,300.0,21.43,12100.0,3630000.0
2025,Sinaloa,Los Mochis,El Fuerte,El Fuerte,Otoño-Invierno,Riego,Papa,144.0,144.0,0.0,5332.32,37.03,8692.46,46350978.31
2025,Sinaloa,Los Mochis,El Carrizo,Ahome,Otoño-Invierno,Riego,Papa,794.91,794.91,0.0,21620.0,27.2,7698.18,166434651.6
2025,Sinaloa,Los Mochis,San Blas,El Fuerte,Otoño-Invierno,Riego,Papa,1008.52,1008.52,0.0,35378.89,35.08,8087.89,286140570.6
2025,Sinaloa,Los Mochis,Ahome,Ahome,Otoño-Invierno,Riego,Papa,727.47,727.47,0.0,22573.4,31.03,7776.96,175552428.9
2025,Sinaloa,Los Mochis,Los Mochis,Ahome,Otoño-Invierno,Riego,Papa,8162.03,8162.03,0.0,285671.05,35.0,7935.08,2266822635.0
2025,Sinaloa,Los Mochis,Ruíz Cortinez,Guasave,Otoño-Invierno,Riego,Papa,2846.21,2846.21,0.0,99994.93,35.13,7864.46,786406127.2
2025,Sinaloa,Los Mochis,Ruíz Cortinez,Sinaloa,Otoño-Invierno,Riego,Papa,1785.72,1785.72,0.0,62928.78,35.24,7842.87,493542240.8
2025,Sinaloa,Guasave,La Trinidad,Sinaloa,Otoño-Invierno,Riego,Papa,69.81,69.81,0.0,2722.59,39.0,8213.84,22362918.65
2025,Sinaloa,Guasave,El Burrión,Guasave,Otoño-Invierno,Riego,Papa,1432.0,1432.0,0.0,60860.0,42.5,7440.81,452847696.6
2025,Sinaloa,Guasave,Petatlán,Guasave,Otoño-Invierno,Riego,Papa,216.52,216.52,0.0,8660.0,40.0,8044.8,69667968.0
2025,Sonora,Caborca,Caborca,Caborca,Primavera-Verano,Riego,Papa,1989.79,1989.79,0.0,69642.65,35.0,8000.0,557141200.0
2025,Sonora,Caborca,Caborca,Pitiquito,Primavera-Verano,Riego,Papa,547.19,547.19,0.0,19151.65,35.0,8000.0,153213200.0
2025,Sonora,Caborca,Atil,Altar,Primavera-Verano,Riego,Papa,3354.08,3354.08,0.0,117392.8,35.0,7500.0,880446000.0
2025,Sonora,Magdalena,Santa Ana,Benjamín Hill,Primavera-Verano,Riego,Papa,55.0,55.0,0.0,1650.0,30.0,10000.0,16500000.0
2025,Sonora,Magdalena,Santa Ana,Trincheras,Primavera-Verano,Riego,Papa,546.0,546.0,0.0,16380.0,30.0,10000.0,163800000.0
2025,Sonora,Agua Prieta,Cananea,Naco,Primavera-Verano,Riego,Papa,29.0,29.0,0.0,1000.0,34.48,6757.5,6757500.0
2025,Sonora,Hermosillo,Carbó,Hermosillo,Primavera-Verano,Riego,Papa,210.0,210.0,0.0,7000.0,33.33,9100.0,63700000.0
2025,Sonora,Guaymas,Guaymas D.D.R.,Guaymas,Otoño-Invierno,Riego,Papa,55.0,55.0,0.0,1433.03,26.06,8391.27,12024942.68
2025,Sonora,Cajeme,Cd. Obregón,Cajeme,Otoño-Invierno,Riego,Papa,2973.0,2973.0,0.0,118920.0,40.0,8223.89,977984998.8
2025,Sonora,Cajeme,Villa Juárez,Cajeme,Otoño-Invierno,Riego,Papa,60.0,60.0,0.0,2052.9,34.22,8240.87,16917682.02
2025,Sonora,Cajeme,Villa Juárez,Etchojoa,Otoño-Invierno,Riego,Papa,31.0,31.0,0.0,1056.64,34.09,8269.34,8737716.34
2025,Sonora,Cajeme,Villa Juárez,Navojoa,Otoño-Invierno,Riego,Papa,156.0,156.0,0.0,5244.33,33.62,8336.24,43717993.52
2025,Sonora,Cajeme,Villa Juárez,Benito Juárez,Otoño-Invierno,Riego,Papa,1448.0,1448.0,0.0,60351.0,41.68,8223.28,496283171.3
2025,Sonora,Cajeme,Bácum,Bácum,Otoño-Invierno,Riego,Papa,615.0,615.0,0.0,24600.0,40.0,8515.27,209475642.0
2025,Sonora,Cajeme,Bácum,Cajeme,Otoño-Invierno,Riego,Papa,363.0,363.0,0.0,14520.0,40.0,8600.0,124872000.0
2025,Sonora,Cajeme,Pueblo Yaqui,Bácum,Otoño-Invierno,Riego,Papa,472.0,472.0,0.0,18900.0,40.04,8311.93,157095477.0
2025,Sonora,Cajeme,Pueblo Yaqui,Cajeme,Otoño-Invierno,Riego,Papa,589.0,589.0,0.0,23250.0,39.47,8264.9,192158925.0
2025,Sonora,Cajeme,Vicam,Guaymas,Otoño-Invierno,Riego,Papa,230.0,230.0,0.0,9200.0,40.0,8558.85,78741420.0
2025,Sonora,Navojoa,Navojoa,Navojoa,Otoño-Invierno,Riego,Papa,2157.0,2157.0,0.0,86301.57,40.01,8829.37,761988493.1
2025,Sonora,Navojoa,Etchojoa,Etchojoa,Otoño-Invierno,Riego,Papa,1183.0,1183.0,0.0,32319.56,27.32,8363.73,270312073.6
2025,Sonora,Navojoa,Huatabampo,Huatabampo,Otoño-Invierno,Riego,Papa,2098.0,2098.0,0.0,57312.93,27.32,8741.12,500979198.7
2025,Tlaxcala,Calpulalpan,Hueyotlipan,Hueyotlipan,Primavera-Verano,Temporal,Papa,5.0,5.0,0.0,90.0,18.0,8000.0,720000.0
2025,Tlaxcala,Calpulalpan,Tlaxco,Atlangatepec,Primavera-Verano,Temporal,Papa,20.0,20.0,0.0,378.8,18.94,9230.5,3496513.4
2025,Tlaxcala,Calpulalpan,Tlaxco,Tlaxco,Primavera-Verano,Temporal,Papa,225.0,225.0,0.0,4725.0,21.0,9301.67,43950390.75
2025,Tlaxcala,Huamantla,Huamantla,Huamantla,Primavera-Verano,Riego,Papa,7.5,7.5,0.0,251.76,33.57,6019.91,1515572.63
2025,Tlaxcala,Huamantla,Cuapiaxtla,Atltzayanca,Primavera-Verano,Riego,Papa,5.0,5.0,0.0,183.74,36.75,5340.0,981171.6
2025,Tlaxcala,Huamantla,Cuapiaxtla,Atltzayanca,Primavera-Verano,Temporal,Papa,21.0,21.0,0.0,374.95,17.85,8000.0,2999600.0
2025,Tlaxcala,Huamantla,Cuapiaxtla,Cuapiaxtla,Primavera-Verano,Riego,Papa,12.0,12.0,0.0,439.23,36.6,5550.0,2437726.5
2025,Tlaxcala,Huamantla,Teometitlán/Velazco,Terrenate,Primavera-Verano,Temporal,Papa,50.0,50.0,0.0,1023.88,20.48,7095.93,7265376.05
2025,Tlaxcala,Huamantla,Teometitlán/Velazco,Emiliano Zapata,Primavera-Verano,Temporal,Papa,35.0,35.0,0.0,716.71,20.48,7083.27,5076653.82
2025,Veracruz,Huayacocotla,Huayacocotla,Huayacocotla,Primavera-Verano,Temporal,Papa,20.4,20.4,0.0,224.4,11.0,7200.0,1615680.0
2025,Veracruz,Martínez de la Torre,Martínez de La Torre,Atzalan,Otoño-Invierno,Temporal,Papa,75.0,75.0,0.0,1761.0,23.48,9060.0,15954660.01
2025,Veracruz,Coatepec,Coatepec,Coatepec,Otoño-Invierno,Temporal,Papa,70.0,70.0,0.0,1127.0,16.1,9530.0,10740310.0
2025,Veracruz,Coatepec,Coatepec,Xico,Otoño-Invierno,Temporal,Papa,95.0,95.0,0.0,1387.0,14.6,9315.0,12919905.0
2025,Veracruz,Coatepec,Coatepec,Xico,Primavera-Verano,Temporal,Papa,53.0,53.0,0.0,699.6,13.2,12000.0,8395200.0
2025,Veracruz,Coatepec,Coatepec,Tlalnelhuayocan,Otoño-Invierno,Temporal,Papa,80.0,80.0,0.0,1128.0,14.1,9065.0,10225320.0
2025,Veracruz,Coatepec,Perote,Altotonga,Primavera-Verano,Riego,Papa,242.0,242.0,0.0,10572.98,43.69,8261.46,87348251.35
2025,Veracruz,Coatepec,Perote,Altotonga,Primavera-Verano,Temporal,Papa,68.0,68.0,0.0,1999.88,29.41,8294.89,16588784.61
2025,Veracruz,Coatepec,Perote,Ayahualulco,Otoño-Invierno,Temporal,Papa,35.0,35.0,0.0,626.5,17.9,8318.89,5211784.59
2025,Veracruz,Coatepec,Perote,Ayahualulco,Primavera-Verano,Temporal,Papa,570.0,570.0,0.0,15703.5,27.55,8400.59,131918665.1
2025,Veracruz,Coatepec,Perote,Ixhuacán de Los Reyes,Otoño-Invierno,Temporal,Papa,42.0,42.0,0.0,634.2,15.1,9015.0,5717313.0
2025,Veracruz,Coatepec,Perote,Jalacingo,Primavera-Verano,Riego,Papa,585.0,585.0,0.0,25476.75,43.55,8340.68,212493419.2
2025,Veracruz,Coatepec,Perote,Jalacingo,Primavera-Verano,Temporal,Papa,458.0,458.0,0.0,13991.9,30.55,8423.14,117855732.6
2025,Veracruz,Coatepec,Perote,Perote,Otoño-Invierno,Temporal,Papa,85.0,85.0,0.0,1411.0,16.6,9015.92,12721463.12
2025,Veracruz,Coatepec,Perote,Perote,Primavera-Verano,Riego,Papa,575.0,575.0,0.0,24667.5,42.9,8233.04,203088514.2
2025,Veracruz,Coatepec,Perote,Perote,Primavera-Verano,Temporal,Papa,169.0,169.0,0.0,4613.7,27.3,8241.88,38025561.76
2025,Veracruz,Coatepec,Perote,Las Vigas de Ramírez,Primavera-Verano,Temporal,Papa,98.0,98.0,0.0,2843.96,29.02,8426.59,23964884.9
2025,Veracruz,Coatepec,Perote,Villa Aldama,Primavera-Verano,Riego,Papa,82.62,82.62,0.0,3453.52,41.8,8149.37,28144012.28
2025,Veracruz,Coatepec,Perote,Villa Aldama,Primavera-Verano,Temporal,Papa,178.0,178.0,0.0,5001.8,28.1,8181.14,40920426.05
2025,Veracruz,Coatepec,Naolinco,Acajete,Otoño-Invierno,Temporal,Papa,24.0,24.0,0.0,256.8,10.7,8750.0,2247000.0
2025,Veracruz,Coatepec,Naolinco,Coacoatzintla,Otoño-Invierno,Temporal,Papa,73.0,73.0,0.0,883.3,12.1,9065.0,8007114.5
2025,Veracruz,Coatepec,Naolinco,Miahuatlán,Otoño-Invierno,Temporal,Papa,19.0,19.0,0.0,191.9,10.1,9074.0,1741300.6
2025,Veracruz,Coatepec,Naolinco,Naolinco,Otoño-Invierno,Temporal,Papa,36.0,36.0,0.0,345.6,9.6,9068.0,3133900.8
2025,Veracruz,Coatepec,Naolinco,Rafael Lucio,Otoño-Invierno,Temporal,Papa,75.0,75.0,0.0,757.5,10.1,9070.0,6870525.0
2025,Veracruz,Coatepec,Naolinco,Tlacolulan,Otoño-Invierno,Temporal,Papa,18.0,18.0,0.0,199.8,11.1,9060.0,1810188.0
2025,Veracruz,Coatepec,Naolinco,Tonayán,Otoño-Invierno,Temporal,Papa,45.0,45.0,0.0,585.0,13.0,9065.0,5303025.0
2025,Veracruz,Fortín,Acultzingo,Mariano Escobedo,Otoño-Invierno,Temporal,Papa,350.0,350.0,0.0,3545.5,10.13,7322.56,25962136.48
2025,Veracruz,Fortín,Acultzingo,Mariano Escobedo,Primavera-Verano,Temporal,Papa,293.0,293.0,0.0,3891.04,13.28,7612.9,29622098.42
2025,Veracruz,Fortín,Acultzingo,La Perla,Otoño-Invierno,Temporal,Papa,333.0,333.0,0.0,3386.61,10.17,7282.0,24661294.02
2025,Veracruz,Fortín,Acultzingo,La Perla,Primavera-Verano,Temporal,Papa,399.0,399.0,0.0,4432.89,11.11,7710.9,34181571.5
2025,Veracruz,Fortín,Huatusco,Alpatláhuac,Otoño-Invierno,Temporal,Papa,105.0,105.0,0.0,963.9,9.18,7400.0,7132860.0
2025,Veracruz,Fortín,Huatusco,Alpatláhuac,Primavera-Verano,Temporal,Papa,54.66,54.66,0.0,552.61,10.11,9000.0,4973490.0
2025,Veracruz,Fortín,Huatusco,Calcahualco,Otoño-Invierno,Temporal,Papa,142.0,142.0,0.0,1302.14,9.17,7256.0,9448327.84
2025,Veracruz,Fortín,Huatusco,Calcahualco,Primavera-Verano,Temporal,Papa,64.65,64.65,0.0,655.55,10.14,9000.0,5899950.0
2025,Veracruz,Fortín,Huatusco,Coscomatepec,Otoño-Invierno,Temporal,Papa,342.0,342.0,0.0,3160.08,9.24,7406.0,23403552.48
2025,Veracruz,Fortín,Huatusco,Coscomatepec,Primavera-Verano,Temporal,Papa,81.65,81.65,0.0,838.55,10.27,9000.0,7546950.0
2025,Zacatecas,Zacatecas,Villa de Cos,Pánuco,Primavera-Verano,Riego,Papa,237.84,237.84,0.0,10624.31,44.67,7635.14,81118094.25
2025,Zacatecas,Zacatecas,Villa de Cos,Villa de Cos,Primavera-Verano,Riego,Papa,390.05,390.05,0.0,16643.43,42.67,7636.31,127094390.9
2025,Zacatecas,Jalpa,Nochistlán,Nochistlán de Mejía,Primavera-Verano,Riego,Papa,3.0,3.0,0.0,66.15,22.05,7000.0,463050.0
